variable_id,variable_domain,variable_name,preferred_source_declared_in_ontology,primary_source_ids,secondary_source_ids,primary_source_data_types,access_classes,acquisition_phase,timing_requirement,sensitivity,linkage_note
BIO-001,Biological/physical,Age at index presentation,EHR / participant,DS004;DS018;DS020,DS007;DS008,"GP diagnoses; symptoms; prescriptions; tests; referrals; demographics; HES; deaths | Development, family, mental health, education, peers, social context; linked/genetic modules | Development, mental health, family, biology, genetics, questionnaires, clinics",MIXED_ACCESS;RESTRICTED_COHORT;RESTRICTED_TRE,PHASE_1_OR_2,Baseline,Medium,Candidate source mapping only; verify field-level availability and construct validity before application.
BIO-002,Biological/physical,Sex recorded at birth,birth/EHR record,DS004;DS018;DS020,DS007;DS008,"GP diagnoses; symptoms; prescriptions; tests; referrals; demographics; HES; deaths | Development, family, mental health, education, peers, social context; linked/genetic modules | Development, mental health, family, biology, genetics, questionnaires, clinics",MIXED_ACCESS;RESTRICTED_COHORT;RESTRICTED_TRE,PHASE_1_OR_2,Baseline,Medium,Candidate source mapping only; verify field-level availability and construct validity before application.
BIO-003,Biological/physical,Pubertal stage,paediatric/endocrine record,DS004;DS018;DS020,DS007;DS008,"GP diagnoses; symptoms; prescriptions; tests; referrals; demographics; HES; deaths | Development, family, mental health, education, peers, social context; linked/genetic modules | Development, mental health, family, biology, genetics, questionnaires, clinics",MIXED_ACCESS;RESTRICTED_COHORT;RESTRICTED_TRE,PHASE_1_OR_2,Repeated,Medium,Candidate source mapping only; verify field-level availability and construct validity before application.
BIO-004,Biological/physical,Age at puberty onset,clinical/participant,DS004;DS018;DS020,DS007;DS008,"GP diagnoses; symptoms; prescriptions; tests; referrals; demographics; HES; deaths | Development, family, mental health, education, peers, social context; linked/genetic modules | Development, mental health, family, biology, genetics, questionnaires, clinics",MIXED_ACCESS;RESTRICTED_COHORT;RESTRICTED_TRE,PHASE_1_OR_2,Historical,Medium,Candidate source mapping only; verify field-level availability and construct validity before application.
BIO-005,Biological/physical,Age at menarche where applicable,clinical/participant,DS004;DS018;DS020,DS007;DS008,"GP diagnoses; symptoms; prescriptions; tests; referrals; demographics; HES; deaths | Development, family, mental health, education, peers, social context; linked/genetic modules | Development, mental health, family, biology, genetics, questionnaires, clinics",MIXED_ACCESS;RESTRICTED_COHORT;RESTRICTED_TRE,PHASE_1_OR_2,Historical,Medium,Candidate source mapping only; verify field-level availability and construct validity before application.
BIO-006,Biological/physical,Secondary sex-characteristic development timing,clinical/participant,DS004;DS018;DS020,DS007;DS008,"GP diagnoses; symptoms; prescriptions; tests; referrals; demographics; HES; deaths | Development, family, mental health, education, peers, social context; linked/genetic modules | Development, mental health, family, biology, genetics, questionnaires, clinics",MIXED_ACCESS;RESTRICTED_COHORT;RESTRICTED_TRE,PHASE_1_OR_2,Historical,Medium,Candidate source mapping only; verify field-level availability and construct validity before application.
BIO-007,Biological/physical,Differences of sex development diagnosis,specialist record,DS004;DS018;DS020,DS007;DS008,"GP diagnoses; symptoms; prescriptions; tests; referrals; demographics; HES; deaths | Development, family, mental health, education, peers, social context; linked/genetic modules | Development, mental health, family, biology, genetics, questionnaires, clinics",MIXED_ACCESS;RESTRICTED_COHORT;RESTRICTED_TRE,PHASE_1_OR_2,Baseline,Medium,Candidate source mapping only; verify field-level availability and construct validity before application.
BIO-008,Biological/physical,Endocrine disorder history,EHR,DS004;DS018;DS020,DS007;DS008,"GP diagnoses; symptoms; prescriptions; tests; referrals; demographics; HES; deaths | Development, family, mental health, education, peers, social context; linked/genetic modules | Development, mental health, family, biology, genetics, questionnaires, clinics",MIXED_ACCESS;RESTRICTED_COHORT;RESTRICTED_TRE,PHASE_1_OR_2,Baseline,Medium,Candidate source mapping only; verify field-level availability and construct validity before application.
BIO-009,Biological/physical,Thyroid function trajectory,laboratory,DS004;DS018;DS020,DS007;DS008,"GP diagnoses; symptoms; prescriptions; tests; referrals; demographics; HES; deaths | Development, family, mental health, education, peers, social context; linked/genetic modules | Development, mental health, family, biology, genetics, questionnaires, clinics",MIXED_ACCESS;RESTRICTED_COHORT;RESTRICTED_TRE,PHASE_1_OR_2,Repeated,Medium,Candidate source mapping only; verify field-level availability and construct validity before application.
BIO-010,Biological/physical,Sex-steroid laboratory values where clinically obtained,laboratory,DS004;DS018;DS020,DS007;DS008,"GP diagnoses; symptoms; prescriptions; tests; referrals; demographics; HES; deaths | Development, family, mental health, education, peers, social context; linked/genetic modules | Development, mental health, family, biology, genetics, questionnaires, clinics",MIXED_ACCESS;RESTRICTED_COHORT;RESTRICTED_TRE,PHASE_1_OR_2,Repeated,Medium,Candidate source mapping only; verify field-level availability and construct validity before application.
BIO-011,Biological/physical,BMI/weight trajectory,EHR,DS004;DS018;DS020,DS007;DS008,"GP diagnoses; symptoms; prescriptions; tests; referrals; demographics; HES; deaths | Development, family, mental health, education, peers, social context; linked/genetic modules | Development, mental health, family, biology, genetics, questionnaires, clinics",MIXED_ACCESS;RESTRICTED_COHORT;RESTRICTED_TRE,PHASE_1_OR_2,Repeated,Medium,Candidate source mapping only; verify field-level availability and construct validity before application.
BIO-012,Biological/physical,Chronic physical illness burden,EHR,DS004;DS018;DS020,DS007;DS008,"GP diagnoses; symptoms; prescriptions; tests; referrals; demographics; HES; deaths | Development, family, mental health, education, peers, social context; linked/genetic modules | Development, mental health, family, biology, genetics, questionnaires, clinics",MIXED_ACCESS;RESTRICTED_COHORT;RESTRICTED_TRE,PHASE_1_OR_2,Repeated,Medium,Candidate source mapping only; verify field-level availability and construct validity before application.
BIO-013,Biological/physical,Disability/functional limitation,EHR/PRO,DS004;DS018;DS020,DS007;DS008,"GP diagnoses; symptoms; prescriptions; tests; referrals; demographics; HES; deaths | Development, family, mental health, education, peers, social context; linked/genetic modules | Development, mental health, family, biology, genetics, questionnaires, clinics",MIXED_ACCESS;RESTRICTED_COHORT;RESTRICTED_TRE,PHASE_1_OR_2,Repeated,Medium,Candidate source mapping only; verify field-level availability and construct validity before application.
BIO-014,Biological/physical,Pain burden,EHR/PRO,DS004;DS018;DS020,DS007;DS008,"GP diagnoses; symptoms; prescriptions; tests; referrals; demographics; HES; deaths | Development, family, mental health, education, peers, social context; linked/genetic modules | Development, mental health, family, biology, genetics, questionnaires, clinics",MIXED_ACCESS;RESTRICTED_COHORT;RESTRICTED_TRE,PHASE_1_OR_2,Repeated,Medium,Candidate source mapping only; verify field-level availability and construct validity before application.
BIO-015,Biological/physical,Sleep duration/quality,device/PRO,DS004;DS018;DS020,DS007;DS008,"GP diagnoses; symptoms; prescriptions; tests; referrals; demographics; HES; deaths | Development, family, mental health, education, peers, social context; linked/genetic modules | Development, mental health, family, biology, genetics, questionnaires, clinics",MIXED_ACCESS;RESTRICTED_COHORT;RESTRICTED_TRE,PHASE_1_OR_2,Repeated,Medium,Candidate source mapping only; verify field-level availability and construct validity before application.
BIO-016,Biological/physical,Physical activity,device/PRO,DS004;DS018;DS020,DS007;DS008,"GP diagnoses; symptoms; prescriptions; tests; referrals; demographics; HES; deaths | Development, family, mental health, education, peers, social context; linked/genetic modules | Development, mental health, family, biology, genetics, questionnaires, clinics",MIXED_ACCESS;RESTRICTED_COHORT;RESTRICTED_TRE,PHASE_1_OR_2,Repeated,Medium,Candidate source mapping only; verify field-level availability and construct validity before application.
BIO-017,Biological/physical,Substance use exposure,EHR/PRO,DS004;DS018;DS020,DS007;DS008,"GP diagnoses; symptoms; prescriptions; tests; referrals; demographics; HES; deaths | Development, family, mental health, education, peers, social context; linked/genetic modules | Development, mental health, family, biology, genetics, questionnaires, clinics",MIXED_ACCESS;RESTRICTED_COHORT;RESTRICTED_TRE,PHASE_1_OR_2,Repeated,Medium,Candidate source mapping only; verify field-level availability and construct validity before application.
BIO-018,Biological/physical,Medication affecting endocrine/psychiatric state,EHR,DS004;DS018;DS020,DS007;DS008,"GP diagnoses; symptoms; prescriptions; tests; referrals; demographics; HES; deaths | Development, family, mental health, education, peers, social context; linked/genetic modules | Development, mental health, family, biology, genetics, questionnaires, clinics",MIXED_ACCESS;RESTRICTED_COHORT;RESTRICTED_TRE,PHASE_1_OR_2,Repeated,Medium,Candidate source mapping only; verify field-level availability and construct validity before application.
GEN-001,Genomic/family biology,Genomic ancestry principal components,genomic pipeline,DS009;DS008,DS007;DS020,Whole genomes; phenotypes; longitudinal clinical data; linked HES/mental health | Genetics; imaging; biomarkers; lifestyle; linked health records,RESTRICTED_COHORT;RESTRICTED_TRE,PHASE_3,Baseline,High,Candidate source mapping only; verify field-level availability and construct validity before application.
GEN-002,Genomic/family biology,Genome build and sequencing method,laboratory,DS009;DS008,DS007;DS020,Whole genomes; phenotypes; longitudinal clinical data; linked HES/mental health | Genetics; imaging; biomarkers; lifestyle; linked health records,RESTRICTED_COHORT;RESTRICTED_TRE,PHASE_3,Baseline,High,Candidate source mapping only; verify field-level availability and construct validity before application.
GEN-003,Genomic/family biology,Sequence quality metrics,laboratory,DS009;DS008,DS007;DS020,Whole genomes; phenotypes; longitudinal clinical data; linked HES/mental health | Genetics; imaging; biomarkers; lifestyle; linked health records,RESTRICTED_COHORT;RESTRICTED_TRE,PHASE_3,Baseline,High,Candidate source mapping only; verify field-level availability and construct validity before application.
GEN-004,Genomic/family biology,Established pathogenic variants relevant to independent diagnoses,clinical genomics,DS009;DS008,DS007;DS020,Whole genomes; phenotypes; longitudinal clinical data; linked HES/mental health | Genetics; imaging; biomarkers; lifestyle; linked health records,RESTRICTED_COHORT;RESTRICTED_TRE,PHASE_3,Baseline,High,Candidate source mapping only; verify field-level availability and construct validity before application.
GEN-005,Genomic/family biology,Neurodevelopmental genetic diagnosis,clinical genomics,DS009;DS008,DS007;DS020,Whole genomes; phenotypes; longitudinal clinical data; linked HES/mental health | Genetics; imaging; biomarkers; lifestyle; linked health records,RESTRICTED_COHORT;RESTRICTED_TRE,PHASE_3,Baseline,High,Candidate source mapping only; verify field-level availability and construct validity before application.
GEN-006,Genomic/family biology,Family psychiatric history,participant/EHR,DS009;DS008,DS007;DS020,Whole genomes; phenotypes; longitudinal clinical data; linked HES/mental health | Genetics; imaging; biomarkers; lifestyle; linked health records,RESTRICTED_COHORT;RESTRICTED_TRE,PHASE_3,Baseline,High,Candidate source mapping only; verify field-level availability and construct validity before application.
GEN-007,Genomic/family biology,Family neurodevelopmental history,participant/EHR,DS009;DS008,DS007;DS020,Whole genomes; phenotypes; longitudinal clinical data; linked HES/mental health | Genetics; imaging; biomarkers; lifestyle; linked health records,RESTRICTED_COHORT;RESTRICTED_TRE,PHASE_3,Baseline,High,Candidate source mapping only; verify field-level availability and construct validity before application.
GEN-008,Genomic/family biology,Family gender-diversity history,participant,DS009;DS008,DS007;DS020,Whole genomes; phenotypes; longitudinal clinical data; linked HES/mental health | Genetics; imaging; biomarkers; lifestyle; linked health records,RESTRICTED_COHORT;RESTRICTED_TRE,PHASE_3,Baseline,High,Candidate source mapping only; verify field-level availability and construct validity before application.
GEN-009,Genomic/family biology,Twin/sibling relationship structure,participant/genomics,DS009;DS008,DS007;DS020,Whole genomes; phenotypes; longitudinal clinical data; linked HES/mental health | Genetics; imaging; biomarkers; lifestyle; linked health records,RESTRICTED_COHORT;RESTRICTED_TRE,PHASE_3,Baseline,High,Candidate source mapping only; verify field-level availability and construct validity before application.
GEN-010,Genomic/family biology,Parent-child inheritance status of clinically relevant variants,clinical genomics,DS009;DS008,DS007;DS020,Whole genomes; phenotypes; longitudinal clinical data; linked HES/mental health | Genetics; imaging; biomarkers; lifestyle; linked health records,RESTRICTED_COHORT;RESTRICTED_TRE,PHASE_3,Baseline,High,Candidate source mapping only; verify field-level availability and construct validity before application.
GEN-011,Genomic/family biology,Polygenic score research metadata,research genomics,DS009;DS008,DS007;DS020,Whole genomes; phenotypes; longitudinal clinical data; linked HES/mental health | Genetics; imaging; biomarkers; lifestyle; linked health records,RESTRICTED_COHORT;RESTRICTED_TRE,PHASE_3,Baseline,High,Candidate source mapping only; verify field-level availability and construct validity before application.
GEN-012,Genomic/family biology,Gene-environment interaction candidate,derived,DS009;DS008,DS007;DS020,Whole genomes; phenotypes; longitudinal clinical data; linked HES/mental health | Genetics; imaging; biomarkers; lifestyle; linked health records,RESTRICTED_COHORT;RESTRICTED_TRE,PHASE_3,Analysis,High,Candidate source mapping only; verify field-level availability and construct validity before application.
DEV-001,Developmental,Early temperament,parent/participant,DS018;DS020;DS021,DS004;DS019,"Development, family, mental health, education, peers, social context; linked/genetic modules | Development, mental health, family, biology, genetics, questionnaires, clinics | Health, development, education, family, environment, linked records",MIXED_ACCESS;RESTRICTED_COHORT;RESTRICTED_TRE,PHASE_1_OR_2,Historical,Medium,Candidate source mapping only; verify field-level availability and construct validity before application.
DEV-002,Developmental,Language developmental milestones,paediatric record,DS018;DS020;DS021,DS004;DS019,"Development, family, mental health, education, peers, social context; linked/genetic modules | Development, mental health, family, biology, genetics, questionnaires, clinics | Health, development, education, family, environment, linked records",MIXED_ACCESS;RESTRICTED_COHORT;RESTRICTED_TRE,PHASE_1_OR_2,Historical,Medium,Candidate source mapping only; verify field-level availability and construct validity before application.
DEV-003,Developmental,Social developmental milestones,paediatric record,DS018;DS020;DS021,DS004;DS019,"Development, family, mental health, education, peers, social context; linked/genetic modules | Development, mental health, family, biology, genetics, questionnaires, clinics | Health, development, education, family, environment, linked records",MIXED_ACCESS;RESTRICTED_COHORT;RESTRICTED_TRE,PHASE_1_OR_2,Historical,Medium,Candidate source mapping only; verify field-level availability and construct validity before application.
DEV-004,Developmental,Early gender-related behaviours,participant/parent,DS018;DS020;DS021,DS004;DS019,"Development, family, mental health, education, peers, social context; linked/genetic modules | Development, mental health, family, biology, genetics, questionnaires, clinics | Health, development, education, family, environment, linked records",MIXED_ACCESS;RESTRICTED_COHORT;RESTRICTED_TRE,PHASE_1_OR_2,Historical,Medium,Candidate source mapping only; verify field-level availability and construct validity before application.
DEV-005,Developmental,Age at first gender-related distress,participant/EHR,DS018;DS020;DS021,DS004;DS019,"Development, family, mental health, education, peers, social context; linked/genetic modules | Development, mental health, family, biology, genetics, questionnaires, clinics | Health, development, education, family, environment, linked records",MIXED_ACCESS;RESTRICTED_COHORT;RESTRICTED_TRE,PHASE_1_OR_2,Historical,Medium,Candidate source mapping only; verify field-level availability and construct validity before application.
DEV-006,Developmental,Age at first body-related distress,participant/EHR,DS018;DS020;DS021,DS004;DS019,"Development, family, mental health, education, peers, social context; linked/genetic modules | Development, mental health, family, biology, genetics, questionnaires, clinics | Health, development, education, family, environment, linked records",MIXED_ACCESS;RESTRICTED_COHORT;RESTRICTED_TRE,PHASE_1_OR_2,Historical,Medium,Candidate source mapping only; verify field-level availability and construct validity before application.
DEV-007,Developmental,Age at first gender-related identity label,participant/digital,DS018;DS020;DS021,DS004;DS019,"Development, family, mental health, education, peers, social context; linked/genetic modules | Development, mental health, family, biology, genetics, questionnaires, clinics | Health, development, education, family, environment, linked records",MIXED_ACCESS;RESTRICTED_COHORT;RESTRICTED_TRE,PHASE_1_OR_2,Historical,Medium,Candidate source mapping only; verify field-level availability and construct validity before application.
DEV-008,Developmental,Age at first disclosure,participant/EHR,DS018;DS020;DS021,DS004;DS019,"Development, family, mental health, education, peers, social context; linked/genetic modules | Development, mental health, family, biology, genetics, questionnaires, clinics | Health, development, education, family, environment, linked records",MIXED_ACCESS;RESTRICTED_COHORT;RESTRICTED_TRE,PHASE_1_OR_2,Historical,Medium,Candidate source mapping only; verify field-level availability and construct validity before application.
DEV-009,Developmental,Puberty-to-distress interval,derived,DS018;DS020;DS021,DS004;DS019,"Development, family, mental health, education, peers, social context; linked/genetic modules | Development, mental health, family, biology, genetics, questionnaires, clinics | Health, development, education, family, environment, linked records",MIXED_ACCESS;RESTRICTED_COHORT;RESTRICTED_TRE,PHASE_1_OR_2,Analysis,Medium,Candidate source mapping only; verify field-level availability and construct validity before application.
DEV-010,Developmental,School transition timing,education record,DS018;DS020;DS021,DS004;DS019,"Development, family, mental health, education, peers, social context; linked/genetic modules | Development, mental health, family, biology, genetics, questionnaires, clinics | Health, development, education, family, environment, linked records",MIXED_ACCESS;RESTRICTED_COHORT;RESTRICTED_TRE,PHASE_1_OR_2,Repeated,Medium,Candidate source mapping only; verify field-level availability and construct validity before application.
DEV-011,Developmental,Family transition timing,participant,DS018;DS020;DS021,DS004;DS019,"Development, family, mental health, education, peers, social context; linked/genetic modules | Development, mental health, family, biology, genetics, questionnaires, clinics | Health, development, education, family, environment, linked records",MIXED_ACCESS;RESTRICTED_COHORT;RESTRICTED_TRE,PHASE_1_OR_2,Repeated,Medium,Candidate source mapping only; verify field-level availability and construct validity before application.
DEV-012,Developmental,Major bereavement timing,participant/EHR,DS018;DS020;DS021,DS004;DS019,"Development, family, mental health, education, peers, social context; linked/genetic modules | Development, mental health, family, biology, genetics, questionnaires, clinics | Health, development, education, family, environment, linked records",MIXED_ACCESS;RESTRICTED_COHORT;RESTRICTED_TRE,PHASE_1_OR_2,Repeated,Medium,Candidate source mapping only; verify field-level availability and construct validity before application.
DEV-013,Developmental,Identity exploration breadth,PRO/digital,DS018;DS020;DS021,DS004;DS019,"Development, family, mental health, education, peers, social context; linked/genetic modules | Development, mental health, family, biology, genetics, questionnaires, clinics | Health, development, education, family, environment, linked records",MIXED_ACCESS;RESTRICTED_COHORT;RESTRICTED_TRE,PHASE_1_OR_2,Repeated,Medium,Candidate source mapping only; verify field-level availability and construct validity before application.
DEV-014,Developmental,Self-concept clarity,PRO,DS018;DS020;DS021,DS004;DS019,"Development, family, mental health, education, peers, social context; linked/genetic modules | Development, mental health, family, biology, genetics, questionnaires, clinics | Health, development, education, family, environment, linked records",MIXED_ACCESS;RESTRICTED_COHORT;RESTRICTED_TRE,PHASE_1_OR_2,Repeated,Medium,Candidate source mapping only; verify field-level availability and construct validity before application.
ND-001,Neurodevelopmental,Autism diagnosis,EHR,DS003;DS004;DS018,DS020;DS021,"Patient-level contacts; diagnoses; care events; children/adults; autism/LD services | GP diagnoses; symptoms; prescriptions; tests; referrals; demographics; HES; deaths | Development, family, mental health, education, peers, social context; linked/genetic modules",MIXED_ACCESS;RESTRICTED_COHORT;RESTRICTED_TRE,PHASE_1_OR_2,Baseline,Medium,Candidate source mapping only; verify field-level availability and construct validity before application.
ND-002,Neurodevelopmental,Autism assessment instrument and score,EHR,DS003;DS004;DS018,DS020;DS021,"Patient-level contacts; diagnoses; care events; children/adults; autism/LD services | GP diagnoses; symptoms; prescriptions; tests; referrals; demographics; HES; deaths | Development, family, mental health, education, peers, social context; linked/genetic modules",MIXED_ACCESS;RESTRICTED_COHORT;RESTRICTED_TRE,PHASE_1_OR_2,Baseline,Medium,Candidate source mapping only; verify field-level availability and construct validity before application.
ND-003,Neurodevelopmental,ADHD diagnosis,EHR,DS003;DS004;DS018,DS020;DS021,"Patient-level contacts; diagnoses; care events; children/adults; autism/LD services | GP diagnoses; symptoms; prescriptions; tests; referrals; demographics; HES; deaths | Development, family, mental health, education, peers, social context; linked/genetic modules",MIXED_ACCESS;RESTRICTED_COHORT;RESTRICTED_TRE,PHASE_1_OR_2,Baseline,Medium,Candidate source mapping only; verify field-level availability and construct validity before application.
ND-004,Neurodevelopmental,ADHD symptom severity,EHR/PRO,DS003;DS004;DS018,DS020;DS021,"Patient-level contacts; diagnoses; care events; children/adults; autism/LD services | GP diagnoses; symptoms; prescriptions; tests; referrals; demographics; HES; deaths | Development, family, mental health, education, peers, social context; linked/genetic modules",MIXED_ACCESS;RESTRICTED_COHORT;RESTRICTED_TRE,PHASE_1_OR_2,Repeated,Medium,Candidate source mapping only; verify field-level availability and construct validity before application.
ND-005,Neurodevelopmental,Learning disability,EHR,DS003;DS004;DS018,DS020;DS021,"Patient-level contacts; diagnoses; care events; children/adults; autism/LD services | GP diagnoses; symptoms; prescriptions; tests; referrals; demographics; HES; deaths | Development, family, mental health, education, peers, social context; linked/genetic modules",MIXED_ACCESS;RESTRICTED_COHORT;RESTRICTED_TRE,PHASE_1_OR_2,Baseline,Medium,Candidate source mapping only; verify field-level availability and construct validity before application.
ND-006,Neurodevelopmental,Intellectual disability,EHR,DS003;DS004;DS018,DS020;DS021,"Patient-level contacts; diagnoses; care events; children/adults; autism/LD services | GP diagnoses; symptoms; prescriptions; tests; referrals; demographics; HES; deaths | Development, family, mental health, education, peers, social context; linked/genetic modules",MIXED_ACCESS;RESTRICTED_COHORT;RESTRICTED_TRE,PHASE_1_OR_2,Baseline,Medium,Candidate source mapping only; verify field-level availability and construct validity before application.
ND-007,Neurodevelopmental,Specific learning difficulty,EHR,DS003;DS004;DS018,DS020;DS021,"Patient-level contacts; diagnoses; care events; children/adults; autism/LD services | GP diagnoses; symptoms; prescriptions; tests; referrals; demographics; HES; deaths | Development, family, mental health, education, peers, social context; linked/genetic modules",MIXED_ACCESS;RESTRICTED_COHORT;RESTRICTED_TRE,PHASE_1_OR_2,Baseline,Medium,Candidate source mapping only; verify field-level availability and construct validity before application.
ND-008,Neurodevelopmental,Sensory sensitivity,PRO,DS003;DS004;DS018,DS020;DS021,"Patient-level contacts; diagnoses; care events; children/adults; autism/LD services | GP diagnoses; symptoms; prescriptions; tests; referrals; demographics; HES; deaths | Development, family, mental health, education, peers, social context; linked/genetic modules",MIXED_ACCESS;RESTRICTED_COHORT;RESTRICTED_TRE,PHASE_1_OR_2,Repeated,Medium,Candidate source mapping only; verify field-level availability and construct validity before application.
ND-009,Neurodevelopmental,Cognitive flexibility,research,DS003;DS004;DS018,DS020;DS021,"Patient-level contacts; diagnoses; care events; children/adults; autism/LD services | GP diagnoses; symptoms; prescriptions; tests; referrals; demographics; HES; deaths | Development, family, mental health, education, peers, social context; linked/genetic modules",MIXED_ACCESS;RESTRICTED_COHORT;RESTRICTED_TRE,PHASE_1_OR_2,Repeated,Medium,Candidate source mapping only; verify field-level availability and construct validity before application.
ND-010,Neurodevelopmental,Executive function,research,DS003;DS004;DS018,DS020;DS021,"Patient-level contacts; diagnoses; care events; children/adults; autism/LD services | GP diagnoses; symptoms; prescriptions; tests; referrals; demographics; HES; deaths | Development, family, mental health, education, peers, social context; linked/genetic modules",MIXED_ACCESS;RESTRICTED_COHORT;RESTRICTED_TRE,PHASE_1_OR_2,Repeated,Medium,Candidate source mapping only; verify field-level availability and construct validity before application.
ND-011,Neurodevelopmental,Social communication,research/EHR,DS003;DS004;DS018,DS020;DS021,"Patient-level contacts; diagnoses; care events; children/adults; autism/LD services | GP diagnoses; symptoms; prescriptions; tests; referrals; demographics; HES; deaths | Development, family, mental health, education, peers, social context; linked/genetic modules",MIXED_ACCESS;RESTRICTED_COHORT;RESTRICTED_TRE,PHASE_1_OR_2,Repeated,Medium,Candidate source mapping only; verify field-level availability and construct validity before application.
ND-012,Neurodevelopmental,Restricted/repetitive interests,research/EHR,DS003;DS004;DS018,DS020;DS021,"Patient-level contacts; diagnoses; care events; children/adults; autism/LD services | GP diagnoses; symptoms; prescriptions; tests; referrals; demographics; HES; deaths | Development, family, mental health, education, peers, social context; linked/genetic modules",MIXED_ACCESS;RESTRICTED_COHORT;RESTRICTED_TRE,PHASE_1_OR_2,Repeated,Medium,Candidate source mapping only; verify field-level availability and construct validity before application.
PSY-001,Psychiatric,Major depressive disorder history,EHR,DS003;DS004;DS005,DS018;DS019;DS020,Patient-level contacts; diagnoses; care events; children/adults; autism/LD services | GP diagnoses; symptoms; prescriptions; tests; referrals; demographics; HES; deaths | Longitudinal GP EHR with linkages to secondary care and other datasets,MIXED_ACCESS;RESTRICTED_COHORT;RESTRICTED_LICENSED;RESTRICTED_TRE,PHASE_1_OR_2,Repeated,High,Candidate source mapping only; verify field-level availability and construct validity before application.
PSY-002,Psychiatric,Depressive symptom severity,PRO/EHR,DS003;DS004;DS005,DS018;DS019;DS020,Patient-level contacts; diagnoses; care events; children/adults; autism/LD services | GP diagnoses; symptoms; prescriptions; tests; referrals; demographics; HES; deaths | Longitudinal GP EHR with linkages to secondary care and other datasets,MIXED_ACCESS;RESTRICTED_COHORT;RESTRICTED_LICENSED;RESTRICTED_TRE,PHASE_1_OR_2,Repeated,High,Candidate source mapping only; verify field-level availability and construct validity before application.
PSY-003,Psychiatric,Anxiety disorder history,EHR,DS003;DS004;DS005,DS018;DS019;DS020,Patient-level contacts; diagnoses; care events; children/adults; autism/LD services | GP diagnoses; symptoms; prescriptions; tests; referrals; demographics; HES; deaths | Longitudinal GP EHR with linkages to secondary care and other datasets,MIXED_ACCESS;RESTRICTED_COHORT;RESTRICTED_LICENSED;RESTRICTED_TRE,PHASE_1_OR_2,Repeated,High,Candidate source mapping only; verify field-level availability and construct validity before application.
PSY-004,Psychiatric,Anxiety symptom severity,PRO,DS003;DS004;DS005,DS018;DS019;DS020,Patient-level contacts; diagnoses; care events; children/adults; autism/LD services | GP diagnoses; symptoms; prescriptions; tests; referrals; demographics; HES; deaths | Longitudinal GP EHR with linkages to secondary care and other datasets,MIXED_ACCESS;RESTRICTED_COHORT;RESTRICTED_LICENSED;RESTRICTED_TRE,PHASE_1_OR_2,Repeated,High,Candidate source mapping only; verify field-level availability and construct validity before application.
PSY-005,Psychiatric,Obsessive-compulsive disorder/symptoms,EHR/PRO,DS003;DS004;DS005,DS018;DS019;DS020,Patient-level contacts; diagnoses; care events; children/adults; autism/LD services | GP diagnoses; symptoms; prescriptions; tests; referrals; demographics; HES; deaths | Longitudinal GP EHR with linkages to secondary care and other datasets,MIXED_ACCESS;RESTRICTED_COHORT;RESTRICTED_LICENSED;RESTRICTED_TRE,PHASE_1_OR_2,Repeated,High,Candidate source mapping only; verify field-level availability and construct validity before application.
PSY-006,Psychiatric,PTSD/trauma-related disorder,EHR,DS003;DS004;DS005,DS018;DS019;DS020,Patient-level contacts; diagnoses; care events; children/adults; autism/LD services | GP diagnoses; symptoms; prescriptions; tests; referrals; demographics; HES; deaths | Longitudinal GP EHR with linkages to secondary care and other datasets,MIXED_ACCESS;RESTRICTED_COHORT;RESTRICTED_LICENSED;RESTRICTED_TRE,PHASE_1_OR_2,Repeated,High,Candidate source mapping only; verify field-level availability and construct validity before application.
PSY-007,Psychiatric,Dissociation symptoms,PRO,DS003;DS004;DS005,DS018;DS019;DS020,Patient-level contacts; diagnoses; care events; children/adults; autism/LD services | GP diagnoses; symptoms; prescriptions; tests; referrals; demographics; HES; deaths | Longitudinal GP EHR with linkages to secondary care and other datasets,MIXED_ACCESS;RESTRICTED_COHORT;RESTRICTED_LICENSED;RESTRICTED_TRE,PHASE_1_OR_2,Repeated,High,Candidate source mapping only; verify field-level availability and construct validity before application.
PSY-008,Psychiatric,Eating disorder diagnosis,EHR,DS003;DS004;DS005,DS018;DS019;DS020,Patient-level contacts; diagnoses; care events; children/adults; autism/LD services | GP diagnoses; symptoms; prescriptions; tests; referrals; demographics; HES; deaths | Longitudinal GP EHR with linkages to secondary care and other datasets,MIXED_ACCESS;RESTRICTED_COHORT;RESTRICTED_LICENSED;RESTRICTED_TRE,PHASE_1_OR_2,Repeated,High,Candidate source mapping only; verify field-level availability and construct validity before application.
PSY-009,Psychiatric,Body dysmorphic symptoms,PRO/EHR,DS003;DS004;DS005,DS018;DS019;DS020,Patient-level contacts; diagnoses; care events; children/adults; autism/LD services | GP diagnoses; symptoms; prescriptions; tests; referrals; demographics; HES; deaths | Longitudinal GP EHR with linkages to secondary care and other datasets,MIXED_ACCESS;RESTRICTED_COHORT;RESTRICTED_LICENSED;RESTRICTED_TRE,PHASE_1_OR_2,Repeated,High,Candidate source mapping only; verify field-level availability and construct validity before application.
PSY-010,Psychiatric,Self-harm history,EHR,DS003;DS004;DS005,DS018;DS019;DS020,Patient-level contacts; diagnoses; care events; children/adults; autism/LD services | GP diagnoses; symptoms; prescriptions; tests; referrals; demographics; HES; deaths | Longitudinal GP EHR with linkages to secondary care and other datasets,MIXED_ACCESS;RESTRICTED_COHORT;RESTRICTED_LICENSED;RESTRICTED_TRE,PHASE_1_OR_2,Repeated,High,Candidate source mapping only; verify field-level availability and construct validity before application.
PSY-011,Psychiatric,Suicidal ideation/attempt history,EHR,DS003;DS004;DS005,DS018;DS019;DS020,Patient-level contacts; diagnoses; care events; children/adults; autism/LD services | GP diagnoses; symptoms; prescriptions; tests; referrals; demographics; HES; deaths | Longitudinal GP EHR with linkages to secondary care and other datasets,MIXED_ACCESS;RESTRICTED_COHORT;RESTRICTED_LICENSED;RESTRICTED_TRE,PHASE_1_OR_2,Repeated,High,Candidate source mapping only; verify field-level availability and construct validity before application.
PSY-012,Psychiatric,Bipolar-spectrum symptoms,EHR,DS003;DS004;DS005,DS018;DS019;DS020,Patient-level contacts; diagnoses; care events; children/adults; autism/LD services | GP diagnoses; symptoms; prescriptions; tests; referrals; demographics; HES; deaths | Longitudinal GP EHR with linkages to secondary care and other datasets,MIXED_ACCESS;RESTRICTED_COHORT;RESTRICTED_LICENSED;RESTRICTED_TRE,PHASE_1_OR_2,Repeated,High,Candidate source mapping only; verify field-level availability and construct validity before application.
PSY-013,Psychiatric,Psychotic symptoms,EHR,DS003;DS004;DS005,DS018;DS019;DS020,Patient-level contacts; diagnoses; care events; children/adults; autism/LD services | GP diagnoses; symptoms; prescriptions; tests; referrals; demographics; HES; deaths | Longitudinal GP EHR with linkages to secondary care and other datasets,MIXED_ACCESS;RESTRICTED_COHORT;RESTRICTED_LICENSED;RESTRICTED_TRE,PHASE_1_OR_2,Repeated,High,Candidate source mapping only; verify field-level availability and construct validity before application.
PSY-014,Psychiatric,Personality pathology/traits where validly assessed,EHR/research,DS003;DS004;DS005,DS018;DS019;DS020,Patient-level contacts; diagnoses; care events; children/adults; autism/LD services | GP diagnoses; symptoms; prescriptions; tests; referrals; demographics; HES; deaths | Longitudinal GP EHR with linkages to secondary care and other datasets,MIXED_ACCESS;RESTRICTED_COHORT;RESTRICTED_LICENSED;RESTRICTED_TRE,PHASE_1_OR_2,Repeated,High,Candidate source mapping only; verify field-level availability and construct validity before application.
PSY-015,Psychiatric,Substance-use disorder,EHR,DS003;DS004;DS005,DS018;DS019;DS020,Patient-level contacts; diagnoses; care events; children/adults; autism/LD services | GP diagnoses; symptoms; prescriptions; tests; referrals; demographics; HES; deaths | Longitudinal GP EHR with linkages to secondary care and other datasets,MIXED_ACCESS;RESTRICTED_COHORT;RESTRICTED_LICENSED;RESTRICTED_TRE,PHASE_1_OR_2,Repeated,High,Candidate source mapping only; verify field-level availability and construct validity before application.
PSY-016,Psychiatric,Psychiatric hospitalisation,EHR,DS003;DS004;DS005,DS018;DS019;DS020,Patient-level contacts; diagnoses; care events; children/adults; autism/LD services | GP diagnoses; symptoms; prescriptions; tests; referrals; demographics; HES; deaths | Longitudinal GP EHR with linkages to secondary care and other datasets,MIXED_ACCESS;RESTRICTED_COHORT;RESTRICTED_LICENSED;RESTRICTED_TRE,PHASE_1_OR_2,Repeated,High,Candidate source mapping only; verify field-level availability and construct validity before application.
PSY-017,Psychiatric,Psychotherapy exposure,EHR,DS003;DS004;DS005,DS018;DS019;DS020,Patient-level contacts; diagnoses; care events; children/adults; autism/LD services | GP diagnoses; symptoms; prescriptions; tests; referrals; demographics; HES; deaths | Longitudinal GP EHR with linkages to secondary care and other datasets,MIXED_ACCESS;RESTRICTED_COHORT;RESTRICTED_LICENSED;RESTRICTED_TRE,PHASE_1_OR_2,Repeated,High,Candidate source mapping only; verify field-level availability and construct validity before application.
PSY-018,Psychiatric,Psychiatric medication exposure,EHR,DS003;DS004;DS005,DS018;DS019;DS020,Patient-level contacts; diagnoses; care events; children/adults; autism/LD services | GP diagnoses; symptoms; prescriptions; tests; referrals; demographics; HES; deaths | Longitudinal GP EHR with linkages to secondary care and other datasets,MIXED_ACCESS;RESTRICTED_COHORT;RESTRICTED_LICENSED;RESTRICTED_TRE,PHASE_1_OR_2,Repeated,High,Candidate source mapping only; verify field-level availability and construct validity before application.
PSY-019,Psychiatric,Mental-health diagnosis timing relative to gender presentation,derived,DS003;DS004;DS005,DS018;DS019;DS020,Patient-level contacts; diagnoses; care events; children/adults; autism/LD services | GP diagnoses; symptoms; prescriptions; tests; referrals; demographics; HES; deaths | Longitudinal GP EHR with linkages to secondary care and other datasets,MIXED_ACCESS;RESTRICTED_COHORT;RESTRICTED_LICENSED;RESTRICTED_TRE,PHASE_1_OR_2,Analysis,High,Candidate source mapping only; verify field-level availability and construct validity before application.
PSY-020,Psychiatric,Global psychological distress,PRO,DS003;DS004;DS005,DS018;DS019;DS020,Patient-level contacts; diagnoses; care events; children/adults; autism/LD services | GP diagnoses; symptoms; prescriptions; tests; referrals; demographics; HES; deaths | Longitudinal GP EHR with linkages to secondary care and other datasets,MIXED_ACCESS;RESTRICTED_COHORT;RESTRICTED_LICENSED;RESTRICTED_TRE,PHASE_1_OR_2,Repeated,High,Candidate source mapping only; verify field-level availability and construct validity before application.
TRA-001,Trauma/safeguarding,Childhood maltreatment exposure,EHR/participant,DS003;DS018;DS020,DS064;DS021,"Patient-level contacts; diagnoses; care events; children/adults; autism/LD services | Development, family, mental health, education, peers, social context; linked/genetic modules | Development, mental health, family, biology, genetics, questionnaires, clinics",MIXED_ACCESS;PRIMARY_RESEARCH;RESTRICTED_COHORT;RESTRICTED_TRE,PHASE_1_OR_2,Historical,High,Candidate source mapping only; verify field-level availability and construct validity before application.
TRA-002,Trauma/safeguarding,Sexual victimisation history,EHR/participant,DS003;DS018;DS020,DS064;DS021,"Patient-level contacts; diagnoses; care events; children/adults; autism/LD services | Development, family, mental health, education, peers, social context; linked/genetic modules | Development, mental health, family, biology, genetics, questionnaires, clinics",MIXED_ACCESS;PRIMARY_RESEARCH;RESTRICTED_COHORT;RESTRICTED_TRE,PHASE_1_OR_2,Historical,High,Candidate source mapping only; verify field-level availability and construct validity before application.
TRA-003,Trauma/safeguarding,Bullying exposure,education/PRO,DS003;DS018;DS020,DS064;DS021,"Patient-level contacts; diagnoses; care events; children/adults; autism/LD services | Development, family, mental health, education, peers, social context; linked/genetic modules | Development, mental health, family, biology, genetics, questionnaires, clinics",MIXED_ACCESS;PRIMARY_RESEARCH;RESTRICTED_COHORT;RESTRICTED_TRE,PHASE_1_OR_2,Repeated,High,Candidate source mapping only; verify field-level availability and construct validity before application.
TRA-004,Trauma/safeguarding,Domestic violence exposure,EHR/participant,DS003;DS018;DS020,DS064;DS021,"Patient-level contacts; diagnoses; care events; children/adults; autism/LD services | Development, family, mental health, education, peers, social context; linked/genetic modules | Development, mental health, family, biology, genetics, questionnaires, clinics",MIXED_ACCESS;PRIMARY_RESEARCH;RESTRICTED_COHORT;RESTRICTED_TRE,PHASE_1_OR_2,Historical,High,Candidate source mapping only; verify field-level availability and construct validity before application.
TRA-005,Trauma/safeguarding,Exploitation/safeguarding concern,EHR,DS003;DS018;DS020,DS064;DS021,"Patient-level contacts; diagnoses; care events; children/adults; autism/LD services | Development, family, mental health, education, peers, social context; linked/genetic modules | Development, mental health, family, biology, genetics, questionnaires, clinics",MIXED_ACCESS;PRIMARY_RESEARCH;RESTRICTED_COHORT;RESTRICTED_TRE,PHASE_1_OR_2,Repeated,High,Candidate source mapping only; verify field-level availability and construct validity before application.
TRA-006,Trauma/safeguarding,Looked-after/adoption/guardianship history,social care,DS003;DS018;DS020,DS064;DS021,"Patient-level contacts; diagnoses; care events; children/adults; autism/LD services | Development, family, mental health, education, peers, social context; linked/genetic modules | Development, mental health, family, biology, genetics, questionnaires, clinics",MIXED_ACCESS;PRIMARY_RESEARCH;RESTRICTED_COHORT;RESTRICTED_TRE,PHASE_1_OR_2,Historical,High,Candidate source mapping only; verify field-level availability and construct validity before application.
TRA-007,Trauma/safeguarding,Trauma symptom severity,PRO,DS003;DS018;DS020,DS064;DS021,"Patient-level contacts; diagnoses; care events; children/adults; autism/LD services | Development, family, mental health, education, peers, social context; linked/genetic modules | Development, mental health, family, biology, genetics, questionnaires, clinics",MIXED_ACCESS;PRIMARY_RESEARCH;RESTRICTED_COHORT;RESTRICTED_TRE,PHASE_1_OR_2,Repeated,High,Candidate source mapping only; verify field-level availability and construct validity before application.
TRA-008,Trauma/safeguarding,Timing of trauma relative to onset,derived,DS003;DS018;DS020,DS064;DS021,"Patient-level contacts; diagnoses; care events; children/adults; autism/LD services | Development, family, mental health, education, peers, social context; linked/genetic modules | Development, mental health, family, biology, genetics, questionnaires, clinics",MIXED_ACCESS;PRIMARY_RESEARCH;RESTRICTED_COHORT;RESTRICTED_TRE,PHASE_1_OR_2,Analysis,High,Candidate source mapping only; verify field-level availability and construct validity before application.
BOD-001,Body image/sexual development,General body dissatisfaction,PRO,DS018;DS020;DS019,DS064,"Development, family, mental health, education, peers, social context; linked/genetic modules | Development, mental health, family, biology, genetics, questionnaires, clinics | Annual household/individual social, economic, health and family variables",MIXED_ACCESS;PRIMARY_RESEARCH;RESTRICTED_COHORT,PHASE_1_OR_2,Repeated,High,Candidate source mapping only; verify field-level availability and construct validity before application.
BOD-002,Body image/sexual development,Sex-characteristic-specific distress,PRO,DS018;DS020;DS019,DS064,"Development, family, mental health, education, peers, social context; linked/genetic modules | Development, mental health, family, biology, genetics, questionnaires, clinics | Annual household/individual social, economic, health and family variables",MIXED_ACCESS;PRIMARY_RESEARCH;RESTRICTED_COHORT,PHASE_1_OR_2,Repeated,High,Candidate source mapping only; verify field-level availability and construct validity before application.
BOD-003,Body image/sexual development,Eating pathology severity,PRO,DS018;DS020;DS019,DS064,"Development, family, mental health, education, peers, social context; linked/genetic modules | Development, mental health, family, biology, genetics, questionnaires, clinics | Annual household/individual social, economic, health and family variables",MIXED_ACCESS;PRIMARY_RESEARCH;RESTRICTED_COHORT,PHASE_1_OR_2,Repeated,High,Candidate source mapping only; verify field-level availability and construct validity before application.
BOD-004,Body image/sexual development,Body dysmorphia severity,PRO,DS018;DS020;DS019,DS064,"Development, family, mental health, education, peers, social context; linked/genetic modules | Development, mental health, family, biology, genetics, questionnaires, clinics | Annual household/individual social, economic, health and family variables",MIXED_ACCESS;PRIMARY_RESEARCH;RESTRICTED_COHORT,PHASE_1_OR_2,Repeated,High,Candidate source mapping only; verify field-level availability and construct validity before application.
BOD-005,Body image/sexual development,Sexual orientation self-description,PRO,DS018;DS020;DS019,DS064,"Development, family, mental health, education, peers, social context; linked/genetic modules | Development, mental health, family, biology, genetics, questionnaires, clinics | Annual household/individual social, economic, health and family variables",MIXED_ACCESS;PRIMARY_RESEARCH;RESTRICTED_COHORT,PHASE_1_OR_2,Repeated,High,Candidate source mapping only; verify field-level availability and construct validity before application.
BOD-006,Body image/sexual development,Sexual orientation development timing,PRO,DS018;DS020;DS019,DS064,"Development, family, mental health, education, peers, social context; linked/genetic modules | Development, mental health, family, biology, genetics, questionnaires, clinics | Annual household/individual social, economic, health and family variables",MIXED_ACCESS;PRIMARY_RESEARCH;RESTRICTED_COHORT,PHASE_1_OR_2,Historical,High,Candidate source mapping only; verify field-level availability and construct validity before application.
BOD-007,Body image/sexual development,Sexual functioning concerns,PRO,DS018;DS020;DS019,DS064,"Development, family, mental health, education, peers, social context; linked/genetic modules | Development, mental health, family, biology, genetics, questionnaires, clinics | Annual household/individual social, economic, health and family variables",MIXED_ACCESS;PRIMARY_RESEARCH;RESTRICTED_COHORT,PHASE_1_OR_2,Repeated,High,Candidate source mapping only; verify field-level availability and construct validity before application.
BOD-008,Body image/sexual development,Fertility concerns/priorities,PRO,DS018;DS020;DS019,DS064,"Development, family, mental health, education, peers, social context; linked/genetic modules | Development, mental health, family, biology, genetics, questionnaires, clinics | Annual household/individual social, economic, health and family variables",MIXED_ACCESS;PRIMARY_RESEARCH;RESTRICTED_COHORT,PHASE_1_OR_2,Repeated,High,Candidate source mapping only; verify field-level availability and construct validity before application.
BOD-009,Body image/sexual development,Puberty-related distress,PRO,DS018;DS020;DS019,DS064,"Development, family, mental health, education, peers, social context; linked/genetic modules | Development, mental health, family, biology, genetics, questionnaires, clinics | Annual household/individual social, economic, health and family variables",MIXED_ACCESS;PRIMARY_RESEARCH;RESTRICTED_COHORT,PHASE_1_OR_2,Repeated,High,Candidate source mapping only; verify field-level availability and construct validity before application.
BOD-010,Body image/sexual development,Fear/expectation about adult sex characteristics,PRO,DS018;DS020;DS019,DS064,"Development, family, mental health, education, peers, social context; linked/genetic modules | Development, mental health, family, biology, genetics, questionnaires, clinics | Annual household/individual social, economic, health and family variables",MIXED_ACCESS;PRIMARY_RESEARCH;RESTRICTED_COHORT,PHASE_1_OR_2,Repeated,High,Candidate source mapping only; verify field-level availability and construct validity before application.
FAM-001,Family/interpersonal,Household composition,participant,DS018;DS020;DS021,DS019;DS064,"Development, family, mental health, education, peers, social context; linked/genetic modules | Development, mental health, family, biology, genetics, questionnaires, clinics | Health, development, education, family, environment, linked records",MIXED_ACCESS;PRIMARY_RESEARCH;RESTRICTED_COHORT,PHASE_1_OR_2,Repeated,Medium,Candidate source mapping only; verify field-level availability and construct validity before application.
FAM-002,Family/interpersonal,Parental relationship status,participant,DS018;DS020;DS021,DS019;DS064,"Development, family, mental health, education, peers, social context; linked/genetic modules | Development, mental health, family, biology, genetics, questionnaires, clinics | Health, development, education, family, environment, linked records",MIXED_ACCESS;PRIMARY_RESEARCH;RESTRICTED_COHORT,PHASE_1_OR_2,Repeated,Medium,Candidate source mapping only; verify field-level availability and construct validity before application.
FAM-003,Family/interpersonal,Parental mental-health burden,family/EHR,DS018;DS020;DS021,DS019;DS064,"Development, family, mental health, education, peers, social context; linked/genetic modules | Development, mental health, family, biology, genetics, questionnaires, clinics | Health, development, education, family, environment, linked records",MIXED_ACCESS;PRIMARY_RESEARCH;RESTRICTED_COHORT,PHASE_1_OR_2,Baseline,Medium,Candidate source mapping only; verify field-level availability and construct validity before application.
FAM-004,Family/interpersonal,Family support after disclosure,PRO,DS018;DS020;DS021,DS019;DS064,"Development, family, mental health, education, peers, social context; linked/genetic modules | Development, mental health, family, biology, genetics, questionnaires, clinics | Health, development, education, family, environment, linked records",MIXED_ACCESS;PRIMARY_RESEARCH;RESTRICTED_COHORT,PHASE_1_OR_2,Repeated,Medium,Candidate source mapping only; verify field-level availability and construct validity before application.
FAM-005,Family/interpersonal,Family rejection/conflict after disclosure,PRO,DS018;DS020;DS021,DS019;DS064,"Development, family, mental health, education, peers, social context; linked/genetic modules | Development, mental health, family, biology, genetics, questionnaires, clinics | Health, development, education, family, environment, linked records",MIXED_ACCESS;PRIMARY_RESEARCH;RESTRICTED_COHORT,PHASE_1_OR_2,Repeated,Medium,Candidate source mapping only; verify field-level availability and construct validity before application.
FAM-006,Family/interpersonal,Family conflict before presentation,PRO,DS018;DS020;DS021,DS019;DS064,"Development, family, mental health, education, peers, social context; linked/genetic modules | Development, mental health, family, biology, genetics, questionnaires, clinics | Health, development, education, family, environment, linked records",MIXED_ACCESS;PRIMARY_RESEARCH;RESTRICTED_COHORT,PHASE_1_OR_2,Baseline,Medium,Candidate source mapping only; verify field-level availability and construct validity before application.
FAM-007,Family/interpersonal,Attachment security,research,DS018;DS020;DS021,DS019;DS064,"Development, family, mental health, education, peers, social context; linked/genetic modules | Development, mental health, family, biology, genetics, questionnaires, clinics | Health, development, education, family, environment, linked records",MIXED_ACCESS;PRIMARY_RESEARCH;RESTRICTED_COHORT,PHASE_1_OR_2,Repeated,Medium,Candidate source mapping only; verify field-level availability and construct validity before application.
FAM-008,Family/interpersonal,Sibling relationship quality,PRO,DS018;DS020;DS021,DS019;DS064,"Development, family, mental health, education, peers, social context; linked/genetic modules | Development, mental health, family, biology, genetics, questionnaires, clinics | Health, development, education, family, environment, linked records",MIXED_ACCESS;PRIMARY_RESEARCH;RESTRICTED_COHORT,PHASE_1_OR_2,Repeated,Medium,Candidate source mapping only; verify field-level availability and construct validity before application.
FAM-009,Family/interpersonal,Parental attitudes measured directly,parent,DS018;DS020;DS021,DS019;DS064,"Development, family, mental health, education, peers, social context; linked/genetic modules | Development, mental health, family, biology, genetics, questionnaires, clinics | Health, development, education, family, environment, linked records",MIXED_ACCESS;PRIMARY_RESEARCH;RESTRICTED_COHORT,PHASE_1_OR_2,Repeated,Medium,Candidate source mapping only; verify field-level availability and construct validity before application.
FAM-010,Family/interpersonal,Family response timing,participant,DS018;DS020;DS021,DS019;DS064,"Development, family, mental health, education, peers, social context; linked/genetic modules | Development, mental health, family, biology, genetics, questionnaires, clinics | Health, development, education, family, environment, linked records",MIXED_ACCESS;PRIMARY_RESEARCH;RESTRICTED_COHORT,PHASE_1_OR_2,Historical,Medium,Candidate source mapping only; verify field-level availability and construct validity before application.
FAM-011,Family/interpersonal,Socioeconomic family stress,administrative/PRO,DS018;DS020;DS021,DS019;DS064,"Development, family, mental health, education, peers, social context; linked/genetic modules | Development, mental health, family, biology, genetics, questionnaires, clinics | Health, development, education, family, environment, linked records",MIXED_ACCESS;PRIMARY_RESEARCH;RESTRICTED_COHORT,PHASE_1_OR_2,Repeated,Medium,Candidate source mapping only; verify field-level availability and construct validity before application.
FAM-012,Family/interpersonal,Parental health literacy,parent,DS018;DS020;DS021,DS019;DS064,"Development, family, mental health, education, peers, social context; linked/genetic modules | Development, mental health, family, biology, genetics, questionnaires, clinics | Health, development, education, family, environment, linked records",MIXED_ACCESS;PRIMARY_RESEARCH;RESTRICTED_COHORT,PHASE_1_OR_2,Baseline,Medium,Candidate source mapping only; verify field-level availability and construct validity before application.
PEER-001,Peer network,Friendship network size,network survey,DS018;DS022;DS023,DS064;DS026,"Development, family, mental health, education, peers, social context; linked/genetic modules | Children/parent media use, platforms, behaviours, attitudes | Online safety tracker; passive measurement; insight panel; media-use datasets",MIXED_ACCESS;OPEN;PRIMARY_RESEARCH;RESTRICTED_RESEARCH_API,PHASE_1_OR_2,Repeated,Medium,Candidate source mapping only; verify field-level availability and construct validity before application.
PEER-002,Peer network,Loneliness/social isolation,PRO,DS018;DS022;DS023,DS064;DS026,"Development, family, mental health, education, peers, social context; linked/genetic modules | Children/parent media use, platforms, behaviours, attitudes | Online safety tracker; passive measurement; insight panel; media-use datasets",MIXED_ACCESS;OPEN;PRIMARY_RESEARCH;RESTRICTED_RESEARCH_API,PHASE_1_OR_2,Repeated,Medium,Candidate source mapping only; verify field-level availability and construct validity before application.
PEER-003,Peer network,Gender-diverse peers before first presentation,network survey,DS018;DS022;DS023,DS064;DS026,"Development, family, mental health, education, peers, social context; linked/genetic modules | Children/parent media use, platforms, behaviours, attitudes | Online safety tracker; passive measurement; insight panel; media-use datasets",MIXED_ACCESS;OPEN;PRIMARY_RESEARCH;RESTRICTED_RESEARCH_API,PHASE_1_OR_2,Historical,Medium,Candidate source mapping only; verify field-level availability and construct validity before application.
PEER-004,Peer network,Gender-diverse peers after first presentation,network survey,DS018;DS022;DS023,DS064;DS026,"Development, family, mental health, education, peers, social context; linked/genetic modules | Children/parent media use, platforms, behaviours, attitudes | Online safety tracker; passive measurement; insight panel; media-use datasets",MIXED_ACCESS;OPEN;PRIMARY_RESEARCH;RESTRICTED_RESEARCH_API,PHASE_1_OR_2,Repeated,Medium,Candidate source mapping only; verify field-level availability and construct validity before application.
PEER-005,Peer network,Peer acceptance,PRO,DS018;DS022;DS023,DS064;DS026,"Development, family, mental health, education, peers, social context; linked/genetic modules | Children/parent media use, platforms, behaviours, attitudes | Online safety tracker; passive measurement; insight panel; media-use datasets",MIXED_ACCESS;OPEN;PRIMARY_RESEARCH;RESTRICTED_RESEARCH_API,PHASE_1_OR_2,Repeated,Medium,Candidate source mapping only; verify field-level availability and construct validity before application.
PEER-006,Peer network,Peer rejection/bullying,PRO,DS018;DS022;DS023,DS064;DS026,"Development, family, mental health, education, peers, social context; linked/genetic modules | Children/parent media use, platforms, behaviours, attitudes | Online safety tracker; passive measurement; insight panel; media-use datasets",MIXED_ACCESS;OPEN;PRIMARY_RESEARCH;RESTRICTED_RESEARCH_API,PHASE_1_OR_2,Repeated,Medium,Candidate source mapping only; verify field-level availability and construct validity before application.
PEER-007,Peer network,Network centrality,derived,DS018;DS022;DS023,DS064;DS026,"Development, family, mental health, education, peers, social context; linked/genetic modules | Children/parent media use, platforms, behaviours, attitudes | Online safety tracker; passive measurement; insight panel; media-use datasets",MIXED_ACCESS;OPEN;PRIMARY_RESEARCH;RESTRICTED_RESEARCH_API,PHASE_1_OR_2,Repeated,Medium,Candidate source mapping only; verify field-level availability and construct validity before application.
PEER-008,Peer network,Friendship network change,derived,DS018;DS022;DS023,DS064;DS026,"Development, family, mental health, education, peers, social context; linked/genetic modules | Children/parent media use, platforms, behaviours, attitudes | Online safety tracker; passive measurement; insight panel; media-use datasets",MIXED_ACCESS;OPEN;PRIMARY_RESEARCH;RESTRICTED_RESEARCH_API,PHASE_1_OR_2,Repeated,Medium,Candidate source mapping only; verify field-level availability and construct validity before application.
PEER-009,Peer network,Homophily/social selection estimate,derived,DS018;DS022;DS023,DS064;DS026,"Development, family, mental health, education, peers, social context; linked/genetic modules | Children/parent media use, platforms, behaviours, attitudes | Online safety tracker; passive measurement; insight panel; media-use datasets",MIXED_ACCESS;OPEN;PRIMARY_RESEARCH;RESTRICTED_RESEARCH_API,PHASE_1_OR_2,Analysis,Medium,Candidate source mapping only; verify field-level availability and construct validity before application.
PEER-010,Peer network,Peer influence estimate,derived,DS018;DS022;DS023,DS064;DS026,"Development, family, mental health, education, peers, social context; linked/genetic modules | Children/parent media use, platforms, behaviours, attitudes | Online safety tracker; passive measurement; insight panel; media-use datasets",MIXED_ACCESS;OPEN;PRIMARY_RESEARCH;RESTRICTED_RESEARCH_API,PHASE_1_OR_2,Analysis,Medium,Candidate source mapping only; verify field-level availability and construct validity before application.
DIG-001,Digital/social media,Age/date of first relevant web search,platform/browser export,DS022;DS023;DS024,DS025;DS026;DS027,"Children/parent media use, platforms, behaviours, attitudes | Online safety tracker; passive measurement; insight panel; media-use datasets | Aggregated search interest by term, time and region",APPLICATION_API;MIXED_ACCESS;OPEN;PUBLIC_API_LIMITED;RESTRICTED_API;RESTRICTED_RESEARCH_API,PHASE_1_OR_2,Historical,High,Candidate source mapping only; verify field-level availability and construct validity before application.
DIG-002,Digital/social media,Prior distress before first relevant search,PRO/EHR,DS022;DS023;DS024,DS025;DS026;DS027,"Children/parent media use, platforms, behaviours, attitudes | Online safety tracker; passive measurement; insight panel; media-use datasets | Aggregated search interest by term, time and region",APPLICATION_API;MIXED_ACCESS;OPEN;PUBLIC_API_LIMITED;RESTRICTED_API;RESTRICTED_RESEARCH_API,PHASE_1_OR_2,Historical,High,Candidate source mapping only; verify field-level availability and construct validity before application.
DIG-003,Digital/social media,First exposure to gender-related content,platform export,DS022;DS023;DS024,DS025;DS026;DS027,"Children/parent media use, platforms, behaviours, attitudes | Online safety tracker; passive measurement; insight panel; media-use datasets | Aggregated search interest by term, time and region",APPLICATION_API;MIXED_ACCESS;OPEN;PUBLIC_API_LIMITED;RESTRICTED_API;RESTRICTED_RESEARCH_API,PHASE_1_OR_2,Historical,High,Candidate source mapping only; verify field-level availability and construct validity before application.
DIG-004,Digital/social media,Passive viewing duration,platform export,DS022;DS023;DS024,DS025;DS026;DS027,"Children/parent media use, platforms, behaviours, attitudes | Online safety tracker; passive measurement; insight panel; media-use datasets | Aggregated search interest by term, time and region",APPLICATION_API;MIXED_ACCESS;OPEN;PUBLIC_API_LIMITED;RESTRICTED_API;RESTRICTED_RESEARCH_API,PHASE_1_OR_2,Repeated,High,Candidate source mapping only; verify field-level availability and construct validity before application.
DIG-005,Digital/social media,Active posting/commenting frequency,platform export,DS022;DS023;DS024,DS025;DS026;DS027,"Children/parent media use, platforms, behaviours, attitudes | Online safety tracker; passive measurement; insight panel; media-use datasets | Aggregated search interest by term, time and region",APPLICATION_API;MIXED_ACCESS;OPEN;PUBLIC_API_LIMITED;RESTRICTED_API;RESTRICTED_RESEARCH_API,PHASE_1_OR_2,Repeated,High,Candidate source mapping only; verify field-level availability and construct validity before application.
DIG-006,Digital/social media,Direct-message/group participation,platform export,DS022;DS023;DS024,DS025;DS026;DS027,"Children/parent media use, platforms, behaviours, attitudes | Online safety tracker; passive measurement; insight panel; media-use datasets | Aggregated search interest by term, time and region",APPLICATION_API;MIXED_ACCESS;OPEN;PUBLIC_API_LIMITED;RESTRICTED_API;RESTRICTED_RESEARCH_API,PHASE_1_OR_2,Repeated,High,Candidate source mapping only; verify field-level availability and construct validity before application.
DIG-007,Digital/social media,Influencer/creator exposure,platform export,DS022;DS023;DS024,DS025;DS026;DS027,"Children/parent media use, platforms, behaviours, attitudes | Online safety tracker; passive measurement; insight panel; media-use datasets | Aggregated search interest by term, time and region",APPLICATION_API;MIXED_ACCESS;OPEN;PUBLIC_API_LIMITED;RESTRICTED_API;RESTRICTED_RESEARCH_API,PHASE_1_OR_2,Repeated,High,Candidate source mapping only; verify field-level availability and construct validity before application.
DIG-008,Digital/social media,Algorithmic recommendation sequence,platform export,DS022;DS023;DS024,DS025;DS026;DS027,"Children/parent media use, platforms, behaviours, attitudes | Online safety tracker; passive measurement; insight panel; media-use datasets | Aggregated search interest by term, time and region",APPLICATION_API;MIXED_ACCESS;OPEN;PUBLIC_API_LIMITED;RESTRICTED_API;RESTRICTED_RESEARCH_API,PHASE_1_OR_2,Repeated,High,Candidate source mapping only; verify field-level availability and construct validity before application.
DIG-009,Digital/social media,Exposure intensity,derived,DS022;DS023;DS024,DS025;DS026;DS027,"Children/parent media use, platforms, behaviours, attitudes | Online safety tracker; passive measurement; insight panel; media-use datasets | Aggregated search interest by term, time and region",APPLICATION_API;MIXED_ACCESS;OPEN;PUBLIC_API_LIMITED;RESTRICTED_API;RESTRICTED_RESEARCH_API,PHASE_1_OR_2,Repeated,High,Candidate source mapping only; verify field-level availability and construct validity before application.
DIG-010,Digital/social media,Content diversity/echo concentration,derived,DS022;DS023;DS024,DS025;DS026;DS027,"Children/parent media use, platforms, behaviours, attitudes | Online safety tracker; passive measurement; insight panel; media-use datasets | Aggregated search interest by term, time and region",APPLICATION_API;MIXED_ACCESS;OPEN;PUBLIC_API_LIMITED;RESTRICTED_API;RESTRICTED_RESEARCH_API,PHASE_1_OR_2,Repeated,High,Candidate source mapping only; verify field-level availability and construct validity before application.
DIG-011,Digital/social media,Online support received,digital/PRO,DS022;DS023;DS024,DS025;DS026;DS027,"Children/parent media use, platforms, behaviours, attitudes | Online safety tracker; passive measurement; insight panel; media-use datasets | Aggregated search interest by term, time and region",APPLICATION_API;MIXED_ACCESS;OPEN;PUBLIC_API_LIMITED;RESTRICTED_API;RESTRICTED_RESEARCH_API,PHASE_1_OR_2,Repeated,High,Candidate source mapping only; verify field-level availability and construct validity before application.
DIG-012,Digital/social media,Online harassment,digital/PRO,DS022;DS023;DS024,DS025;DS026;DS027,"Children/parent media use, platforms, behaviours, attitudes | Online safety tracker; passive measurement; insight panel; media-use datasets | Aggregated search interest by term, time and region",APPLICATION_API;MIXED_ACCESS;OPEN;PUBLIC_API_LIMITED;RESTRICTED_API;RESTRICTED_RESEARCH_API,PHASE_1_OR_2,Repeated,High,Candidate source mapping only; verify field-level availability and construct validity before application.
DIG-013,Digital/social media,Sponsored/commercial content exposure,platform export,DS022;DS023;DS024,DS025;DS026;DS027,"Children/parent media use, platforms, behaviours, attitudes | Online safety tracker; passive measurement; insight panel; media-use datasets | Aggregated search interest by term, time and region",APPLICATION_API;MIXED_ACCESS;OPEN;PUBLIC_API_LIMITED;RESTRICTED_API;RESTRICTED_RESEARCH_API,PHASE_1_OR_2,Repeated,High,Candidate source mapping only; verify field-level availability and construct validity before application.
DIG-014,Digital/social media,Advocacy content exposure,platform export,DS022;DS023;DS024,DS025;DS026;DS027,"Children/parent media use, platforms, behaviours, attitudes | Online safety tracker; passive measurement; insight panel; media-use datasets | Aggregated search interest by term, time and region",APPLICATION_API;MIXED_ACCESS;OPEN;PUBLIC_API_LIMITED;RESTRICTED_API;RESTRICTED_RESEARCH_API,PHASE_1_OR_2,Repeated,High,Candidate source mapping only; verify field-level availability and construct validity before application.
DIG-015,Digital/social media,Terminology adoption date,digital/PRO,DS022;DS023;DS024,DS025;DS026;DS027,"Children/parent media use, platforms, behaviours, attitudes | Online safety tracker; passive measurement; insight panel; media-use datasets | Aggregated search interest by term, time and region",APPLICATION_API;MIXED_ACCESS;OPEN;PUBLIC_API_LIMITED;RESTRICTED_API;RESTRICTED_RESEARCH_API,PHASE_1_OR_2,Historical,High,Candidate source mapping only; verify field-level availability and construct validity before application.
DIG-016,Digital/social media,Identity-label adoption sequence,digital/PRO,DS022;DS023;DS024,DS025;DS026;DS027,"Children/parent media use, platforms, behaviours, attitudes | Online safety tracker; passive measurement; insight panel; media-use datasets | Aggregated search interest by term, time and region",APPLICATION_API;MIXED_ACCESS;OPEN;PUBLIC_API_LIMITED;RESTRICTED_API;RESTRICTED_RESEARCH_API,PHASE_1_OR_2,Historical,High,Candidate source mapping only; verify field-level availability and construct validity before application.
DIG-017,Digital/social media,Search intent category,derived from queries,DS022;DS023;DS024,DS025;DS026;DS027,"Children/parent media use, platforms, behaviours, attitudes | Online safety tracker; passive measurement; insight panel; media-use datasets | Aggregated search interest by term, time and region",APPLICATION_API;MIXED_ACCESS;OPEN;PUBLIC_API_LIMITED;RESTRICTED_API;RESTRICTED_RESEARCH_API,PHASE_1_OR_2,Repeated,High,Candidate source mapping only; verify field-level availability and construct validity before application.
DIG-018,Digital/social media,Active versus passive engagement,derived,DS022;DS023;DS024,DS025;DS026;DS027,"Children/parent media use, platforms, behaviours, attitudes | Online safety tracker; passive measurement; insight panel; media-use datasets | Aggregated search interest by term, time and region",APPLICATION_API;MIXED_ACCESS;OPEN;PUBLIC_API_LIMITED;RESTRICTED_API;RESTRICTED_RESEARCH_API,PHASE_1_OR_2,Repeated,High,Candidate source mapping only; verify field-level availability and construct validity before application.
DIG-019,Digital/social media,Platform used,platform export,DS022;DS023;DS024,DS025;DS026;DS027,"Children/parent media use, platforms, behaviours, attitudes | Online safety tracker; passive measurement; insight panel; media-use datasets | Aggregated search interest by term, time and region",APPLICATION_API;MIXED_ACCESS;OPEN;PUBLIC_API_LIMITED;RESTRICTED_API;RESTRICTED_RESEARCH_API,PHASE_1_OR_2,Repeated,High,Candidate source mapping only; verify field-level availability and construct validity before application.
DIG-020,Digital/social media,Platform recommender-system change date,public/platform record,DS022;DS023;DS024,DS025;DS026;DS027,"Children/parent media use, platforms, behaviours, attitudes | Online safety tracker; passive measurement; insight panel; media-use datasets | Aggregated search interest by term, time and region",APPLICATION_API;MIXED_ACCESS;OPEN;PUBLIC_API_LIMITED;RESTRICTED_API;RESTRICTED_RESEARCH_API,PHASE_1_OR_2,Repeated,High,Candidate source mapping only; verify field-level availability and construct validity before application.
EDU-001,Education,School type,education record,DS016;DS054;DS055;DS056,DS057;DS018;DS013,"Attainment; demographics; absence/exclusion; children in need/looked after | Relationships/sex/health education guidance and versions | Annual statutory safeguarding guidance, consultation responses, versions | School RSHE policies, safeguarding policies, curriculum materials, external-provider materials",MIXED_ACCESS;OPEN_CORPUS;REQUEST_BASED;RESTRICTED_ADMIN;RESTRICTED_TRE,PHASE_1_OR_2,Repeated,Medium,Candidate source mapping only; verify field-level availability and construct validity before application.
EDU-002,Education,School gender/sex policy version,school record,DS016;DS054;DS055;DS056,DS057;DS018;DS013,"Attainment; demographics; absence/exclusion; children in need/looked after | Relationships/sex/health education guidance and versions | Annual statutory safeguarding guidance, consultation responses, versions | School RSHE policies, safeguarding policies, curriculum materials, external-provider materials",MIXED_ACCESS;OPEN_CORPUS;REQUEST_BASED;RESTRICTED_ADMIN;RESTRICTED_TRE,PHASE_1_OR_2,Repeated,Medium,Candidate source mapping only; verify field-level availability and construct validity before application.
EDU-003,Education,Curriculum exposure to gender/identity content,school record,DS016;DS054;DS055;DS056,DS057;DS018;DS013,"Attainment; demographics; absence/exclusion; children in need/looked after | Relationships/sex/health education guidance and versions | Annual statutory safeguarding guidance, consultation responses, versions | School RSHE policies, safeguarding policies, curriculum materials, external-provider materials",MIXED_ACCESS;OPEN_CORPUS;REQUEST_BASED;RESTRICTED_ADMIN;RESTRICTED_TRE,PHASE_1_OR_2,Repeated,Medium,Candidate source mapping only; verify field-level availability and construct validity before application.
EDU-004,Education,Teacher/staff training exposure,school record,DS016;DS054;DS055;DS056,DS057;DS018;DS013,"Attainment; demographics; absence/exclusion; children in need/looked after | Relationships/sex/health education guidance and versions | Annual statutory safeguarding guidance, consultation responses, versions | School RSHE policies, safeguarding policies, curriculum materials, external-provider materials",MIXED_ACCESS;OPEN_CORPUS;REQUEST_BASED;RESTRICTED_ADMIN;RESTRICTED_TRE,PHASE_1_OR_2,Repeated,Medium,Candidate source mapping only; verify field-level availability and construct validity before application.
EDU-005,Education,School peer climate,school/PRO,DS016;DS054;DS055;DS056,DS057;DS018;DS013,"Attainment; demographics; absence/exclusion; children in need/looked after | Relationships/sex/health education guidance and versions | Annual statutory safeguarding guidance, consultation responses, versions | School RSHE policies, safeguarding policies, curriculum materials, external-provider materials",MIXED_ACCESS;OPEN_CORPUS;REQUEST_BASED;RESTRICTED_ADMIN;RESTRICTED_TRE,PHASE_1_OR_2,Repeated,Medium,Candidate source mapping only; verify field-level availability and construct validity before application.
EDU-006,Education,School bullying policy,school record,DS016;DS054;DS055;DS056,DS057;DS018;DS013,"Attainment; demographics; absence/exclusion; children in need/looked after | Relationships/sex/health education guidance and versions | Annual statutory safeguarding guidance, consultation responses, versions | School RSHE policies, safeguarding policies, curriculum materials, external-provider materials",MIXED_ACCESS;OPEN_CORPUS;REQUEST_BASED;RESTRICTED_ADMIN;RESTRICTED_TRE,PHASE_1_OR_2,Repeated,Medium,Candidate source mapping only; verify field-level availability and construct validity before application.
EDU-007,Education,Counselling availability/use,school/EHR,DS016;DS054;DS055;DS056,DS057;DS018;DS013,"Attainment; demographics; absence/exclusion; children in need/looked after | Relationships/sex/health education guidance and versions | Annual statutory safeguarding guidance, consultation responses, versions | School RSHE policies, safeguarding policies, curriculum materials, external-provider materials",MIXED_ACCESS;OPEN_CORPUS;REQUEST_BASED;RESTRICTED_ADMIN;RESTRICTED_TRE,PHASE_1_OR_2,Repeated,Medium,Candidate source mapping only; verify field-level availability and construct validity before application.
EDU-008,Education,School social-transition status,school/participant,DS016;DS054;DS055;DS056,DS057;DS018;DS013,"Attainment; demographics; absence/exclusion; children in need/looked after | Relationships/sex/health education guidance and versions | Annual statutory safeguarding guidance, consultation responses, versions | School RSHE policies, safeguarding policies, curriculum materials, external-provider materials",MIXED_ACCESS;OPEN_CORPUS;REQUEST_BASED;RESTRICTED_ADMIN;RESTRICTED_TRE,PHASE_1_OR_2,Repeated,Medium,Candidate source mapping only; verify field-level availability and construct validity before application.
EDU-009,Education,Attendance,education record,DS016;DS054;DS055;DS056,DS057;DS018;DS013,"Attainment; demographics; absence/exclusion; children in need/looked after | Relationships/sex/health education guidance and versions | Annual statutory safeguarding guidance, consultation responses, versions | School RSHE policies, safeguarding policies, curriculum materials, external-provider materials",MIXED_ACCESS;OPEN_CORPUS;REQUEST_BASED;RESTRICTED_ADMIN;RESTRICTED_TRE,PHASE_1_OR_2,Repeated,Medium,Candidate source mapping only; verify field-level availability and construct validity before application.
EDU-010,Education,Academic attainment,education record,DS016;DS054;DS055;DS056,DS057;DS018;DS013,"Attainment; demographics; absence/exclusion; children in need/looked after | Relationships/sex/health education guidance and versions | Annual statutory safeguarding guidance, consultation responses, versions | School RSHE policies, safeguarding policies, curriculum materials, external-provider materials",MIXED_ACCESS;OPEN_CORPUS;REQUEST_BASED;RESTRICTED_ADMIN;RESTRICTED_TRE,PHASE_1_OR_2,Repeated,Medium,Candidate source mapping only; verify field-level availability and construct validity before application.
EDU-011,Education,School change,education record,DS016;DS054;DS055;DS056,DS057;DS018;DS013,"Attainment; demographics; absence/exclusion; children in need/looked after | Relationships/sex/health education guidance and versions | Annual statutory safeguarding guidance, consultation responses, versions | School RSHE policies, safeguarding policies, curriculum materials, external-provider materials",MIXED_ACCESS;OPEN_CORPUS;REQUEST_BASED;RESTRICTED_ADMIN;RESTRICTED_TRE,PHASE_1_OR_2,Repeated,Medium,Candidate source mapping only; verify field-level availability and construct validity before application.
EDU-012,Education,Safeguarding events,education/social care,DS016;DS054;DS055;DS056,DS057;DS018;DS013,"Attainment; demographics; absence/exclusion; children in need/looked after | Relationships/sex/health education guidance and versions | Annual statutory safeguarding guidance, consultation responses, versions | School RSHE policies, safeguarding policies, curriculum materials, external-provider materials",MIXED_ACCESS;OPEN_CORPUS;REQUEST_BASED;RESTRICTED_ADMIN;RESTRICTED_TRE,PHASE_1_OR_2,Repeated,Medium,Candidate source mapping only; verify field-level availability and construct validity before application.
SOC-001,Cultural/religious/socioeconomic,Ethnicity/cultural background,PRO/admin,DS014;DS015;DS019,DS018;DS013,"Gender identity responses; demographics; geography; quality diagnostics | Patient experience; demographics; gender identity/sex questions; geography/practice aggregates | Annual household/individual social, economic, health and family variables",MIXED_ACCESS;OPEN_AGGREGATE;RESTRICTED_TRE,PHASE_1_OR_2,Baseline,Medium,Candidate source mapping only; verify field-level availability and construct validity before application.
SOC-002,Cultural/religious/socioeconomic,Religion/belief where voluntarily provided,PRO,DS014;DS015;DS019,DS018;DS013,"Gender identity responses; demographics; geography; quality diagnostics | Patient experience; demographics; gender identity/sex questions; geography/practice aggregates | Annual household/individual social, economic, health and family variables",MIXED_ACCESS;OPEN_AGGREGATE;RESTRICTED_TRE,PHASE_1_OR_2,Repeated,Medium,Candidate source mapping only; verify field-level availability and construct validity before application.
SOC-003,Cultural/religious/socioeconomic,Religious practice intensity,PRO,DS014;DS015;DS019,DS018;DS013,"Gender identity responses; demographics; geography; quality diagnostics | Patient experience; demographics; gender identity/sex questions; geography/practice aggregates | Annual household/individual social, economic, health and family variables",MIXED_ACCESS;OPEN_AGGREGATE;RESTRICTED_TRE,PHASE_1_OR_2,Repeated,Medium,Candidate source mapping only; verify field-level availability and construct validity before application.
SOC-004,Cultural/religious/socioeconomic,Community attitudes,area/PRO,DS014;DS015;DS019,DS018;DS013,"Gender identity responses; demographics; geography; quality diagnostics | Patient experience; demographics; gender identity/sex questions; geography/practice aggregates | Annual household/individual social, economic, health and family variables",MIXED_ACCESS;OPEN_AGGREGATE;RESTRICTED_TRE,PHASE_1_OR_2,Repeated,Medium,Candidate source mapping only; verify field-level availability and construct validity before application.
SOC-005,Cultural/religious/socioeconomic,Area deprivation,postcode-derived,DS014;DS015;DS019,DS018;DS013,"Gender identity responses; demographics; geography; quality diagnostics | Patient experience; demographics; gender identity/sex questions; geography/practice aggregates | Annual household/individual social, economic, health and family variables",MIXED_ACCESS;OPEN_AGGREGATE;RESTRICTED_TRE,PHASE_1_OR_2,Repeated,Medium,Candidate source mapping only; verify field-level availability and construct validity before application.
SOC-006,Cultural/religious/socioeconomic,Household income band,PRO/admin,DS014;DS015;DS019,DS018;DS013,"Gender identity responses; demographics; geography; quality diagnostics | Patient experience; demographics; gender identity/sex questions; geography/practice aggregates | Annual household/individual social, economic, health and family variables",MIXED_ACCESS;OPEN_AGGREGATE;RESTRICTED_TRE,PHASE_1_OR_2,Repeated,Medium,Candidate source mapping only; verify field-level availability and construct validity before application.
SOC-007,Cultural/religious/socioeconomic,Housing instability,admin/PRO,DS014;DS015;DS019,DS018;DS013,"Gender identity responses; demographics; geography; quality diagnostics | Patient experience; demographics; gender identity/sex questions; geography/practice aggregates | Annual household/individual social, economic, health and family variables",MIXED_ACCESS;OPEN_AGGREGATE;RESTRICTED_TRE,PHASE_1_OR_2,Repeated,Medium,Candidate source mapping only; verify field-level availability and construct validity before application.
SOC-008,Cultural/religious/socioeconomic,Urban/rural setting,postcode-derived,DS014;DS015;DS019,DS018;DS013,"Gender identity responses; demographics; geography; quality diagnostics | Patient experience; demographics; gender identity/sex questions; geography/practice aggregates | Annual household/individual social, economic, health and family variables",MIXED_ACCESS;OPEN_AGGREGATE;RESTRICTED_TRE,PHASE_1_OR_2,Repeated,Medium,Candidate source mapping only; verify field-level availability and construct validity before application.
SOC-009,Cultural/religious/socioeconomic,Local political/policy context,public records,DS014;DS015;DS019,DS018;DS013,"Gender identity responses; demographics; geography; quality diagnostics | Patient experience; demographics; gender identity/sex questions; geography/practice aggregates | Annual household/individual social, economic, health and family variables",MIXED_ACCESS;OPEN_AGGREGATE;RESTRICTED_TRE,PHASE_1_OR_2,Repeated,Medium,Candidate source mapping only; verify field-level availability and construct validity before application.
SOC-010,Cultural/religious/socioeconomic,Community social support,PRO,DS014;DS015;DS019,DS018;DS013,"Gender identity responses; demographics; geography; quality diagnostics | Patient experience; demographics; gender identity/sex questions; geography/practice aggregates | Annual household/individual social, economic, health and family variables",MIXED_ACCESS;OPEN_AGGREGATE;RESTRICTED_TRE,PHASE_1_OR_2,Repeated,Medium,Candidate source mapping only; verify field-level availability and construct validity before application.
MIN-001,Minority stress/discrimination,Direct discrimination events,PRO/admin,DS018;DS019;DS020,DS015;DS064,"Development, family, mental health, education, peers, social context; linked/genetic modules | Annual household/individual social, economic, health and family variables | Development, mental health, family, biology, genetics, questionnaires, clinics",MIXED_ACCESS;OPEN_AGGREGATE;PRIMARY_RESEARCH;RESTRICTED_COHORT,PHASE_1_OR_2,Repeated,High,Candidate source mapping only; verify field-level availability and construct validity before application.
MIN-002,Minority stress/discrimination,Anticipated stigma,PRO,DS018;DS019;DS020,DS015;DS064,"Development, family, mental health, education, peers, social context; linked/genetic modules | Annual household/individual social, economic, health and family variables | Development, mental health, family, biology, genetics, questionnaires, clinics",MIXED_ACCESS;OPEN_AGGREGATE;PRIMARY_RESEARCH;RESTRICTED_COHORT,PHASE_1_OR_2,Repeated,High,Candidate source mapping only; verify field-level availability and construct validity before application.
MIN-003,Minority stress/discrimination,Concealment pressure,PRO,DS018;DS019;DS020,DS015;DS064,"Development, family, mental health, education, peers, social context; linked/genetic modules | Annual household/individual social, economic, health and family variables | Development, mental health, family, biology, genetics, questionnaires, clinics",MIXED_ACCESS;OPEN_AGGREGATE;PRIMARY_RESEARCH;RESTRICTED_COHORT,PHASE_1_OR_2,Repeated,High,Candidate source mapping only; verify field-level availability and construct validity before application.
MIN-004,Minority stress/discrimination,Identity-related rejection,PRO,DS018;DS019;DS020,DS015;DS064,"Development, family, mental health, education, peers, social context; linked/genetic modules | Annual household/individual social, economic, health and family variables | Development, mental health, family, biology, genetics, questionnaires, clinics",MIXED_ACCESS;OPEN_AGGREGATE;PRIMARY_RESEARCH;RESTRICTED_COHORT,PHASE_1_OR_2,Repeated,High,Candidate source mapping only; verify field-level availability and construct validity before application.
MIN-005,Minority stress/discrimination,Identity-related violence,PRO/admin,DS018;DS019;DS020,DS015;DS064,"Development, family, mental health, education, peers, social context; linked/genetic modules | Annual household/individual social, economic, health and family variables | Development, mental health, family, biology, genetics, questionnaires, clinics",MIXED_ACCESS;OPEN_AGGREGATE;PRIMARY_RESEARCH;RESTRICTED_COHORT,PHASE_1_OR_2,Repeated,High,Candidate source mapping only; verify field-level availability and construct validity before application.
MIN-006,Minority stress/discrimination,Internalised stigma,PRO,DS018;DS019;DS020,DS015;DS064,"Development, family, mental health, education, peers, social context; linked/genetic modules | Annual household/individual social, economic, health and family variables | Development, mental health, family, biology, genetics, questionnaires, clinics",MIXED_ACCESS;OPEN_AGGREGATE;PRIMARY_RESEARCH;RESTRICTED_COHORT,PHASE_1_OR_2,Repeated,High,Candidate source mapping only; verify field-level availability and construct validity before application.
MIN-007,Minority stress/discrimination,Affirming social support,PRO,DS018;DS019;DS020,DS015;DS064,"Development, family, mental health, education, peers, social context; linked/genetic modules | Annual household/individual social, economic, health and family variables | Development, mental health, family, biology, genetics, questionnaires, clinics",MIXED_ACCESS;OPEN_AGGREGATE;PRIMARY_RESEARCH;RESTRICTED_COHORT,PHASE_1_OR_2,Repeated,High,Candidate source mapping only; verify field-level availability and construct validity before application.
MIN-008,Minority stress/discrimination,Discrimination timing relative to distress,derived,DS018;DS019;DS020,DS015;DS064,"Development, family, mental health, education, peers, social context; linked/genetic modules | Annual household/individual social, economic, health and family variables | Development, mental health, family, biology, genetics, questionnaires, clinics",MIXED_ACCESS;OPEN_AGGREGATE;PRIMARY_RESEARCH;RESTRICTED_COHORT,PHASE_1_OR_2,Analysis,High,Candidate source mapping only; verify field-level availability and construct validity before application.
MKT-001,Marketing/media/advocacy,Commercial advertising impressions,platform/ad archive,DS028;DS052;DS053,DS025;DS026;DS029,"Events, article mentions, Global Knowledge Graph, multilingual news features | Newspapers, periodicals, websites and archived digital publications | Full-text newspapers, magazines, wires and metadata",LICENSED;LICENSED_ARCHIVE;OPEN;OPEN_ARCHIVE;PUBLIC_API_LIMITED;RESTRICTED_RESEARCH_API,PHASE_2_OR_3,Repeated,Medium,Candidate source mapping only; verify field-level availability and construct validity before application.
MKT-002,Marketing/media/advocacy,Healthcare provider marketing exposure,digital/public,DS028;DS052;DS053,DS025;DS026;DS029,"Events, article mentions, Global Knowledge Graph, multilingual news features | Newspapers, periodicals, websites and archived digital publications | Full-text newspapers, magazines, wires and metadata",LICENSED;LICENSED_ARCHIVE;OPEN;OPEN_ARCHIVE;PUBLIC_API_LIMITED;RESTRICTED_RESEARCH_API,PHASE_2_OR_3,Repeated,Medium,Candidate source mapping only; verify field-level availability and construct validity before application.
MKT-003,Marketing/media/advocacy,Influencer sponsorship exposure,digital,DS028;DS052;DS053,DS025;DS026;DS029,"Events, article mentions, Global Knowledge Graph, multilingual news features | Newspapers, periodicals, websites and archived digital publications | Full-text newspapers, magazines, wires and metadata",LICENSED;LICENSED_ARCHIVE;OPEN;OPEN_ARCHIVE;PUBLIC_API_LIMITED;RESTRICTED_RESEARCH_API,PHASE_2_OR_3,Repeated,Medium,Candidate source mapping only; verify field-level availability and construct validity before application.
MKT-004,Marketing/media/advocacy,Advocacy campaign exposure,digital/public,DS028;DS052;DS053,DS025;DS026;DS029,"Events, article mentions, Global Knowledge Graph, multilingual news features | Newspapers, periodicals, websites and archived digital publications | Full-text newspapers, magazines, wires and metadata",LICENSED;LICENSED_ARCHIVE;OPEN;OPEN_ARCHIVE;PUBLIC_API_LIMITED;RESTRICTED_RESEARCH_API,PHASE_2_OR_3,Repeated,Medium,Candidate source mapping only; verify field-level availability and construct validity before application.
MKT-005,Marketing/media/advocacy,Mainstream news exposure,digital/PRO,DS028;DS052;DS053,DS025;DS026;DS029,"Events, article mentions, Global Knowledge Graph, multilingual news features | Newspapers, periodicals, websites and archived digital publications | Full-text newspapers, magazines, wires and metadata",LICENSED;LICENSED_ARCHIVE;OPEN;OPEN_ARCHIVE;PUBLIC_API_LIMITED;RESTRICTED_RESEARCH_API,PHASE_2_OR_3,Repeated,Medium,Candidate source mapping only; verify field-level availability and construct validity before application.
MKT-006,Marketing/media/advocacy,Entertainment media exposure,digital/PRO,DS028;DS052;DS053,DS025;DS026;DS029,"Events, article mentions, Global Knowledge Graph, multilingual news features | Newspapers, periodicals, websites and archived digital publications | Full-text newspapers, magazines, wires and metadata",LICENSED;LICENSED_ARCHIVE;OPEN;OPEN_ARCHIVE;PUBLIC_API_LIMITED;RESTRICTED_RESEARCH_API,PHASE_2_OR_3,Repeated,Medium,Candidate source mapping only; verify field-level availability and construct validity before application.
MKT-007,Marketing/media/advocacy,Message framing category,content coding,DS028;DS052;DS053,DS025;DS026;DS029,"Events, article mentions, Global Knowledge Graph, multilingual news features | Newspapers, periodicals, websites and archived digital publications | Full-text newspapers, magazines, wires and metadata",LICENSED;LICENSED_ARCHIVE;OPEN;OPEN_ARCHIVE;PUBLIC_API_LIMITED;RESTRICTED_RESEARCH_API,PHASE_2_OR_3,Repeated,Medium,Candidate source mapping only; verify field-level availability and construct validity before application.
MKT-008,Marketing/media/advocacy,Authority cue presence,content coding,DS028;DS052;DS053,DS025;DS026;DS029,"Events, article mentions, Global Knowledge Graph, multilingual news features | Newspapers, periodicals, websites and archived digital publications | Full-text newspapers, magazines, wires and metadata",LICENSED;LICENSED_ARCHIVE;OPEN;OPEN_ARCHIVE;PUBLIC_API_LIMITED;RESTRICTED_RESEARCH_API,PHASE_2_OR_3,Repeated,Medium,Candidate source mapping only; verify field-level availability and construct validity before application.
MKT-009,Marketing/media/advocacy,Emotional framing intensity,content coding,DS028;DS052;DS053,DS025;DS026;DS029,"Events, article mentions, Global Knowledge Graph, multilingual news features | Newspapers, periodicals, websites and archived digital publications | Full-text newspapers, magazines, wires and metadata",LICENSED;LICENSED_ARCHIVE;OPEN;OPEN_ARCHIVE;PUBLIC_API_LIMITED;RESTRICTED_RESEARCH_API,PHASE_2_OR_3,Repeated,Medium,Candidate source mapping only; verify field-level availability and construct validity before application.
MKT-010,Marketing/media/advocacy,Targeted versus incidental exposure,platform export,DS028;DS052;DS053,DS025;DS026;DS029,"Events, article mentions, Global Knowledge Graph, multilingual news features | Newspapers, periodicals, websites and archived digital publications | Full-text newspapers, magazines, wires and metadata",LICENSED;LICENSED_ARCHIVE;OPEN;OPEN_ARCHIVE;PUBLIC_API_LIMITED;RESTRICTED_RESEARCH_API,PHASE_2_OR_3,Repeated,Medium,Candidate source mapping only; verify field-level availability and construct validity before application.
MKT-011,Marketing/media/advocacy,Engagement response,platform export,DS028;DS052;DS053,DS025;DS026;DS029,"Events, article mentions, Global Knowledge Graph, multilingual news features | Newspapers, periodicals, websites and archived digital publications | Full-text newspapers, magazines, wires and metadata",LICENSED;LICENSED_ARCHIVE;OPEN;OPEN_ARCHIVE;PUBLIC_API_LIMITED;RESTRICTED_RESEARCH_API,PHASE_2_OR_3,Repeated,Medium,Candidate source mapping only; verify field-level availability and construct validity before application.
MKT-012,Marketing/media/advocacy,Commercial conflict/sponsorship disclosure,public records,DS028;DS052;DS053,DS025;DS026;DS029,"Events, article mentions, Global Knowledge Graph, multilingual news features | Newspapers, periodicals, websites and archived digital publications | Full-text newspapers, magazines, wires and metadata",LICENSED;LICENSED_ARCHIVE;OPEN;OPEN_ARCHIVE;PUBLIC_API_LIMITED;RESTRICTED_RESEARCH_API,PHASE_2_OR_3,Repeated,Medium,Candidate source mapping only; verify field-level availability and construct validity before application.
HC-001,Healthcare pathway,Date of first healthcare presentation,EHR,DS001;DS002;DS003;DS004;DS061,DS005;DS062,"Patient-level NHS datasets; linked national collections | Admissions; outpatients; historical A&E; critical care; diagnoses; procedures | Patient-level contacts; diagnoses; care events; children/adults; autism/LD services | GP diagnoses; symptoms; prescriptions; tests; referrals; demographics; HES; deaths | Core clinical, assessment, intervention and outcome data across new regional services",RESTRICTED_LICENSED;RESTRICTED_STUDY;RESTRICTED_TRE,PHASE_1_OR_2,Historical,Medium,Candidate source mapping only; verify field-level availability and construct validity before application.
HC-002,Healthcare pathway,Referral source,EHR,DS001;DS002;DS003;DS004;DS061,DS005;DS062,"Patient-level NHS datasets; linked national collections | Admissions; outpatients; historical A&E; critical care; diagnoses; procedures | Patient-level contacts; diagnoses; care events; children/adults; autism/LD services | GP diagnoses; symptoms; prescriptions; tests; referrals; demographics; HES; deaths | Core clinical, assessment, intervention and outcome data across new regional services",RESTRICTED_LICENSED;RESTRICTED_STUDY;RESTRICTED_TRE,PHASE_1_OR_2,Historical,Medium,Candidate source mapping only; verify field-level availability and construct validity before application.
HC-003,Healthcare pathway,Waiting time to specialist assessment,EHR,DS001;DS002;DS003;DS004;DS061,DS005;DS062,"Patient-level NHS datasets; linked national collections | Admissions; outpatients; historical A&E; critical care; diagnoses; procedures | Patient-level contacts; diagnoses; care events; children/adults; autism/LD services | GP diagnoses; symptoms; prescriptions; tests; referrals; demographics; HES; deaths | Core clinical, assessment, intervention and outcome data across new regional services",RESTRICTED_LICENSED;RESTRICTED_STUDY;RESTRICTED_TRE,PHASE_1_OR_2,Repeated,Medium,Candidate source mapping only; verify field-level availability and construct validity before application.
HC-004,Healthcare pathway,Pre-referral mental-health care,EHR,DS001;DS002;DS003;DS004;DS061,DS005;DS062,"Patient-level NHS datasets; linked national collections | Admissions; outpatients; historical A&E; critical care; diagnoses; procedures | Patient-level contacts; diagnoses; care events; children/adults; autism/LD services | GP diagnoses; symptoms; prescriptions; tests; referrals; demographics; HES; deaths | Core clinical, assessment, intervention and outcome data across new regional services",RESTRICTED_LICENSED;RESTRICTED_STUDY;RESTRICTED_TRE,PHASE_1_OR_2,Historical,Medium,Candidate source mapping only; verify field-level availability and construct validity before application.
HC-005,Healthcare pathway,Diagnostic framework used,EHR,DS001;DS002;DS003;DS004;DS061,DS005;DS062,"Patient-level NHS datasets; linked national collections | Admissions; outpatients; historical A&E; critical care; diagnoses; procedures | Patient-level contacts; diagnoses; care events; children/adults; autism/LD services | GP diagnoses; symptoms; prescriptions; tests; referrals; demographics; HES; deaths | Core clinical, assessment, intervention and outcome data across new regional services",RESTRICTED_LICENSED;RESTRICTED_STUDY;RESTRICTED_TRE,PHASE_1_OR_2,Repeated,Medium,Candidate source mapping only; verify field-level availability and construct validity before application.
HC-006,Healthcare pathway,Assessment duration,EHR,DS001;DS002;DS003;DS004;DS061,DS005;DS062,"Patient-level NHS datasets; linked national collections | Admissions; outpatients; historical A&E; critical care; diagnoses; procedures | Patient-level contacts; diagnoses; care events; children/adults; autism/LD services | GP diagnoses; symptoms; prescriptions; tests; referrals; demographics; HES; deaths | Core clinical, assessment, intervention and outcome data across new regional services",RESTRICTED_LICENSED;RESTRICTED_STUDY;RESTRICTED_TRE,PHASE_1_OR_2,Repeated,Medium,Candidate source mapping only; verify field-level availability and construct validity before application.
HC-007,Healthcare pathway,Number/profession of assessors,EHR,DS001;DS002;DS003;DS004;DS061,DS005;DS062,"Patient-level NHS datasets; linked national collections | Admissions; outpatients; historical A&E; critical care; diagnoses; procedures | Patient-level contacts; diagnoses; care events; children/adults; autism/LD services | GP diagnoses; symptoms; prescriptions; tests; referrals; demographics; HES; deaths | Core clinical, assessment, intervention and outcome data across new regional services",RESTRICTED_LICENSED;RESTRICTED_STUDY;RESTRICTED_TRE,PHASE_1_OR_2,Repeated,Medium,Candidate source mapping only; verify field-level availability and construct validity before application.
HC-008,Healthcare pathway,MDT review present,EHR,DS001;DS002;DS003;DS004;DS061,DS005;DS062,"Patient-level NHS datasets; linked national collections | Admissions; outpatients; historical A&E; critical care; diagnoses; procedures | Patient-level contacts; diagnoses; care events; children/adults; autism/LD services | GP diagnoses; symptoms; prescriptions; tests; referrals; demographics; HES; deaths | Core clinical, assessment, intervention and outcome data across new regional services",RESTRICTED_LICENSED;RESTRICTED_STUDY;RESTRICTED_TRE,PHASE_1_OR_2,Repeated,Medium,Candidate source mapping only; verify field-level availability and construct validity before application.
HC-009,Healthcare pathway,Psychiatric assessment completeness,EHR,DS001;DS002;DS003;DS004;DS061,DS005;DS062,"Patient-level NHS datasets; linked national collections | Admissions; outpatients; historical A&E; critical care; diagnoses; procedures | Patient-level contacts; diagnoses; care events; children/adults; autism/LD services | GP diagnoses; symptoms; prescriptions; tests; referrals; demographics; HES; deaths | Core clinical, assessment, intervention and outcome data across new regional services",RESTRICTED_LICENSED;RESTRICTED_STUDY;RESTRICTED_TRE,PHASE_1_OR_2,Repeated,Medium,Candidate source mapping only; verify field-level availability and construct validity before application.
HC-010,Healthcare pathway,Neurodevelopmental assessment completeness,EHR,DS001;DS002;DS003;DS004;DS061,DS005;DS062,"Patient-level NHS datasets; linked national collections | Admissions; outpatients; historical A&E; critical care; diagnoses; procedures | Patient-level contacts; diagnoses; care events; children/adults; autism/LD services | GP diagnoses; symptoms; prescriptions; tests; referrals; demographics; HES; deaths | Core clinical, assessment, intervention and outcome data across new regional services",RESTRICTED_LICENSED;RESTRICTED_STUDY;RESTRICTED_TRE,PHASE_1_OR_2,Repeated,Medium,Candidate source mapping only; verify field-level availability and construct validity before application.
HC-011,Healthcare pathway,Differential diagnoses considered,EHR,DS001;DS002;DS003;DS004;DS061,DS005;DS062,"Patient-level NHS datasets; linked national collections | Admissions; outpatients; historical A&E; critical care; diagnoses; procedures | Patient-level contacts; diagnoses; care events; children/adults; autism/LD services | GP diagnoses; symptoms; prescriptions; tests; referrals; demographics; HES; deaths | Core clinical, assessment, intervention and outcome data across new regional services",RESTRICTED_LICENSED;RESTRICTED_STUDY;RESTRICTED_TRE,PHASE_1_OR_2,Repeated,Medium,Candidate source mapping only; verify field-level availability and construct validity before application.
HC-012,Healthcare pathway,Biopsychosocial formulation documented,EHR,DS001;DS002;DS003;DS004;DS061,DS005;DS062,"Patient-level NHS datasets; linked national collections | Admissions; outpatients; historical A&E; critical care; diagnoses; procedures | Patient-level contacts; diagnoses; care events; children/adults; autism/LD services | GP diagnoses; symptoms; prescriptions; tests; referrals; demographics; HES; deaths | Core clinical, assessment, intervention and outcome data across new regional services",RESTRICTED_LICENSED;RESTRICTED_STUDY;RESTRICTED_TRE,PHASE_1_OR_2,Repeated,Medium,Candidate source mapping only; verify field-level availability and construct validity before application.
HC-013,Healthcare pathway,Validated instruments used,EHR,DS001;DS002;DS003;DS004;DS061,DS005;DS062,"Patient-level NHS datasets; linked national collections | Admissions; outpatients; historical A&E; critical care; diagnoses; procedures | Patient-level contacts; diagnoses; care events; children/adults; autism/LD services | GP diagnoses; symptoms; prescriptions; tests; referrals; demographics; HES; deaths | Core clinical, assessment, intervention and outcome data across new regional services",RESTRICTED_LICENSED;RESTRICTED_STUDY;RESTRICTED_TRE,PHASE_1_OR_2,Repeated,Medium,Candidate source mapping only; verify field-level availability and construct validity before application.
HC-014,Healthcare pathway,Social-transition advice,EHR,DS001;DS002;DS003;DS004;DS061,DS005;DS062,"Patient-level NHS datasets; linked national collections | Admissions; outpatients; historical A&E; critical care; diagnoses; procedures | Patient-level contacts; diagnoses; care events; children/adults; autism/LD services | GP diagnoses; symptoms; prescriptions; tests; referrals; demographics; HES; deaths | Core clinical, assessment, intervention and outcome data across new regional services",RESTRICTED_LICENSED;RESTRICTED_STUDY;RESTRICTED_TRE,PHASE_1_OR_2,Repeated,Medium,Candidate source mapping only; verify field-level availability and construct validity before application.
HC-015,Healthcare pathway,Psychological intervention,EHR,DS001;DS002;DS003;DS004;DS061,DS005;DS062,"Patient-level NHS datasets; linked national collections | Admissions; outpatients; historical A&E; critical care; diagnoses; procedures | Patient-level contacts; diagnoses; care events; children/adults; autism/LD services | GP diagnoses; symptoms; prescriptions; tests; referrals; demographics; HES; deaths | Core clinical, assessment, intervention and outcome data across new regional services",RESTRICTED_LICENSED;RESTRICTED_STUDY;RESTRICTED_TRE,PHASE_1_OR_2,Repeated,Medium,Candidate source mapping only; verify field-level availability and construct validity before application.
HC-016,Healthcare pathway,Endocrine referral,EHR,DS001;DS002;DS003;DS004;DS061,DS005;DS062,"Patient-level NHS datasets; linked national collections | Admissions; outpatients; historical A&E; critical care; diagnoses; procedures | Patient-level contacts; diagnoses; care events; children/adults; autism/LD services | GP diagnoses; symptoms; prescriptions; tests; referrals; demographics; HES; deaths | Core clinical, assessment, intervention and outcome data across new regional services",RESTRICTED_LICENSED;RESTRICTED_STUDY;RESTRICTED_TRE,PHASE_1_OR_2,Repeated,Medium,Candidate source mapping only; verify field-level availability and construct validity before application.
HC-017,Healthcare pathway,Hormonal treatment exposure,EHR,DS001;DS002;DS003;DS004;DS061,DS005;DS062,"Patient-level NHS datasets; linked national collections | Admissions; outpatients; historical A&E; critical care; diagnoses; procedures | Patient-level contacts; diagnoses; care events; children/adults; autism/LD services | GP diagnoses; symptoms; prescriptions; tests; referrals; demographics; HES; deaths | Core clinical, assessment, intervention and outcome data across new regional services",RESTRICTED_LICENSED;RESTRICTED_STUDY;RESTRICTED_TRE,PHASE_1_OR_2,Repeated,Medium,Candidate source mapping only; verify field-level availability and construct validity before application.
HC-018,Healthcare pathway,Surgical treatment exposure,EHR,DS001;DS002;DS003;DS004;DS061,DS005;DS062,"Patient-level NHS datasets; linked national collections | Admissions; outpatients; historical A&E; critical care; diagnoses; procedures | Patient-level contacts; diagnoses; care events; children/adults; autism/LD services | GP diagnoses; symptoms; prescriptions; tests; referrals; demographics; HES; deaths | Core clinical, assessment, intervention and outcome data across new regional services",RESTRICTED_LICENSED;RESTRICTED_STUDY;RESTRICTED_TRE,PHASE_1_OR_2,Repeated,Medium,Candidate source mapping only; verify field-level availability and construct validity before application.
HC-019,Healthcare pathway,Consent process completeness,EHR,DS001;DS002;DS003;DS004;DS061,DS005;DS062,"Patient-level NHS datasets; linked national collections | Admissions; outpatients; historical A&E; critical care; diagnoses; procedures | Patient-level contacts; diagnoses; care events; children/adults; autism/LD services | GP diagnoses; symptoms; prescriptions; tests; referrals; demographics; HES; deaths | Core clinical, assessment, intervention and outcome data across new regional services",RESTRICTED_LICENSED;RESTRICTED_STUDY;RESTRICTED_TRE,PHASE_1_OR_2,Repeated,Medium,Candidate source mapping only; verify field-level availability and construct validity before application.
HC-020,Healthcare pathway,Follow-up intensity,EHR,DS001;DS002;DS003;DS004;DS061,DS005;DS062,"Patient-level NHS datasets; linked national collections | Admissions; outpatients; historical A&E; critical care; diagnoses; procedures | Patient-level contacts; diagnoses; care events; children/adults; autism/LD services | GP diagnoses; symptoms; prescriptions; tests; referrals; demographics; HES; deaths | Core clinical, assessment, intervention and outcome data across new regional services",RESTRICTED_LICENSED;RESTRICTED_STUDY;RESTRICTED_TRE,PHASE_1_OR_2,Repeated,Medium,Candidate source mapping only; verify field-level availability and construct validity before application.
HC-021,Healthcare pathway,Outcome measurement completeness,EHR,DS001;DS002;DS003;DS004;DS061,DS005;DS062,"Patient-level NHS datasets; linked national collections | Admissions; outpatients; historical A&E; critical care; diagnoses; procedures | Patient-level contacts; diagnoses; care events; children/adults; autism/LD services | GP diagnoses; symptoms; prescriptions; tests; referrals; demographics; HES; deaths | Core clinical, assessment, intervention and outcome data across new regional services",RESTRICTED_LICENSED;RESTRICTED_STUDY;RESTRICTED_TRE,PHASE_1_OR_2,Repeated,Medium,Candidate source mapping only; verify field-level availability and construct validity before application.
HC-022,Healthcare pathway,Treatment discontinuation/change,EHR/PRO,DS001;DS002;DS003;DS004;DS061,DS005;DS062,"Patient-level NHS datasets; linked national collections | Admissions; outpatients; historical A&E; critical care; diagnoses; procedures | Patient-level contacts; diagnoses; care events; children/adults; autism/LD services | GP diagnoses; symptoms; prescriptions; tests; referrals; demographics; HES; deaths | Core clinical, assessment, intervention and outcome data across new regional services",RESTRICTED_LICENSED;RESTRICTED_STUDY;RESTRICTED_TRE,PHASE_1_OR_2,Repeated,Medium,Candidate source mapping only; verify field-level availability and construct validity before application.
CLN-001,Clinician,Clinician profession/specialty,workforce data,DS046;DS058;DS064,DS065;DS045,"Service specifications, clinical policies, reviews, implementation reports | Guidelines, position statements, training materials, consultation responses | Interviews, longitudinal narratives, clinician/patient discourse, vignettes",MIXED_ACCESS;OPEN_CORPUS;PRIMARY_RESEARCH,PHASE_1_OR_2,Repeated,Medium,Candidate source mapping only; verify field-level availability and construct validity before application.
CLN-002,Clinician,Years of clinical experience,workforce data,DS046;DS058;DS064,DS065;DS045,"Service specifications, clinical policies, reviews, implementation reports | Guidelines, position statements, training materials, consultation responses | Interviews, longitudinal narratives, clinician/patient discourse, vignettes",MIXED_ACCESS;OPEN_CORPUS;PRIMARY_RESEARCH,PHASE_1_OR_2,Repeated,Medium,Candidate source mapping only; verify field-level availability and construct validity before application.
CLN-003,Clinician,Gender-service case volume,service data,DS046;DS058;DS064,DS065;DS045,"Service specifications, clinical policies, reviews, implementation reports | Guidelines, position statements, training materials, consultation responses | Interviews, longitudinal narratives, clinician/patient discourse, vignettes",MIXED_ACCESS;OPEN_CORPUS;PRIMARY_RESEARCH,PHASE_1_OR_2,Repeated,Medium,Candidate source mapping only; verify field-level availability and construct validity before application.
CLN-004,Clinician,Assessment time available,service data,DS046;DS058;DS064,DS065;DS045,"Service specifications, clinical policies, reviews, implementation reports | Guidelines, position statements, training materials, consultation responses | Interviews, longitudinal narratives, clinician/patient discourse, vignettes",MIXED_ACCESS;OPEN_CORPUS;PRIMARY_RESEARCH,PHASE_1_OR_2,Repeated,Medium,Candidate source mapping only; verify field-level availability and construct validity before application.
CLN-005,Clinician,Clinical supervision frequency,service data,DS046;DS058;DS064,DS065;DS045,"Service specifications, clinical policies, reviews, implementation reports | Guidelines, position statements, training materials, consultation responses | Interviews, longitudinal narratives, clinician/patient discourse, vignettes",MIXED_ACCESS;OPEN_CORPUS;PRIMARY_RESEARCH,PHASE_1_OR_2,Repeated,Medium,Candidate source mapping only; verify field-level availability and construct validity before application.
CLN-006,Clinician,Guideline/service-specification version used,EHR/service,DS046;DS058;DS064,DS065;DS045,"Service specifications, clinical policies, reviews, implementation reports | Guidelines, position statements, training materials, consultation responses | Interviews, longitudinal narratives, clinician/patient discourse, vignettes",MIXED_ACCESS;OPEN_CORPUS;PRIMARY_RESEARCH,PHASE_1_OR_2,Repeated,Medium,Candidate source mapping only; verify field-level availability and construct validity before application.
CLN-007,Clinician,Required-domain completion rate,audit,DS046;DS058;DS064,DS065;DS045,"Service specifications, clinical policies, reviews, implementation reports | Guidelines, position statements, training materials, consultation responses | Interviews, longitudinal narratives, clinician/patient discourse, vignettes",MIXED_ACCESS;OPEN_CORPUS;PRIMARY_RESEARCH,PHASE_1_OR_2,Repeated,Medium,Candidate source mapping only; verify field-level availability and construct validity before application.
CLN-008,Clinician,Diagnostic decision in blinded vignette,research experiment,DS046;DS058;DS064,DS065;DS045,"Service specifications, clinical policies, reviews, implementation reports | Guidelines, position statements, training materials, consultation responses | Interviews, longitudinal narratives, clinician/patient discourse, vignettes",MIXED_ACCESS;OPEN_CORPUS;PRIMARY_RESEARCH,PHASE_1_OR_2,Repeated,Medium,Candidate source mapping only; verify field-level availability and construct validity before application.
CLN-009,Clinician,Treatment recommendation in blinded vignette,research experiment,DS046;DS058;DS064,DS065;DS045,"Service specifications, clinical policies, reviews, implementation reports | Guidelines, position statements, training materials, consultation responses | Interviews, longitudinal narratives, clinician/patient discourse, vignettes",MIXED_ACCESS;OPEN_CORPUS;PRIMARY_RESEARCH,PHASE_1_OR_2,Repeated,Medium,Candidate source mapping only; verify field-level availability and construct validity before application.
CLN-010,Clinician,Decision confidence,research experiment,DS046;DS058;DS064,DS065;DS045,"Service specifications, clinical policies, reviews, implementation reports | Guidelines, position statements, training materials, consultation responses | Interviews, longitudinal narratives, clinician/patient discourse, vignettes",MIXED_ACCESS;OPEN_CORPUS;PRIMARY_RESEARCH,PHASE_1_OR_2,Repeated,Medium,Candidate source mapping only; verify field-level availability and construct validity before application.
CLN-011,Clinician,Inter-rater agreement,derived,DS046;DS058;DS064,DS065;DS045,"Service specifications, clinical policies, reviews, implementation reports | Guidelines, position statements, training materials, consultation responses | Interviews, longitudinal narratives, clinician/patient discourse, vignettes",MIXED_ACCESS;OPEN_CORPUS;PRIMARY_RESEARCH,PHASE_1_OR_2,Analysis,Medium,Candidate source mapping only; verify field-level availability and construct validity before application.
CLN-012,Clinician,Outcome feedback available to clinician,service data,DS046;DS058;DS064,DS065;DS045,"Service specifications, clinical policies, reviews, implementation reports | Guidelines, position statements, training materials, consultation responses | Interviews, longitudinal narratives, clinician/patient discourse, vignettes",MIXED_ACCESS;OPEN_CORPUS;PRIMARY_RESEARCH,PHASE_1_OR_2,Repeated,Medium,Candidate source mapping only; verify field-level availability and construct validity before application.
CLN-013,Clinician,Training programme exposure,workforce data,DS046;DS058;DS064,DS065;DS045,"Service specifications, clinical policies, reviews, implementation reports | Guidelines, position statements, training materials, consultation responses | Interviews, longitudinal narratives, clinician/patient discourse, vignettes",MIXED_ACCESS;OPEN_CORPUS;PRIMARY_RESEARCH,PHASE_1_OR_2,Repeated,Medium,Candidate source mapping only; verify field-level availability and construct validity before application.
CLN-014,Clinician,Declared relevant conflict/affiliation,public/declaration,DS046;DS058;DS064,DS065;DS045,"Service specifications, clinical policies, reviews, implementation reports | Guidelines, position statements, training materials, consultation responses | Interviews, longitudinal narratives, clinician/patient discourse, vignettes",MIXED_ACCESS;OPEN_CORPUS;PRIMARY_RESEARCH,PHASE_1_OR_2,Repeated,Medium,Candidate source mapping only; verify field-level availability and construct validity before application.
INS-001,Institutional/service,Clinic/service identity,service data,DS046;DS047;DS061,DS063;DS001,"Service specifications, clinical policies, reviews, implementation reports | Waiting lists, referrals, first assessments, discharges/appointments by clinic | Core clinical, assessment, intervention and outcome data across new regional services",MIXED_ACCESS;OPEN_AGGREGATE;OPEN_CORPUS;RESTRICTED_TRE,PHASE_1_OR_2,Repeated,Medium,Candidate source mapping only; verify field-level availability and construct validity before application.
INS-002,Institutional/service,Service model,service spec,DS046;DS047;DS061,DS063;DS001,"Service specifications, clinical policies, reviews, implementation reports | Waiting lists, referrals, first assessments, discharges/appointments by clinic | Core clinical, assessment, intervention and outcome data across new regional services",MIXED_ACCESS;OPEN_AGGREGATE;OPEN_CORPUS;RESTRICTED_TRE,PHASE_1_OR_2,Repeated,Medium,Candidate source mapping only; verify field-level availability and construct validity before application.
INS-003,Institutional/service,Local pathway version,service data,DS046;DS047;DS061,DS063;DS001,"Service specifications, clinical policies, reviews, implementation reports | Waiting lists, referrals, first assessments, discharges/appointments by clinic | Core clinical, assessment, intervention and outcome data across new regional services",MIXED_ACCESS;OPEN_AGGREGATE;OPEN_CORPUS;RESTRICTED_TRE,PHASE_1_OR_2,Repeated,Medium,Candidate source mapping only; verify field-level availability and construct validity before application.
INS-004,Institutional/service,Staffing ratio,service data,DS046;DS047;DS061,DS063;DS001,"Service specifications, clinical policies, reviews, implementation reports | Waiting lists, referrals, first assessments, discharges/appointments by clinic | Core clinical, assessment, intervention and outcome data across new regional services",MIXED_ACCESS;OPEN_AGGREGATE;OPEN_CORPUS;RESTRICTED_TRE,PHASE_1_OR_2,Repeated,Medium,Candidate source mapping only; verify field-level availability and construct validity before application.
INS-005,Institutional/service,Caseload pressure,service data,DS046;DS047;DS061,DS063;DS001,"Service specifications, clinical policies, reviews, implementation reports | Waiting lists, referrals, first assessments, discharges/appointments by clinic | Core clinical, assessment, intervention and outcome data across new regional services",MIXED_ACCESS;OPEN_AGGREGATE;OPEN_CORPUS;RESTRICTED_TRE,PHASE_1_OR_2,Repeated,Medium,Candidate source mapping only; verify field-level availability and construct validity before application.
INS-006,Institutional/service,Waiting-list size,service data,DS046;DS047;DS061,DS063;DS001,"Service specifications, clinical policies, reviews, implementation reports | Waiting lists, referrals, first assessments, discharges/appointments by clinic | Core clinical, assessment, intervention and outcome data across new regional services",MIXED_ACCESS;OPEN_AGGREGATE;OPEN_CORPUS;RESTRICTED_TRE,PHASE_1_OR_2,Repeated,Medium,Candidate source mapping only; verify field-level availability and construct validity before application.
INS-007,Institutional/service,Assessment template version,service data,DS046;DS047;DS061,DS063;DS001,"Service specifications, clinical policies, reviews, implementation reports | Waiting lists, referrals, first assessments, discharges/appointments by clinic | Core clinical, assessment, intervention and outcome data across new regional services",MIXED_ACCESS;OPEN_AGGREGATE;OPEN_CORPUS;RESTRICTED_TRE,PHASE_1_OR_2,Repeated,Medium,Candidate source mapping only; verify field-level availability and construct validity before application.
INS-008,Institutional/service,MDT composition,service data,DS046;DS047;DS061,DS063;DS001,"Service specifications, clinical policies, reviews, implementation reports | Waiting lists, referrals, first assessments, discharges/appointments by clinic | Core clinical, assessment, intervention and outcome data across new regional services",MIXED_ACCESS;OPEN_AGGREGATE;OPEN_CORPUS;RESTRICTED_TRE,PHASE_1_OR_2,Repeated,Medium,Candidate source mapping only; verify field-level availability and construct validity before application.
INS-009,Institutional/service,Audit/research maturity,service audit,DS046;DS047;DS061,DS063;DS001,"Service specifications, clinical policies, reviews, implementation reports | Waiting lists, referrals, first assessments, discharges/appointments by clinic | Core clinical, assessment, intervention and outcome data across new regional services",MIXED_ACCESS;OPEN_AGGREGATE;OPEN_CORPUS;RESTRICTED_TRE,PHASE_1_OR_2,Repeated,Medium,Candidate source mapping only; verify field-level availability and construct validity before application.
INS-010,Institutional/service,Outcome follow-up completeness,service data,DS046;DS047;DS061,DS063;DS001,"Service specifications, clinical policies, reviews, implementation reports | Waiting lists, referrals, first assessments, discharges/appointments by clinic | Core clinical, assessment, intervention and outcome data across new regional services",MIXED_ACCESS;OPEN_AGGREGATE;OPEN_CORPUS;RESTRICTED_TRE,PHASE_1_OR_2,Repeated,Medium,Candidate source mapping only; verify field-level availability and construct validity before application.
INS-011,Institutional/service,Referral threshold,service data,DS046;DS047;DS061,DS063;DS001,"Service specifications, clinical policies, reviews, implementation reports | Waiting lists, referrals, first assessments, discharges/appointments by clinic | Core clinical, assessment, intervention and outcome data across new regional services",MIXED_ACCESS;OPEN_AGGREGATE;OPEN_CORPUS;RESTRICTED_TRE,PHASE_1_OR_2,Repeated,Medium,Candidate source mapping only; verify field-level availability and construct validity before application.
INS-012,Institutional/service,Eligibility criteria,service data,DS046;DS047;DS061,DS063;DS001,"Service specifications, clinical policies, reviews, implementation reports | Waiting lists, referrals, first assessments, discharges/appointments by clinic | Core clinical, assessment, intervention and outcome data across new regional services",MIXED_ACCESS;OPEN_AGGREGATE;OPEN_CORPUS;RESTRICTED_TRE,PHASE_1_OR_2,Repeated,Medium,Candidate source mapping only; verify field-level availability and construct validity before application.
INS-013,Institutional/service,Commissioning policy version,public/service,DS046;DS047;DS061,DS063;DS001,"Service specifications, clinical policies, reviews, implementation reports | Waiting lists, referrals, first assessments, discharges/appointments by clinic | Core clinical, assessment, intervention and outcome data across new regional services",MIXED_ACCESS;OPEN_AGGREGATE;OPEN_CORPUS;RESTRICTED_TRE,PHASE_1_OR_2,Repeated,Medium,Candidate source mapping only; verify field-level availability and construct validity before application.
INS-014,Institutional/service,Clinical governance incident history,service records,DS046;DS047;DS061,DS063;DS001,"Service specifications, clinical policies, reviews, implementation reports | Waiting lists, referrals, first assessments, discharges/appointments by clinic | Core clinical, assessment, intervention and outcome data across new regional services",MIXED_ACCESS;OPEN_AGGREGATE;OPEN_CORPUS;RESTRICTED_TRE,PHASE_1_OR_2,Repeated,Medium,Candidate source mapping only; verify field-level availability and construct validity before application.
POL-001,Government/policy,DSM/ICD classification version/date,public record,DS029;DS030;DS031;DS032,DS054;DS055;DS063,"Archived UK government websites and some social channels; snapshots; exportable search metadata | Guidance, consultations, equality analyses, policy papers, updates | Debates, written statements, questions, proceedings | Acts, statutory instruments, revisions and metadata",MIXED_ACCESS;OPEN;OPEN_ARCHIVE;OPEN_CORPUS,PHASE_1_OR_2,Repeated,Medium,Candidate source mapping only; verify field-level availability and construct validity before application.
POL-002,Government/policy,NHS service specification version/date,public record,DS029;DS030;DS031;DS032,DS054;DS055;DS063,"Archived UK government websites and some social channels; snapshots; exportable search metadata | Guidance, consultations, equality analyses, policy papers, updates | Debates, written statements, questions, proceedings | Acts, statutory instruments, revisions and metadata",MIXED_ACCESS;OPEN;OPEN_ARCHIVE;OPEN_CORPUS,PHASE_1_OR_2,Repeated,Medium,Candidate source mapping only; verify field-level availability and construct validity before application.
POL-003,Government/policy,Prescribing policy version/date,public record,DS029;DS030;DS031;DS032,DS054;DS055;DS063,"Archived UK government websites and some social channels; snapshots; exportable search metadata | Guidance, consultations, equality analyses, policy papers, updates | Debates, written statements, questions, proceedings | Acts, statutory instruments, revisions and metadata",MIXED_ACCESS;OPEN;OPEN_ARCHIVE;OPEN_CORPUS,PHASE_1_OR_2,Repeated,Medium,Candidate source mapping only; verify field-level availability and construct validity before application.
POL-004,Government/policy,Referral policy version/date,public record,DS029;DS030;DS031;DS032,DS054;DS055;DS063,"Archived UK government websites and some social channels; snapshots; exportable search metadata | Guidance, consultations, equality analyses, policy papers, updates | Debates, written statements, questions, proceedings | Acts, statutory instruments, revisions and metadata",MIXED_ACCESS;OPEN;OPEN_ARCHIVE;OPEN_CORPUS,PHASE_1_OR_2,Repeated,Medium,Candidate source mapping only; verify field-level availability and construct validity before application.
POL-005,Government/policy,School guidance version/date,public record,DS029;DS030;DS031;DS032,DS054;DS055;DS063,"Archived UK government websites and some social channels; snapshots; exportable search metadata | Guidance, consultations, equality analyses, policy papers, updates | Debates, written statements, questions, proceedings | Acts, statutory instruments, revisions and metadata",MIXED_ACCESS;OPEN;OPEN_ARCHIVE;OPEN_CORPUS,PHASE_1_OR_2,Repeated,Medium,Candidate source mapping only; verify field-level availability and construct validity before application.
POL-006,Government/policy,Regulatory/legal change,public record,DS029;DS030;DS031;DS032,DS054;DS055;DS063,"Archived UK government websites and some social channels; snapshots; exportable search metadata | Guidance, consultations, equality analyses, policy papers, updates | Debates, written statements, questions, proceedings | Acts, statutory instruments, revisions and metadata",MIXED_ACCESS;OPEN;OPEN_ARCHIVE;OPEN_CORPUS,PHASE_1_OR_2,Repeated,Medium,Candidate source mapping only; verify field-level availability and construct validity before application.
POL-007,Government/policy,Clinic opening/closure,public record,DS029;DS030;DS031;DS032,DS054;DS055;DS063,"Archived UK government websites and some social channels; snapshots; exportable search metadata | Guidance, consultations, equality analyses, policy papers, updates | Debates, written statements, questions, proceedings | Acts, statutory instruments, revisions and metadata",MIXED_ACCESS;OPEN;OPEN_ARCHIVE;OPEN_CORPUS,PHASE_1_OR_2,Repeated,Medium,Candidate source mapping only; verify field-level availability and construct validity before application.
POL-008,Government/policy,Commissioning change,public record,DS029;DS030;DS031;DS032,DS054;DS055;DS063,"Archived UK government websites and some social channels; snapshots; exportable search metadata | Guidance, consultations, equality analyses, policy papers, updates | Debates, written statements, questions, proceedings | Acts, statutory instruments, revisions and metadata",MIXED_ACCESS;OPEN;OPEN_ARCHIVE;OPEN_CORPUS,PHASE_1_OR_2,Repeated,Medium,Candidate source mapping only; verify field-level availability and construct validity before application.
POL-009,Government/policy,Public policy announcement salience,public/media,DS029;DS030;DS031;DS032,DS054;DS055;DS063,"Archived UK government websites and some social channels; snapshots; exportable search metadata | Guidance, consultations, equality analyses, policy papers, updates | Debates, written statements, questions, proceedings | Acts, statutory instruments, revisions and metadata",MIXED_ACCESS;OPEN;OPEN_ARCHIVE;OPEN_CORPUS,PHASE_1_OR_2,Repeated,Medium,Candidate source mapping only; verify field-level availability and construct validity before application.
POL-010,Government/policy,Research trial availability,public/service,DS029;DS030;DS031;DS032,DS054;DS055;DS063,"Archived UK government websites and some social channels; snapshots; exportable search metadata | Guidance, consultations, equality analyses, policy papers, updates | Debates, written statements, questions, proceedings | Acts, statutory instruments, revisions and metadata",MIXED_ACCESS;OPEN;OPEN_ARCHIVE;OPEN_CORPUS,PHASE_1_OR_2,Repeated,Medium,Candidate source mapping only; verify field-level availability and construct validity before application.
DX-001,Diagnostic measurement,DSM item-level criteria,clinical/research,DS049;DS050;DS003,DS064;DS018,"Diagnostic criteria, terminology and explanatory text | Diagnostic classification, coding and terminology across ICD editions | Patient-level contacts; diagnoses; care events; children/adults; autism/LD services",LICENSED_CORPUS;MIXED_ACCESS;PRIMARY_RESEARCH;RESTRICTED_TRE,PHASE_1_OR_2,Repeated,Medium,Candidate source mapping only; verify field-level availability and construct validity before application.
DX-002,Diagnostic measurement,ICD item-level criteria,clinical/research,DS049;DS050;DS003,DS064;DS018,"Diagnostic criteria, terminology and explanatory text | Diagnostic classification, coding and terminology across ICD editions | Patient-level contacts; diagnoses; care events; children/adults; autism/LD services",LICENSED_CORPUS;MIXED_ACCESS;PRIMARY_RESEARCH;RESTRICTED_TRE,PHASE_1_OR_2,Repeated,Medium,Candidate source mapping only; verify field-level availability and construct validity before application.
DX-003,Diagnostic measurement,Gender-related distress severity,PRO,DS049;DS050;DS003,DS064;DS018,"Diagnostic criteria, terminology and explanatory text | Diagnostic classification, coding and terminology across ICD editions | Patient-level contacts; diagnoses; care events; children/adults; autism/LD services",LICENSED_CORPUS;MIXED_ACCESS;PRIMARY_RESEARCH;RESTRICTED_TRE,PHASE_1_OR_2,Repeated,Medium,Candidate source mapping only; verify field-level availability and construct validity before application.
DX-004,Diagnostic measurement,Functional impairment,PRO/EHR,DS049;DS050;DS003,DS064;DS018,"Diagnostic criteria, terminology and explanatory text | Diagnostic classification, coding and terminology across ICD editions | Patient-level contacts; diagnoses; care events; children/adults; autism/LD services",LICENSED_CORPUS;MIXED_ACCESS;PRIMARY_RESEARCH;RESTRICTED_TRE,PHASE_1_OR_2,Repeated,Medium,Candidate source mapping only; verify field-level availability and construct validity before application.
DX-005,Diagnostic measurement,Duration/persistence,EHR/PRO,DS049;DS050;DS003,DS064;DS018,"Diagnostic criteria, terminology and explanatory text | Diagnostic classification, coding and terminology across ICD editions | Patient-level contacts; diagnoses; care events; children/adults; autism/LD services",LICENSED_CORPUS;MIXED_ACCESS;PRIMARY_RESEARCH;RESTRICTED_TRE,PHASE_1_OR_2,Repeated,Medium,Candidate source mapping only; verify field-level availability and construct validity before application.
DX-006,Diagnostic measurement,Clarity/consistency over time,EHR/PRO,DS049;DS050;DS003,DS064;DS018,"Diagnostic criteria, terminology and explanatory text | Diagnostic classification, coding and terminology across ICD editions | Patient-level contacts; diagnoses; care events; children/adults; autism/LD services",LICENSED_CORPUS;MIXED_ACCESS;PRIMARY_RESEARCH;RESTRICTED_TRE,PHASE_1_OR_2,Repeated,Medium,Candidate source mapping only; verify field-level availability and construct validity before application.
DX-007,Diagnostic measurement,Measure version,metadata,DS049;DS050;DS003,DS064;DS018,"Diagnostic criteria, terminology and explanatory text | Diagnostic classification, coding and terminology across ICD editions | Patient-level contacts; diagnoses; care events; children/adults; autism/LD services",LICENSED_CORPUS;MIXED_ACCESS;PRIMARY_RESEARCH;RESTRICTED_TRE,PHASE_1_OR_2,Repeated,Medium,Candidate source mapping only; verify field-level availability and construct validity before application.
DX-008,Diagnostic measurement,Informant source,metadata,DS049;DS050;DS003,DS064;DS018,"Diagnostic criteria, terminology and explanatory text | Diagnostic classification, coding and terminology across ICD editions | Patient-level contacts; diagnoses; care events; children/adults; autism/LD services",LICENSED_CORPUS;MIXED_ACCESS;PRIMARY_RESEARCH;RESTRICTED_TRE,PHASE_1_OR_2,Repeated,Medium,Candidate source mapping only; verify field-level availability and construct validity before application.
DX-009,Diagnostic measurement,Diagnostic disagreement,multi-rater,DS049;DS050;DS003,DS064;DS018,"Diagnostic criteria, terminology and explanatory text | Diagnostic classification, coding and terminology across ICD editions | Patient-level contacts; diagnoses; care events; children/adults; autism/LD services",LICENSED_CORPUS;MIXED_ACCESS;PRIMARY_RESEARCH;RESTRICTED_TRE,PHASE_1_OR_2,Repeated,Medium,Candidate source mapping only; verify field-level availability and construct validity before application.
DX-010,Diagnostic measurement,Missing criterion items,metadata,DS049;DS050;DS003,DS064;DS018,"Diagnostic criteria, terminology and explanatory text | Diagnostic classification, coding and terminology across ICD editions | Patient-level contacts; diagnoses; care events; children/adults; autism/LD services",LICENSED_CORPUS;MIXED_ACCESS;PRIMARY_RESEARCH;RESTRICTED_TRE,PHASE_1_OR_2,Repeated,Medium,Candidate source mapping only; verify field-level availability and construct validity before application.
DX-011,Diagnostic measurement,Inter-rater reliability,derived,DS049;DS050;DS003,DS064;DS018,"Diagnostic criteria, terminology and explanatory text | Diagnostic classification, coding and terminology across ICD editions | Patient-level contacts; diagnoses; care events; children/adults; autism/LD services",LICENSED_CORPUS;MIXED_ACCESS;PRIMARY_RESEARCH;RESTRICTED_TRE,PHASE_1_OR_2,Analysis,Medium,Candidate source mapping only; verify field-level availability and construct validity before application.
DX-012,Diagnostic measurement,Measurement invariance statistic,derived,DS049;DS050;DS003,DS064;DS018,"Diagnostic criteria, terminology and explanatory text | Diagnostic classification, coding and terminology across ICD editions | Patient-level contacts; diagnoses; care events; children/adults; autism/LD services",LICENSED_CORPUS;MIXED_ACCESS;PRIMARY_RESEARCH;RESTRICTED_TRE,PHASE_1_OR_2,Analysis,Medium,Candidate source mapping only; verify field-level availability and construct validity before application.
DX-013,Diagnostic measurement,Discriminant validity statistic,derived,DS049;DS050;DS003,DS064;DS018,"Diagnostic criteria, terminology and explanatory text | Diagnostic classification, coding and terminology across ICD editions | Patient-level contacts; diagnoses; care events; children/adults; autism/LD services",LICENSED_CORPUS;MIXED_ACCESS;PRIMARY_RESEARCH;RESTRICTED_TRE,PHASE_1_OR_2,Analysis,Medium,Candidate source mapping only; verify field-level availability and construct validity before application.
DX-014,Diagnostic measurement,Incremental predictive value,derived,DS049;DS050;DS003,DS064;DS018,"Diagnostic criteria, terminology and explanatory text | Diagnostic classification, coding and terminology across ICD editions | Patient-level contacts; diagnoses; care events; children/adults; autism/LD services",LICENSED_CORPUS;MIXED_ACCESS;PRIMARY_RESEARCH;RESTRICTED_TRE,PHASE_1_OR_2,Analysis,Medium,Candidate source mapping only; verify field-level availability and construct validity before application.
TRT-001,Treatment,No medical intervention comparator,EHR/PRO,DS061;DS062;DS004,DS002;DS003;DS005,"Core clinical, assessment, intervention and outcome data across new regional services | Former Tavistock GIDS records linked to adult outcomes where authorised | GP diagnoses; symptoms; prescriptions; tests; referrals; demographics; HES; deaths",RESTRICTED_LICENSED;RESTRICTED_STUDY;RESTRICTED_TRE,PHASE_1_OR_2,Repeated,Medium,Candidate source mapping only; verify field-level availability and construct validity before application.
TRT-002,Treatment,Biopsychosocial/psychological support,EHR,DS061;DS062;DS004,DS002;DS003;DS005,"Core clinical, assessment, intervention and outcome data across new regional services | Former Tavistock GIDS records linked to adult outcomes where authorised | GP diagnoses; symptoms; prescriptions; tests; referrals; demographics; HES; deaths",RESTRICTED_LICENSED;RESTRICTED_STUDY;RESTRICTED_TRE,PHASE_1_OR_2,Repeated,Medium,Candidate source mapping only; verify field-level availability and construct validity before application.
TRT-003,Treatment,Psychotherapy modality,EHR,DS061;DS062;DS004,DS002;DS003;DS005,"Core clinical, assessment, intervention and outcome data across new regional services | Former Tavistock GIDS records linked to adult outcomes where authorised | GP diagnoses; symptoms; prescriptions; tests; referrals; demographics; HES; deaths",RESTRICTED_LICENSED;RESTRICTED_STUDY;RESTRICTED_TRE,PHASE_1_OR_2,Repeated,Medium,Candidate source mapping only; verify field-level availability and construct validity before application.
TRT-004,Treatment,Social transition,PRO/EHR,DS061;DS062;DS004,DS002;DS003;DS005,"Core clinical, assessment, intervention and outcome data across new regional services | Former Tavistock GIDS records linked to adult outcomes where authorised | GP diagnoses; symptoms; prescriptions; tests; referrals; demographics; HES; deaths",RESTRICTED_LICENSED;RESTRICTED_STUDY;RESTRICTED_TRE,PHASE_1_OR_2,Repeated,Medium,Candidate source mapping only; verify field-level availability and construct validity before application.
TRT-005,Treatment,Puberty suppression historical/research exposure,EHR,DS061;DS062;DS004,DS002;DS003;DS005,"Core clinical, assessment, intervention and outcome data across new regional services | Former Tavistock GIDS records linked to adult outcomes where authorised | GP diagnoses; symptoms; prescriptions; tests; referrals; demographics; HES; deaths",RESTRICTED_LICENSED;RESTRICTED_STUDY;RESTRICTED_TRE,PHASE_1_OR_2,Repeated,Medium,Candidate source mapping only; verify field-level availability and construct validity before application.
TRT-006,Treatment,Gender-affirming hormone exposure,EHR,DS061;DS062;DS004,DS002;DS003;DS005,"Core clinical, assessment, intervention and outcome data across new regional services | Former Tavistock GIDS records linked to adult outcomes where authorised | GP diagnoses; symptoms; prescriptions; tests; referrals; demographics; HES; deaths",RESTRICTED_LICENSED;RESTRICTED_STUDY;RESTRICTED_TRE,PHASE_1_OR_2,Repeated,Medium,Candidate source mapping only; verify field-level availability and construct validity before application.
TRT-007,Treatment,Surgical intervention,EHR,DS061;DS062;DS004,DS002;DS003;DS005,"Core clinical, assessment, intervention and outcome data across new regional services | Former Tavistock GIDS records linked to adult outcomes where authorised | GP diagnoses; symptoms; prescriptions; tests; referrals; demographics; HES; deaths",RESTRICTED_LICENSED;RESTRICTED_STUDY;RESTRICTED_TRE,PHASE_1_OR_2,Repeated,Medium,Candidate source mapping only; verify field-level availability and construct validity before application.
TRT-008,Treatment,Concurrent psychiatric treatment,EHR,DS061;DS062;DS004,DS002;DS003;DS005,"Core clinical, assessment, intervention and outcome data across new regional services | Former Tavistock GIDS records linked to adult outcomes where authorised | GP diagnoses; symptoms; prescriptions; tests; referrals; demographics; HES; deaths",RESTRICTED_LICENSED;RESTRICTED_STUDY;RESTRICTED_TRE,PHASE_1_OR_2,Repeated,Medium,Candidate source mapping only; verify field-level availability and construct validity before application.
TRT-009,Treatment,Treatment adherence,EHR/PRO,DS061;DS062;DS004,DS002;DS003;DS005,"Core clinical, assessment, intervention and outcome data across new regional services | Former Tavistock GIDS records linked to adult outcomes where authorised | GP diagnoses; symptoms; prescriptions; tests; referrals; demographics; HES; deaths",RESTRICTED_LICENSED;RESTRICTED_STUDY;RESTRICTED_TRE,PHASE_1_OR_2,Repeated,Medium,Candidate source mapping only; verify field-level availability and construct validity before application.
TRT-010,Treatment,Treatment discontinuation reason,EHR/PRO,DS061;DS062;DS004,DS002;DS003;DS005,"Core clinical, assessment, intervention and outcome data across new regional services | Former Tavistock GIDS records linked to adult outcomes where authorised | GP diagnoses; symptoms; prescriptions; tests; referrals; demographics; HES; deaths",RESTRICTED_LICENSED;RESTRICTED_STUDY;RESTRICTED_TRE,PHASE_1_OR_2,Repeated,Medium,Candidate source mapping only; verify field-level availability and construct validity before application.
TRT-011,Treatment,Treatment change/reversal,EHR/PRO,DS061;DS062;DS004,DS002;DS003;DS005,"Core clinical, assessment, intervention and outcome data across new regional services | Former Tavistock GIDS records linked to adult outcomes where authorised | GP diagnoses; symptoms; prescriptions; tests; referrals; demographics; HES; deaths",RESTRICTED_LICENSED;RESTRICTED_STUDY;RESTRICTED_TRE,PHASE_1_OR_2,Repeated,Medium,Candidate source mapping only; verify field-level availability and construct validity before application.
TRT-012,Treatment,Adverse treatment effects,EHR/PRO,DS061;DS062;DS004,DS002;DS003;DS005,"Core clinical, assessment, intervention and outcome data across new regional services | Former Tavistock GIDS records linked to adult outcomes where authorised | GP diagnoses; symptoms; prescriptions; tests; referrals; demographics; HES; deaths",RESTRICTED_LICENSED;RESTRICTED_STUDY;RESTRICTED_TRE,PHASE_1_OR_2,Repeated,Medium,Candidate source mapping only; verify field-level availability and construct validity before application.
TRT-013,Treatment,Monitoring completeness,EHR,DS061;DS062;DS004,DS002;DS003;DS005,"Core clinical, assessment, intervention and outcome data across new regional services | Former Tavistock GIDS records linked to adult outcomes where authorised | GP diagnoses; symptoms; prescriptions; tests; referrals; demographics; HES; deaths",RESTRICTED_LICENSED;RESTRICTED_STUDY;RESTRICTED_TRE,PHASE_1_OR_2,Repeated,Medium,Candidate source mapping only; verify field-level availability and construct validity before application.
OUT-001,Outcomes,Gender-related distress trajectory,PRO,DS061;DS062;DS002;DS003,DS004;DS018;DS019,"Core clinical, assessment, intervention and outcome data across new regional services | Former Tavistock GIDS records linked to adult outcomes where authorised | Admissions; outpatients; historical A&E; critical care; diagnoses; procedures | Patient-level contacts; diagnoses; care events; children/adults; autism/LD services",MIXED_ACCESS;RESTRICTED_STUDY;RESTRICTED_TRE,PHASE_1_OR_2,Repeated,Medium,Candidate source mapping only; verify field-level availability and construct validity before application.
OUT-002,Outcomes,General psychological distress,PRO,DS061;DS062;DS002;DS003,DS004;DS018;DS019,"Core clinical, assessment, intervention and outcome data across new regional services | Former Tavistock GIDS records linked to adult outcomes where authorised | Admissions; outpatients; historical A&E; critical care; diagnoses; procedures | Patient-level contacts; diagnoses; care events; children/adults; autism/LD services",MIXED_ACCESS;RESTRICTED_STUDY;RESTRICTED_TRE,PHASE_1_OR_2,Repeated,Medium,Candidate source mapping only; verify field-level availability and construct validity before application.
OUT-003,Outcomes,Depression severity,PRO,DS061;DS062;DS002;DS003,DS004;DS018;DS019,"Core clinical, assessment, intervention and outcome data across new regional services | Former Tavistock GIDS records linked to adult outcomes where authorised | Admissions; outpatients; historical A&E; critical care; diagnoses; procedures | Patient-level contacts; diagnoses; care events; children/adults; autism/LD services",MIXED_ACCESS;RESTRICTED_STUDY;RESTRICTED_TRE,PHASE_1_OR_2,Repeated,Medium,Candidate source mapping only; verify field-level availability and construct validity before application.
OUT-004,Outcomes,Anxiety severity,PRO,DS061;DS062;DS002;DS003,DS004;DS018;DS019,"Core clinical, assessment, intervention and outcome data across new regional services | Former Tavistock GIDS records linked to adult outcomes where authorised | Admissions; outpatients; historical A&E; critical care; diagnoses; procedures | Patient-level contacts; diagnoses; care events; children/adults; autism/LD services",MIXED_ACCESS;RESTRICTED_STUDY;RESTRICTED_TRE,PHASE_1_OR_2,Repeated,Medium,Candidate source mapping only; verify field-level availability and construct validity before application.
OUT-005,Outcomes,Self-harm events,EHR,DS061;DS062;DS002;DS003,DS004;DS018;DS019,"Core clinical, assessment, intervention and outcome data across new regional services | Former Tavistock GIDS records linked to adult outcomes where authorised | Admissions; outpatients; historical A&E; critical care; diagnoses; procedures | Patient-level contacts; diagnoses; care events; children/adults; autism/LD services",MIXED_ACCESS;RESTRICTED_STUDY;RESTRICTED_TRE,PHASE_1_OR_2,Repeated,Medium,Candidate source mapping only; verify field-level availability and construct validity before application.
OUT-006,Outcomes,Suicidal ideation/attempts,EHR/PRO,DS061;DS062;DS002;DS003,DS004;DS018;DS019,"Core clinical, assessment, intervention and outcome data across new regional services | Former Tavistock GIDS records linked to adult outcomes where authorised | Admissions; outpatients; historical A&E; critical care; diagnoses; procedures | Patient-level contacts; diagnoses; care events; children/adults; autism/LD services",MIXED_ACCESS;RESTRICTED_STUDY;RESTRICTED_TRE,PHASE_1_OR_2,Repeated,Medium,Candidate source mapping only; verify field-level availability and construct validity before application.
OUT-007,Outcomes,Psychiatric hospitalisation,EHR,DS061;DS062;DS002;DS003,DS004;DS018;DS019,"Core clinical, assessment, intervention and outcome data across new regional services | Former Tavistock GIDS records linked to adult outcomes where authorised | Admissions; outpatients; historical A&E; critical care; diagnoses; procedures | Patient-level contacts; diagnoses; care events; children/adults; autism/LD services",MIXED_ACCESS;RESTRICTED_STUDY;RESTRICTED_TRE,PHASE_1_OR_2,Repeated,Medium,Candidate source mapping only; verify field-level availability and construct validity before application.
OUT-008,Outcomes,School attendance,education,DS061;DS062;DS002;DS003,DS004;DS018;DS019,"Core clinical, assessment, intervention and outcome data across new regional services | Former Tavistock GIDS records linked to adult outcomes where authorised | Admissions; outpatients; historical A&E; critical care; diagnoses; procedures | Patient-level contacts; diagnoses; care events; children/adults; autism/LD services",MIXED_ACCESS;RESTRICTED_STUDY;RESTRICTED_TRE,PHASE_1_OR_2,Repeated,Medium,Candidate source mapping only; verify field-level availability and construct validity before application.
OUT-009,Outcomes,Academic attainment,education,DS061;DS062;DS002;DS003,DS004;DS018;DS019,"Core clinical, assessment, intervention and outcome data across new regional services | Former Tavistock GIDS records linked to adult outcomes where authorised | Admissions; outpatients; historical A&E; critical care; diagnoses; procedures | Patient-level contacts; diagnoses; care events; children/adults; autism/LD services",MIXED_ACCESS;RESTRICTED_STUDY;RESTRICTED_TRE,PHASE_1_OR_2,Repeated,Medium,Candidate source mapping only; verify field-level availability and construct validity before application.
OUT-010,Outcomes,Employment status,admin/PRO,DS061;DS062;DS002;DS003,DS004;DS018;DS019,"Core clinical, assessment, intervention and outcome data across new regional services | Former Tavistock GIDS records linked to adult outcomes where authorised | Admissions; outpatients; historical A&E; critical care; diagnoses; procedures | Patient-level contacts; diagnoses; care events; children/adults; autism/LD services",MIXED_ACCESS;RESTRICTED_STUDY;RESTRICTED_TRE,PHASE_1_OR_2,Repeated,Medium,Candidate source mapping only; verify field-level availability and construct validity before application.
OUT-011,Outcomes,Relationship/social functioning,PRO,DS061;DS062;DS002;DS003,DS004;DS018;DS019,"Core clinical, assessment, intervention and outcome data across new regional services | Former Tavistock GIDS records linked to adult outcomes where authorised | Admissions; outpatients; historical A&E; critical care; diagnoses; procedures | Patient-level contacts; diagnoses; care events; children/adults; autism/LD services",MIXED_ACCESS;RESTRICTED_STUDY;RESTRICTED_TRE,PHASE_1_OR_2,Repeated,Medium,Candidate source mapping only; verify field-level availability and construct validity before application.
OUT-012,Outcomes,Independent living/function,PRO/admin,DS061;DS062;DS002;DS003,DS004;DS018;DS019,"Core clinical, assessment, intervention and outcome data across new regional services | Former Tavistock GIDS records linked to adult outcomes where authorised | Admissions; outpatients; historical A&E; critical care; diagnoses; procedures | Patient-level contacts; diagnoses; care events; children/adults; autism/LD services",MIXED_ACCESS;RESTRICTED_STUDY;RESTRICTED_TRE,PHASE_1_OR_2,Repeated,Medium,Candidate source mapping only; verify field-level availability and construct validity before application.
OUT-013,Outcomes,Healthcare utilisation,EHR,DS061;DS062;DS002;DS003,DS004;DS018;DS019,"Core clinical, assessment, intervention and outcome data across new regional services | Former Tavistock GIDS records linked to adult outcomes where authorised | Admissions; outpatients; historical A&E; critical care; diagnoses; procedures | Patient-level contacts; diagnoses; care events; children/adults; autism/LD services",MIXED_ACCESS;RESTRICTED_STUDY;RESTRICTED_TRE,PHASE_1_OR_2,Repeated,Medium,Candidate source mapping only; verify field-level availability and construct validity before application.
OUT-014,Outcomes,Quality of life,PRO,DS061;DS062;DS002;DS003,DS004;DS018;DS019,"Core clinical, assessment, intervention and outcome data across new regional services | Former Tavistock GIDS records linked to adult outcomes where authorised | Admissions; outpatients; historical A&E; critical care; diagnoses; procedures | Patient-level contacts; diagnoses; care events; children/adults; autism/LD services",MIXED_ACCESS;RESTRICTED_STUDY;RESTRICTED_TRE,PHASE_1_OR_2,Repeated,Medium,Candidate source mapping only; verify field-level availability and construct validity before application.
OUT-015,Outcomes,Wellbeing,PRO,DS061;DS062;DS002;DS003,DS004;DS018;DS019,"Core clinical, assessment, intervention and outcome data across new regional services | Former Tavistock GIDS records linked to adult outcomes where authorised | Admissions; outpatients; historical A&E; critical care; diagnoses; procedures | Patient-level contacts; diagnoses; care events; children/adults; autism/LD services",MIXED_ACCESS;RESTRICTED_STUDY;RESTRICTED_TRE,PHASE_1_OR_2,Repeated,Medium,Candidate source mapping only; verify field-level availability and construct validity before application.
OUT-016,Outcomes,Treatment satisfaction,PRO,DS061;DS062;DS002;DS003,DS004;DS018;DS019,"Core clinical, assessment, intervention and outcome data across new regional services | Former Tavistock GIDS records linked to adult outcomes where authorised | Admissions; outpatients; historical A&E; critical care; diagnoses; procedures | Patient-level contacts; diagnoses; care events; children/adults; autism/LD services",MIXED_ACCESS;RESTRICTED_STUDY;RESTRICTED_TRE,PHASE_1_OR_2,Repeated,Medium,Candidate source mapping only; verify field-level availability and construct validity before application.
OUT-017,Outcomes,Decisional regret,PRO,DS061;DS062;DS002;DS003,DS004;DS018;DS019,"Core clinical, assessment, intervention and outcome data across new regional services | Former Tavistock GIDS records linked to adult outcomes where authorised | Admissions; outpatients; historical A&E; critical care; diagnoses; procedures | Patient-level contacts; diagnoses; care events; children/adults; autism/LD services",MIXED_ACCESS;RESTRICTED_STUDY;RESTRICTED_TRE,PHASE_1_OR_2,Repeated,Medium,Candidate source mapping only; verify field-level availability and construct validity before application.
OUT-018,Outcomes,Treatment-goal change,PRO/EHR,DS061;DS062;DS002;DS003,DS004;DS018;DS019,"Core clinical, assessment, intervention and outcome data across new regional services | Former Tavistock GIDS records linked to adult outcomes where authorised | Admissions; outpatients; historical A&E; critical care; diagnoses; procedures | Patient-level contacts; diagnoses; care events; children/adults; autism/LD services",MIXED_ACCESS;RESTRICTED_STUDY;RESTRICTED_TRE,PHASE_1_OR_2,Repeated,Medium,Candidate source mapping only; verify field-level availability and construct validity before application.
OUT-019,Outcomes,Detransition/treatment reversal as participant-defined,PRO/EHR,DS061;DS062;DS002;DS003,DS004;DS018;DS019,"Core clinical, assessment, intervention and outcome data across new regional services | Former Tavistock GIDS records linked to adult outcomes where authorised | Admissions; outpatients; historical A&E; critical care; diagnoses; procedures | Patient-level contacts; diagnoses; care events; children/adults; autism/LD services",MIXED_ACCESS;RESTRICTED_STUDY;RESTRICTED_TRE,PHASE_1_OR_2,Repeated,Medium,Candidate source mapping only; verify field-level availability and construct validity before application.
OUT-020,Outcomes,Bone health where relevant,EHR,DS061;DS062;DS002;DS003,DS004;DS018;DS019,"Core clinical, assessment, intervention and outcome data across new regional services | Former Tavistock GIDS records linked to adult outcomes where authorised | Admissions; outpatients; historical A&E; critical care; diagnoses; procedures | Patient-level contacts; diagnoses; care events; children/adults; autism/LD services",MIXED_ACCESS;RESTRICTED_STUDY;RESTRICTED_TRE,PHASE_1_OR_2,Repeated,Medium,Candidate source mapping only; verify field-level availability and construct validity before application.
OUT-021,Outcomes,Metabolic/cardiovascular outcomes,EHR,DS061;DS062;DS002;DS003,DS004;DS018;DS019,"Core clinical, assessment, intervention and outcome data across new regional services | Former Tavistock GIDS records linked to adult outcomes where authorised | Admissions; outpatients; historical A&E; critical care; diagnoses; procedures | Patient-level contacts; diagnoses; care events; children/adults; autism/LD services",MIXED_ACCESS;RESTRICTED_STUDY;RESTRICTED_TRE,PHASE_1_OR_2,Repeated,Medium,Candidate source mapping only; verify field-level availability and construct validity before application.
OUT-022,Outcomes,Sexual function,PRO,DS061;DS062;DS002;DS003,DS004;DS018;DS019,"Core clinical, assessment, intervention and outcome data across new regional services | Former Tavistock GIDS records linked to adult outcomes where authorised | Admissions; outpatients; historical A&E; critical care; diagnoses; procedures | Patient-level contacts; diagnoses; care events; children/adults; autism/LD services",MIXED_ACCESS;RESTRICTED_STUDY;RESTRICTED_TRE,PHASE_1_OR_2,Repeated,Medium,Candidate source mapping only; verify field-level availability and construct validity before application.
OUT-023,Outcomes,Fertility outcomes/concerns,EHR/PRO,DS061;DS062;DS002;DS003,DS004;DS018;DS019,"Core clinical, assessment, intervention and outcome data across new regional services | Former Tavistock GIDS records linked to adult outcomes where authorised | Admissions; outpatients; historical A&E; critical care; diagnoses; procedures | Patient-level contacts; diagnoses; care events; children/adults; autism/LD services",MIXED_ACCESS;RESTRICTED_STUDY;RESTRICTED_TRE,PHASE_1_OR_2,Repeated,Medium,Candidate source mapping only; verify field-level availability and construct validity before application.
OUT-024,Outcomes,Surgical complications,EHR,DS061;DS062;DS002;DS003,DS004;DS018;DS019,"Core clinical, assessment, intervention and outcome data across new regional services | Former Tavistock GIDS records linked to adult outcomes where authorised | Admissions; outpatients; historical A&E; critical care; diagnoses; procedures | Patient-level contacts; diagnoses; care events; children/adults; autism/LD services",MIXED_ACCESS;RESTRICTED_STUDY;RESTRICTED_TRE,PHASE_1_OR_2,Repeated,Medium,Candidate source mapping only; verify field-level availability and construct validity before application.
OUT-025,Outcomes,Perceived benefit,PRO,DS061;DS062;DS002;DS003,DS004;DS018;DS019,"Core clinical, assessment, intervention and outcome data across new regional services | Former Tavistock GIDS records linked to adult outcomes where authorised | Admissions; outpatients; historical A&E; critical care; diagnoses; procedures | Patient-level contacts; diagnoses; care events; children/adults; autism/LD services",MIXED_ACCESS;RESTRICTED_STUDY;RESTRICTED_TRE,PHASE_1_OR_2,Repeated,Medium,Candidate source mapping only; verify field-level availability and construct validity before application.
OUT-026,Outcomes,Perceived harm,PRO,DS061;DS062;DS002;DS003,DS004;DS018;DS019,"Core clinical, assessment, intervention and outcome data across new regional services | Former Tavistock GIDS records linked to adult outcomes where authorised | Admissions; outpatients; historical A&E; critical care; diagnoses; procedures | Patient-level contacts; diagnoses; care events; children/adults; autism/LD services",MIXED_ACCESS;RESTRICTED_STUDY;RESTRICTED_TRE,PHASE_1_OR_2,Repeated,Medium,Candidate source mapping only; verify field-level availability and construct validity before application.
OUT-027,Outcomes,Treatment burden,PRO,DS061;DS062;DS002;DS003,DS004;DS018;DS019,"Core clinical, assessment, intervention and outcome data across new regional services | Former Tavistock GIDS records linked to adult outcomes where authorised | Admissions; outpatients; historical A&E; critical care; diagnoses; procedures | Patient-level contacts; diagnoses; care events; children/adults; autism/LD services",MIXED_ACCESS;RESTRICTED_STUDY;RESTRICTED_TRE,PHASE_1_OR_2,Repeated,Medium,Candidate source mapping only; verify field-level availability and construct validity before application.
ND-013,Neurodevelopmental,Age at autism diagnosis,EHR / validated PRO / neurodevelopmental assessment,DS003;DS004;DS018,DS020;DS021,"Patient-level contacts; diagnoses; care events; children/adults; autism/LD services | GP diagnoses; symptoms; prescriptions; tests; referrals; demographics; HES; deaths | Development, family, mental health, education, peers, social context; linked/genetic modules",MIXED_ACCESS;RESTRICTED_COHORT;RESTRICTED_TRE,PHASE_1_OR_2,Repeated,High,Candidate source mapping only; verify field-level availability and construct validity before application.
ND-014,Neurodevelopmental,Age at ADHD diagnosis,EHR / validated PRO / neurodevelopmental assessment,DS003;DS004;DS018,DS020;DS021,"Patient-level contacts; diagnoses; care events; children/adults; autism/LD services | GP diagnoses; symptoms; prescriptions; tests; referrals; demographics; HES; deaths | Development, family, mental health, education, peers, social context; linked/genetic modules",MIXED_ACCESS;RESTRICTED_COHORT;RESTRICTED_TRE,PHASE_1_OR_2,Repeated,High,Candidate source mapping only; verify field-level availability and construct validity before application.
ND-015,Neurodevelopmental,Autism diagnostic pathway and assessor,EHR / validated PRO / neurodevelopmental assessment,DS003;DS004;DS018,DS020;DS021,"Patient-level contacts; diagnoses; care events; children/adults; autism/LD services | GP diagnoses; symptoms; prescriptions; tests; referrals; demographics; HES; deaths | Development, family, mental health, education, peers, social context; linked/genetic modules",MIXED_ACCESS;RESTRICTED_COHORT;RESTRICTED_TRE,PHASE_1_OR_2,Repeated,High,Candidate source mapping only; verify field-level availability and construct validity before application.
ND-016,Neurodevelopmental,Autism diagnostic instrument/version,EHR / validated PRO / neurodevelopmental assessment,DS003;DS004;DS018,DS020;DS021,"Patient-level contacts; diagnoses; care events; children/adults; autism/LD services | GP diagnoses; symptoms; prescriptions; tests; referrals; demographics; HES; deaths | Development, family, mental health, education, peers, social context; linked/genetic modules",MIXED_ACCESS;RESTRICTED_COHORT;RESTRICTED_TRE,PHASE_1_OR_2,Repeated,High,Candidate source mapping only; verify field-level availability and construct validity before application.
ND-017,Neurodevelopmental,Autistic trait severity/domain scores,EHR / validated PRO / neurodevelopmental assessment,DS003;DS004;DS018,DS020;DS021,"Patient-level contacts; diagnoses; care events; children/adults; autism/LD services | GP diagnoses; symptoms; prescriptions; tests; referrals; demographics; HES; deaths | Development, family, mental health, education, peers, social context; linked/genetic modules",MIXED_ACCESS;RESTRICTED_COHORT;RESTRICTED_TRE,PHASE_1_OR_2,Repeated,High,Candidate source mapping only; verify field-level availability and construct validity before application.
ND-018,Neurodevelopmental,Social-communication differences,EHR / validated PRO / neurodevelopmental assessment,DS003;DS004;DS018,DS020;DS021,"Patient-level contacts; diagnoses; care events; children/adults; autism/LD services | GP diagnoses; symptoms; prescriptions; tests; referrals; demographics; HES; deaths | Development, family, mental health, education, peers, social context; linked/genetic modules",MIXED_ACCESS;RESTRICTED_COHORT;RESTRICTED_TRE,PHASE_1_OR_2,Repeated,High,Candidate source mapping only; verify field-level availability and construct validity before application.
ND-019,Neurodevelopmental,Restricted/repetitive behaviour profile,EHR / validated PRO / neurodevelopmental assessment,DS003;DS004;DS018,DS020;DS021,"Patient-level contacts; diagnoses; care events; children/adults; autism/LD services | GP diagnoses; symptoms; prescriptions; tests; referrals; demographics; HES; deaths | Development, family, mental health, education, peers, social context; linked/genetic modules",MIXED_ACCESS;RESTRICTED_COHORT;RESTRICTED_TRE,PHASE_1_OR_2,Repeated,High,Candidate source mapping only; verify field-level availability and construct validity before application.
ND-020,Neurodevelopmental,Sensory hyper-reactivity,EHR / validated PRO / neurodevelopmental assessment,DS003;DS004;DS018,DS020;DS021,"Patient-level contacts; diagnoses; care events; children/adults; autism/LD services | GP diagnoses; symptoms; prescriptions; tests; referrals; demographics; HES; deaths | Development, family, mental health, education, peers, social context; linked/genetic modules",MIXED_ACCESS;RESTRICTED_COHORT;RESTRICTED_TRE,PHASE_1_OR_2,Repeated,High,Candidate source mapping only; verify field-level availability and construct validity before application.
ND-021,Neurodevelopmental,Sensory hypo-reactivity,EHR / validated PRO / neurodevelopmental assessment,DS003;DS004;DS018,DS020;DS021,"Patient-level contacts; diagnoses; care events; children/adults; autism/LD services | GP diagnoses; symptoms; prescriptions; tests; referrals; demographics; HES; deaths | Development, family, mental health, education, peers, social context; linked/genetic modules",MIXED_ACCESS;RESTRICTED_COHORT;RESTRICTED_TRE,PHASE_1_OR_2,Repeated,High,Candidate source mapping only; verify field-level availability and construct validity before application.
ND-022,Neurodevelopmental,Interoceptive awareness/differences,EHR / validated PRO / neurodevelopmental assessment,DS003;DS004;DS018,DS020;DS021,"Patient-level contacts; diagnoses; care events; children/adults; autism/LD services | GP diagnoses; symptoms; prescriptions; tests; referrals; demographics; HES; deaths | Development, family, mental health, education, peers, social context; linked/genetic modules",MIXED_ACCESS;RESTRICTED_COHORT;RESTRICTED_TRE,PHASE_1_OR_2,Repeated,High,Candidate source mapping only; verify field-level availability and construct validity before application.
ND-023,Neurodevelopmental,Alexithymia score/traits,EHR / validated PRO / neurodevelopmental assessment,DS003;DS004;DS018,DS020;DS021,"Patient-level contacts; diagnoses; care events; children/adults; autism/LD services | GP diagnoses; symptoms; prescriptions; tests; referrals; demographics; HES; deaths | Development, family, mental health, education, peers, social context; linked/genetic modules",MIXED_ACCESS;RESTRICTED_COHORT;RESTRICTED_TRE,PHASE_1_OR_2,Repeated,High,Candidate source mapping only; verify field-level availability and construct validity before application.
ND-024,Neurodevelopmental,Cognitive flexibility/set-shifting,EHR / validated PRO / neurodevelopmental assessment,DS003;DS004;DS018,DS020;DS021,"Patient-level contacts; diagnoses; care events; children/adults; autism/LD services | GP diagnoses; symptoms; prescriptions; tests; referrals; demographics; HES; deaths | Development, family, mental health, education, peers, social context; linked/genetic modules",MIXED_ACCESS;RESTRICTED_COHORT;RESTRICTED_TRE,PHASE_1_OR_2,Repeated,High,Candidate source mapping only; verify field-level availability and construct validity before application.
ND-025,Neurodevelopmental,Intolerance of uncertainty,EHR / validated PRO / neurodevelopmental assessment,DS003;DS004;DS018,DS020;DS021,"Patient-level contacts; diagnoses; care events; children/adults; autism/LD services | GP diagnoses; symptoms; prescriptions; tests; referrals; demographics; HES; deaths | Development, family, mental health, education, peers, social context; linked/genetic modules",MIXED_ACCESS;RESTRICTED_COHORT;RESTRICTED_TRE,PHASE_1_OR_2,Repeated,High,Candidate source mapping only; verify field-level availability and construct validity before application.
ND-026,Neurodevelopmental,Executive-function profile,EHR / validated PRO / neurodevelopmental assessment,DS003;DS004;DS018,DS020;DS021,"Patient-level contacts; diagnoses; care events; children/adults; autism/LD services | GP diagnoses; symptoms; prescriptions; tests; referrals; demographics; HES; deaths | Development, family, mental health, education, peers, social context; linked/genetic modules",MIXED_ACCESS;RESTRICTED_COHORT;RESTRICTED_TRE,PHASE_1_OR_2,Repeated,High,Candidate source mapping only; verify field-level availability and construct validity before application.
ND-027,Neurodevelopmental,Attention regulation profile,EHR / validated PRO / neurodevelopmental assessment,DS003;DS004;DS018,DS020;DS021,"Patient-level contacts; diagnoses; care events; children/adults; autism/LD services | GP diagnoses; symptoms; prescriptions; tests; referrals; demographics; HES; deaths | Development, family, mental health, education, peers, social context; linked/genetic modules",MIXED_ACCESS;RESTRICTED_COHORT;RESTRICTED_TRE,PHASE_1_OR_2,Repeated,High,Candidate source mapping only; verify field-level availability and construct validity before application.
ND-028,Neurodevelopmental,Impulsivity profile,EHR / validated PRO / neurodevelopmental assessment,DS003;DS004;DS018,DS020;DS021,"Patient-level contacts; diagnoses; care events; children/adults; autism/LD services | GP diagnoses; symptoms; prescriptions; tests; referrals; demographics; HES; deaths | Development, family, mental health, education, peers, social context; linked/genetic modules",MIXED_ACCESS;RESTRICTED_COHORT;RESTRICTED_TRE,PHASE_1_OR_2,Repeated,High,Candidate source mapping only; verify field-level availability and construct validity before application.
ND-029,Neurodevelopmental,Hyperfocus/special-interest intensity,EHR / validated PRO / neurodevelopmental assessment,DS003;DS004;DS018,DS020;DS021,"Patient-level contacts; diagnoses; care events; children/adults; autism/LD services | GP diagnoses; symptoms; prescriptions; tests; referrals; demographics; HES; deaths | Development, family, mental health, education, peers, social context; linked/genetic modules",MIXED_ACCESS;RESTRICTED_COHORT;RESTRICTED_TRE,PHASE_1_OR_2,Repeated,High,Candidate source mapping only; verify field-level availability and construct validity before application.
ND-030,Neurodevelopmental,Monotropic attention profile where measured,EHR / validated PRO / neurodevelopmental assessment,DS003;DS004;DS018,DS020;DS021,"Patient-level contacts; diagnoses; care events; children/adults; autism/LD services | GP diagnoses; symptoms; prescriptions; tests; referrals; demographics; HES; deaths | Development, family, mental health, education, peers, social context; linked/genetic modules",MIXED_ACCESS;RESTRICTED_COHORT;RESTRICTED_TRE,PHASE_1_OR_2,Repeated,High,Candidate source mapping only; verify field-level availability and construct validity before application.
ND-031,Neurodevelopmental,Pragmatic-language profile,EHR / validated PRO / neurodevelopmental assessment,DS003;DS004;DS018,DS020;DS021,"Patient-level contacts; diagnoses; care events; children/adults; autism/LD services | GP diagnoses; symptoms; prescriptions; tests; referrals; demographics; HES; deaths | Development, family, mental health, education, peers, social context; linked/genetic modules",MIXED_ACCESS;RESTRICTED_COHORT;RESTRICTED_TRE,PHASE_1_OR_2,Repeated,High,Candidate source mapping only; verify field-level availability and construct validity before application.
ND-032,Neurodevelopmental,Literal language interpretation tendency,EHR / validated PRO / neurodevelopmental assessment,DS003;DS004;DS018,DS020;DS021,"Patient-level contacts; diagnoses; care events; children/adults; autism/LD services | GP diagnoses; symptoms; prescriptions; tests; referrals; demographics; HES; deaths | Development, family, mental health, education, peers, social context; linked/genetic modules",MIXED_ACCESS;RESTRICTED_COHORT;RESTRICTED_TRE,PHASE_1_OR_2,Repeated,High,Candidate source mapping only; verify field-level availability and construct validity before application.
ND-033,Neurodevelopmental,Nonverbal communication differences,EHR / validated PRO / neurodevelopmental assessment,DS003;DS004;DS018,DS020;DS021,"Patient-level contacts; diagnoses; care events; children/adults; autism/LD services | GP diagnoses; symptoms; prescriptions; tests; referrals; demographics; HES; deaths | Development, family, mental health, education, peers, social context; linked/genetic modules",MIXED_ACCESS;RESTRICTED_COHORT;RESTRICTED_TRE,PHASE_1_OR_2,Repeated,High,Candidate source mapping only; verify field-level availability and construct validity before application.
ND-034,Neurodevelopmental,Social masking/camouflaging,EHR / validated PRO / neurodevelopmental assessment,DS003;DS004;DS018,DS020;DS021,"Patient-level contacts; diagnoses; care events; children/adults; autism/LD services | GP diagnoses; symptoms; prescriptions; tests; referrals; demographics; HES; deaths | Development, family, mental health, education, peers, social context; linked/genetic modules",MIXED_ACCESS;RESTRICTED_COHORT;RESTRICTED_TRE,PHASE_1_OR_2,Repeated,High,Candidate source mapping only; verify field-level availability and construct validity before application.
ND-035,Neurodevelopmental,Masking-related exhaustion/distress,EHR / validated PRO / neurodevelopmental assessment,DS003;DS004;DS018,DS020;DS021,"Patient-level contacts; diagnoses; care events; children/adults; autism/LD services | GP diagnoses; symptoms; prescriptions; tests; referrals; demographics; HES; deaths | Development, family, mental health, education, peers, social context; linked/genetic modules",MIXED_ACCESS;RESTRICTED_COHORT;RESTRICTED_TRE,PHASE_1_OR_2,Repeated,High,Candidate source mapping only; verify field-level availability and construct validity before application.
ND-036,Neurodevelopmental,Rejection sensitivity/social threat sensitivity,EHR / validated PRO / neurodevelopmental assessment,DS003;DS004;DS018,DS020;DS021,"Patient-level contacts; diagnoses; care events; children/adults; autism/LD services | GP diagnoses; symptoms; prescriptions; tests; referrals; demographics; HES; deaths | Development, family, mental health, education, peers, social context; linked/genetic modules",MIXED_ACCESS;RESTRICTED_COHORT;RESTRICTED_TRE,PHASE_1_OR_2,Repeated,High,Candidate source mapping only; verify field-level availability and construct validity before application.
ND-037,Neurodevelopmental,Need for predictability/routine,EHR / validated PRO / neurodevelopmental assessment,DS003;DS004;DS018,DS020;DS021,"Patient-level contacts; diagnoses; care events; children/adults; autism/LD services | GP diagnoses; symptoms; prescriptions; tests; referrals; demographics; HES; deaths | Development, family, mental health, education, peers, social context; linked/genetic modules",MIXED_ACCESS;RESTRICTED_COHORT;RESTRICTED_TRE,PHASE_1_OR_2,Repeated,High,Candidate source mapping only; verify field-level availability and construct validity before application.
ND-038,Neurodevelopmental,Developmental coordination disorder,EHR / validated PRO / neurodevelopmental assessment,DS003;DS004;DS018,DS020;DS021,"Patient-level contacts; diagnoses; care events; children/adults; autism/LD services | GP diagnoses; symptoms; prescriptions; tests; referrals; demographics; HES; deaths | Development, family, mental health, education, peers, social context; linked/genetic modules",MIXED_ACCESS;RESTRICTED_COHORT;RESTRICTED_TRE,PHASE_1_OR_2,Repeated,High,Candidate source mapping only; verify field-level availability and construct validity before application.
ND-039,Neurodevelopmental,Dyslexia/specific learning disorder,EHR / validated PRO / neurodevelopmental assessment,DS003;DS004;DS018,DS020;DS021,"Patient-level contacts; diagnoses; care events; children/adults; autism/LD services | GP diagnoses; symptoms; prescriptions; tests; referrals; demographics; HES; deaths | Development, family, mental health, education, peers, social context; linked/genetic modules",MIXED_ACCESS;RESTRICTED_COHORT;RESTRICTED_TRE,PHASE_1_OR_2,Repeated,High,Candidate source mapping only; verify field-level availability and construct validity before application.
ND-040,Neurodevelopmental,Intellectual disability/learning disability,EHR / validated PRO / neurodevelopmental assessment,DS003;DS004;DS018,DS020;DS021,"Patient-level contacts; diagnoses; care events; children/adults; autism/LD services | GP diagnoses; symptoms; prescriptions; tests; referrals; demographics; HES; deaths | Development, family, mental health, education, peers, social context; linked/genetic modules",MIXED_ACCESS;RESTRICTED_COHORT;RESTRICTED_TRE,PHASE_1_OR_2,Repeated,High,Candidate source mapping only; verify field-level availability and construct validity before application.
ND-041,Neurodevelopmental,Late-recognised neurodivergence,EHR / validated PRO / neurodevelopmental assessment,DS003;DS004;DS018,DS020;DS021,"Patient-level contacts; diagnoses; care events; children/adults; autism/LD services | GP diagnoses; symptoms; prescriptions; tests; referrals; demographics; HES; deaths | Development, family, mental health, education, peers, social context; linked/genetic modules",MIXED_ACCESS;RESTRICTED_COHORT;RESTRICTED_TRE,PHASE_1_OR_2,Repeated,High,Candidate source mapping only; verify field-level availability and construct validity before application.
ND-042,Neurodevelopmental,Sex-related diagnostic ascertainment delay in autism,EHR / validated PRO / neurodevelopmental assessment,DS003;DS004;DS018,DS020;DS021,"Patient-level contacts; diagnoses; care events; children/adults; autism/LD services | GP diagnoses; symptoms; prescriptions; tests; referrals; demographics; HES; deaths | Development, family, mental health, education, peers, social context; linked/genetic modules",MIXED_ACCESS;RESTRICTED_COHORT;RESTRICTED_TRE,PHASE_1_OR_2,Repeated,High,Candidate source mapping only; verify field-level availability and construct validity before application.
ND-043,Neurodevelopmental,Neurodevelopmental diagnostic overshadowing,EHR / validated PRO / neurodevelopmental assessment,DS003;DS004;DS018,DS020;DS021,"Patient-level contacts; diagnoses; care events; children/adults; autism/LD services | GP diagnoses; symptoms; prescriptions; tests; referrals; demographics; HES; deaths | Development, family, mental health, education, peers, social context; linked/genetic modules",MIXED_ACCESS;RESTRICTED_COHORT;RESTRICTED_TRE,PHASE_1_OR_2,Repeated,High,Candidate source mapping only; verify field-level availability and construct validity before application.
ND-044,Neurodevelopmental,Autism-informed clinical assessment provided,EHR / validated PRO / neurodevelopmental assessment,DS003;DS004;DS018,DS020;DS021,"Patient-level contacts; diagnoses; care events; children/adults; autism/LD services | GP diagnoses; symptoms; prescriptions; tests; referrals; demographics; HES; deaths | Development, family, mental health, education, peers, social context; linked/genetic modules",MIXED_ACCESS;RESTRICTED_COHORT;RESTRICTED_TRE,PHASE_1_OR_2,Repeated,High,Candidate source mapping only; verify field-level availability and construct validity before application.
ND-045,Neurodevelopmental,ADHD-informed clinical assessment provided,EHR / validated PRO / neurodevelopmental assessment,DS003;DS004;DS018,DS020;DS021,"Patient-level contacts; diagnoses; care events; children/adults; autism/LD services | GP diagnoses; symptoms; prescriptions; tests; referrals; demographics; HES; deaths | Development, family, mental health, education, peers, social context; linked/genetic modules",MIXED_ACCESS;RESTRICTED_COHORT;RESTRICTED_TRE,PHASE_1_OR_2,Repeated,High,Candidate source mapping only; verify field-level availability and construct validity before application.
ND-046,Neurodevelopmental,Communication accommodations offered,EHR / validated PRO / neurodevelopmental assessment,DS003;DS004;DS018,DS020;DS021,"Patient-level contacts; diagnoses; care events; children/adults; autism/LD services | GP diagnoses; symptoms; prescriptions; tests; referrals; demographics; HES; deaths | Development, family, mental health, education, peers, social context; linked/genetic modules",MIXED_ACCESS;RESTRICTED_COHORT;RESTRICTED_TRE,PHASE_1_OR_2,Repeated,High,Candidate source mapping only; verify field-level availability and construct validity before application.
ND-047,Neurodevelopmental,Sensory accommodations offered,EHR / validated PRO / neurodevelopmental assessment,DS003;DS004;DS018,DS020;DS021,"Patient-level contacts; diagnoses; care events; children/adults; autism/LD services | GP diagnoses; symptoms; prescriptions; tests; referrals; demographics; HES; deaths | Development, family, mental health, education, peers, social context; linked/genetic modules",MIXED_ACCESS;RESTRICTED_COHORT;RESTRICTED_TRE,PHASE_1_OR_2,Repeated,High,Candidate source mapping only; verify field-level availability and construct validity before application.
ND-048,Neurodevelopmental,Decision-support accommodations offered,EHR / validated PRO / neurodevelopmental assessment,DS003;DS004;DS018,DS020;DS021,"Patient-level contacts; diagnoses; care events; children/adults; autism/LD services | GP diagnoses; symptoms; prescriptions; tests; referrals; demographics; HES; deaths | Development, family, mental health, education, peers, social context; linked/genetic modules",MIXED_ACCESS;RESTRICTED_COHORT;RESTRICTED_TRE,PHASE_1_OR_2,Repeated,High,Candidate source mapping only; verify field-level availability and construct validity before application.
ND-049,Neurodevelopmental,Neurodivergent peer-network exposure,EHR / validated PRO / neurodevelopmental assessment,DS003;DS004;DS018,DS020;DS021,"Patient-level contacts; diagnoses; care events; children/adults; autism/LD services | GP diagnoses; symptoms; prescriptions; tests; referrals; demographics; HES; deaths | Development, family, mental health, education, peers, social context; linked/genetic modules",MIXED_ACCESS;RESTRICTED_COHORT;RESTRICTED_TRE,PHASE_1_OR_2,Repeated,High,Candidate source mapping only; verify field-level availability and construct validity before application.
ND-050,Neurodevelopmental,Autistic community/social-media participation,EHR / validated PRO / neurodevelopmental assessment,DS003;DS004;DS018,DS020;DS021,"Patient-level contacts; diagnoses; care events; children/adults; autism/LD services | GP diagnoses; symptoms; prescriptions; tests; referrals; demographics; HES; deaths | Development, family, mental health, education, peers, social context; linked/genetic modules",MIXED_ACCESS;RESTRICTED_COHORT;RESTRICTED_TRE,PHASE_1_OR_2,Repeated,High,Candidate source mapping only; verify field-level availability and construct validity before application.
ND-051,Neurodevelopmental,Neurodivergent identity salience,EHR / validated PRO / neurodevelopmental assessment,DS003;DS004;DS018,DS020;DS021,"Patient-level contacts; diagnoses; care events; children/adults; autism/LD services | GP diagnoses; symptoms; prescriptions; tests; referrals; demographics; HES; deaths | Development, family, mental health, education, peers, social context; linked/genetic modules",MIXED_ACCESS;RESTRICTED_COHORT;RESTRICTED_TRE,PHASE_1_OR_2,Repeated,High,Candidate source mapping only; verify field-level availability and construct validity before application.
ND-052,Neurodevelopmental,Neurodivergence-related bullying/rejection history,EHR / validated PRO / neurodevelopmental assessment,DS003;DS004;DS018,DS020;DS021,"Patient-level contacts; diagnoses; care events; children/adults; autism/LD services | GP diagnoses; symptoms; prescriptions; tests; referrals; demographics; HES; deaths | Development, family, mental health, education, peers, social context; linked/genetic modules",MIXED_ACCESS;RESTRICTED_COHORT;RESTRICTED_TRE,PHASE_1_OR_2,Repeated,High,Candidate source mapping only; verify field-level availability and construct validity before application.
ACA-001,Academic influence / bibliometrics,Annual publication count by predefined proposition,OpenAlex / Crossref / Europe PMC / PubMed / guideline corpus,DS033;DS034;DS035;DS036;DS037;DS042,DS038;DS039;DS040;DS041;DS043;DS044;DS059,"Works, authors, institutions, funders, topics, citations, retraction flags, IDs | DOIs, bibliographic metadata, funding, licences, updates, ORCID/ROR, abstracts where supplied | Articles, preprints, citations, biomedical full text where open; grant records | Publication metadata, MeSH, abstracts, linked records | Study registration, interventions, outcomes, status, results where posted | UKRI projects, grants, organisations, people/output links",LICENSED;MIXED_ACCESS;OPEN;OPEN_API;PUBLIC_WEB,PHASE_1_OR_2,Time series,Low/Medium,Candidate source mapping only; verify field-level availability and construct validity before application.
ACA-002,Academic influence / bibliometrics,Annual citation count by predefined proposition,OpenAlex / Crossref / Europe PMC / PubMed / guideline corpus,DS033;DS034;DS035;DS036;DS037;DS042,DS038;DS039;DS040;DS041;DS043;DS044;DS059,"Works, authors, institutions, funders, topics, citations, retraction flags, IDs | DOIs, bibliographic metadata, funding, licences, updates, ORCID/ROR, abstracts where supplied | Articles, preprints, citations, biomedical full text where open; grant records | Publication metadata, MeSH, abstracts, linked records | Study registration, interventions, outcomes, status, results where posted | UKRI projects, grants, organisations, people/output links",LICENSED;MIXED_ACCESS;OPEN;OPEN_API;PUBLIC_WEB,PHASE_1_OR_2,Time series,Low/Medium,Candidate source mapping only; verify field-level availability and construct validity before application.
ACA-003,Academic influence / bibliometrics,Field-normalised citation impact,OpenAlex / Crossref / Europe PMC / PubMed / guideline corpus,DS033;DS034;DS035;DS036;DS037;DS042,DS038;DS039;DS040;DS041;DS043;DS044;DS059,"Works, authors, institutions, funders, topics, citations, retraction flags, IDs | DOIs, bibliographic metadata, funding, licences, updates, ORCID/ROR, abstracts where supplied | Articles, preprints, citations, biomedical full text where open; grant records | Publication metadata, MeSH, abstracts, linked records | Study registration, interventions, outcomes, status, results where posted | UKRI projects, grants, organisations, people/output links",LICENSED;MIXED_ACCESS;OPEN;OPEN_API;PUBLIC_WEB,PHASE_1_OR_2,Time series,Low/Medium,Candidate source mapping only; verify field-level availability and construct validity before application.
ACA-004,Academic influence / bibliometrics,Number of independent primary datasets,OpenAlex / Crossref / Europe PMC / PubMed / guideline corpus,DS033;DS034;DS035;DS036;DS037;DS042,DS038;DS039;DS040;DS041;DS043;DS044;DS059,"Works, authors, institutions, funders, topics, citations, retraction flags, IDs | DOIs, bibliographic metadata, funding, licences, updates, ORCID/ROR, abstracts where supplied | Articles, preprints, citations, biomedical full text where open; grant records | Publication metadata, MeSH, abstracts, linked records | Study registration, interventions, outcomes, status, results where posted | UKRI projects, grants, organisations, people/output links",LICENSED;MIXED_ACCESS;OPEN;OPEN_API;PUBLIC_WEB,PHASE_1_OR_2,Time series,Low/Medium,Candidate source mapping only; verify field-level availability and construct validity before application.
ACA-005,Academic influence / bibliometrics,Number of systematic reviews/meta-analyses,OpenAlex / Crossref / Europe PMC / PubMed / guideline corpus,DS033;DS034;DS035;DS036;DS037;DS042,DS038;DS039;DS040;DS041;DS043;DS044;DS059,"Works, authors, institutions, funders, topics, citations, retraction flags, IDs | DOIs, bibliographic metadata, funding, licences, updates, ORCID/ROR, abstracts where supplied | Articles, preprints, citations, biomedical full text where open; grant records | Publication metadata, MeSH, abstracts, linked records | Study registration, interventions, outcomes, status, results where posted | UKRI projects, grants, organisations, people/output links",LICENSED;MIXED_ACCESS;OPEN;OPEN_API;PUBLIC_WEB,PHASE_1_OR_2,Time series,Low/Medium,Candidate source mapping only; verify field-level availability and construct validity before application.
ACA-006,Academic influence / bibliometrics,Number of guidelines citing each paper,OpenAlex / Crossref / Europe PMC / PubMed / guideline corpus,DS033;DS034;DS035;DS036;DS037;DS042,DS038;DS039;DS040;DS041;DS043;DS044;DS059,"Works, authors, institutions, funders, topics, citations, retraction flags, IDs | DOIs, bibliographic metadata, funding, licences, updates, ORCID/ROR, abstracts where supplied | Articles, preprints, citations, biomedical full text where open; grant records | Publication metadata, MeSH, abstracts, linked records | Study registration, interventions, outcomes, status, results where posted | UKRI projects, grants, organisations, people/output links",LICENSED;MIXED_ACCESS;OPEN;OPEN_API;PUBLIC_WEB,PHASE_1_OR_2,Time series,Low/Medium,Candidate source mapping only; verify field-level availability and construct validity before application.
ACA-007,Academic influence / bibliometrics,Guideline citation centrality,OpenAlex / Crossref / Europe PMC / PubMed / guideline corpus,DS033;DS034;DS035;DS036;DS037;DS042,DS038;DS039;DS040;DS041;DS043;DS044;DS059,"Works, authors, institutions, funders, topics, citations, retraction flags, IDs | DOIs, bibliographic metadata, funding, licences, updates, ORCID/ROR, abstracts where supplied | Articles, preprints, citations, biomedical full text where open; grant records | Publication metadata, MeSH, abstracts, linked records | Study registration, interventions, outcomes, status, results where posted | UKRI projects, grants, organisations, people/output links",LICENSED;MIXED_ACCESS;OPEN;OPEN_API;PUBLIC_WEB,PHASE_1_OR_2,Time series,Low/Medium,Candidate source mapping only; verify field-level availability and construct validity before application.
ACA-008,Academic influence / bibliometrics,Policy document citation centrality,OpenAlex / Crossref / Europe PMC / PubMed / guideline corpus,DS033;DS034;DS035;DS036;DS037;DS042,DS038;DS039;DS040;DS041;DS043;DS044;DS059,"Works, authors, institutions, funders, topics, citations, retraction flags, IDs | DOIs, bibliographic metadata, funding, licences, updates, ORCID/ROR, abstracts where supplied | Articles, preprints, citations, biomedical full text where open; grant records | Publication metadata, MeSH, abstracts, linked records | Study registration, interventions, outcomes, status, results where posted | UKRI projects, grants, organisations, people/output links",LICENSED;MIXED_ACCESS;OPEN;OPEN_API;PUBLIC_WEB,PHASE_1_OR_2,Time series,Low/Medium,Candidate source mapping only; verify field-level availability and construct validity before application.
ACA-009,Academic influence / bibliometrics,Author co-authorship network centrality,OpenAlex / Crossref / Europe PMC / PubMed / guideline corpus,DS033;DS034;DS035;DS036;DS037;DS042,DS038;DS039;DS040;DS041;DS043;DS044;DS059,"Works, authors, institutions, funders, topics, citations, retraction flags, IDs | DOIs, bibliographic metadata, funding, licences, updates, ORCID/ROR, abstracts where supplied | Articles, preprints, citations, biomedical full text where open; grant records | Publication metadata, MeSH, abstracts, linked records | Study registration, interventions, outcomes, status, results where posted | UKRI projects, grants, organisations, people/output links",LICENSED;MIXED_ACCESS;OPEN;OPEN_API;PUBLIC_WEB,PHASE_1_OR_2,Time series,Low/Medium,Candidate source mapping only; verify field-level availability and construct validity before application.
ACA-010,Academic influence / bibliometrics,Institution collaboration network centrality,OpenAlex / Crossref / Europe PMC / PubMed / guideline corpus,DS033;DS034;DS035;DS036;DS037;DS042,DS038;DS039;DS040;DS041;DS043;DS044;DS059,"Works, authors, institutions, funders, topics, citations, retraction flags, IDs | DOIs, bibliographic metadata, funding, licences, updates, ORCID/ROR, abstracts where supplied | Articles, preprints, citations, biomedical full text where open; grant records | Publication metadata, MeSH, abstracts, linked records | Study registration, interventions, outcomes, status, results where posted | UKRI projects, grants, organisations, people/output links",LICENSED;MIXED_ACCESS;OPEN;OPEN_API;PUBLIC_WEB,PHASE_1_OR_2,Time series,Low/Medium,Candidate source mapping only; verify field-level availability and construct validity before application.
ACA-011,Academic influence / bibliometrics,Funder network centrality,OpenAlex / Crossref / Europe PMC / PubMed / guideline corpus,DS033;DS034;DS035;DS036;DS037;DS042,DS038;DS039;DS040;DS041;DS043;DS044;DS059,"Works, authors, institutions, funders, topics, citations, retraction flags, IDs | DOIs, bibliographic metadata, funding, licences, updates, ORCID/ROR, abstracts where supplied | Articles, preprints, citations, biomedical full text where open; grant records | Publication metadata, MeSH, abstracts, linked records | Study registration, interventions, outcomes, status, results where posted | UKRI projects, grants, organisations, people/output links",LICENSED;MIXED_ACCESS;OPEN;OPEN_API;PUBLIC_WEB,PHASE_1_OR_2,Time series,Low/Medium,Candidate source mapping only; verify field-level availability and construct validity before application.
ACA-012,Academic influence / bibliometrics,Proportion of corpus by study design,OpenAlex / Crossref / Europe PMC / PubMed / guideline corpus,DS033;DS034;DS035;DS036;DS037;DS042,DS038;DS039;DS040;DS041;DS043;DS044;DS059,"Works, authors, institutions, funders, topics, citations, retraction flags, IDs | DOIs, bibliographic metadata, funding, licences, updates, ORCID/ROR, abstracts where supplied | Articles, preprints, citations, biomedical full text where open; grant records | Publication metadata, MeSH, abstracts, linked records | Study registration, interventions, outcomes, status, results where posted | UKRI projects, grants, organisations, people/output links",LICENSED;MIXED_ACCESS;OPEN;OPEN_API;PUBLIC_WEB,PHASE_1_OR_2,Time series,Low/Medium,Candidate source mapping only; verify field-level availability and construct validity before application.
ACA-013,Academic influence / bibliometrics,Proportion of corpus with prospective design,OpenAlex / Crossref / Europe PMC / PubMed / guideline corpus,DS033;DS034;DS035;DS036;DS037;DS042,DS038;DS039;DS040;DS041;DS043;DS044;DS059,"Works, authors, institutions, funders, topics, citations, retraction flags, IDs | DOIs, bibliographic metadata, funding, licences, updates, ORCID/ROR, abstracts where supplied | Articles, preprints, citations, biomedical full text where open; grant records | Publication metadata, MeSH, abstracts, linked records | Study registration, interventions, outcomes, status, results where posted | UKRI projects, grants, organisations, people/output links",LICENSED;MIXED_ACCESS;OPEN;OPEN_API;PUBLIC_WEB,PHASE_1_OR_2,Time series,Low/Medium,Candidate source mapping only; verify field-level availability and construct validity before application.
ACA-014,Academic influence / bibliometrics,Proportion with comparator/control group,OpenAlex / Crossref / Europe PMC / PubMed / guideline corpus,DS033;DS034;DS035;DS036;DS037;DS042,DS038;DS039;DS040;DS041;DS043;DS044;DS059,"Works, authors, institutions, funders, topics, citations, retraction flags, IDs | DOIs, bibliographic metadata, funding, licences, updates, ORCID/ROR, abstracts where supplied | Articles, preprints, citations, biomedical full text where open; grant records | Publication metadata, MeSH, abstracts, linked records | Study registration, interventions, outcomes, status, results where posted | UKRI projects, grants, organisations, people/output links",LICENSED;MIXED_ACCESS;OPEN;OPEN_API;PUBLIC_WEB,PHASE_1_OR_2,Time series,Low/Medium,Candidate source mapping only; verify field-level availability and construct validity before application.
ACA-015,Academic influence / bibliometrics,Proportion with preregistration,OpenAlex / Crossref / Europe PMC / PubMed / guideline corpus,DS033;DS034;DS035;DS036;DS037;DS042,DS038;DS039;DS040;DS041;DS043;DS044;DS059,"Works, authors, institutions, funders, topics, citations, retraction flags, IDs | DOIs, bibliographic metadata, funding, licences, updates, ORCID/ROR, abstracts where supplied | Articles, preprints, citations, biomedical full text where open; grant records | Publication metadata, MeSH, abstracts, linked records | Study registration, interventions, outcomes, status, results where posted | UKRI projects, grants, organisations, people/output links",LICENSED;MIXED_ACCESS;OPEN;OPEN_API;PUBLIC_WEB,PHASE_1_OR_2,Time series,Low/Medium,Candidate source mapping only; verify field-level availability and construct validity before application.
ACA-016,Academic influence / bibliometrics,Proportion with open data/code,OpenAlex / Crossref / Europe PMC / PubMed / guideline corpus,DS033;DS034;DS035;DS036;DS037;DS042,DS038;DS039;DS040;DS041;DS043;DS044;DS059,"Works, authors, institutions, funders, topics, citations, retraction flags, IDs | DOIs, bibliographic metadata, funding, licences, updates, ORCID/ROR, abstracts where supplied | Articles, preprints, citations, biomedical full text where open; grant records | Publication metadata, MeSH, abstracts, linked records | Study registration, interventions, outcomes, status, results where posted | UKRI projects, grants, organisations, people/output links",LICENSED;MIXED_ACCESS;OPEN;OPEN_API;PUBLIC_WEB,PHASE_1_OR_2,Time series,Low/Medium,Candidate source mapping only; verify field-level availability and construct validity before application.
ACA-017,Academic influence / bibliometrics,Proportion with disclosed conflicts of interest,OpenAlex / Crossref / Europe PMC / PubMed / guideline corpus,DS033;DS034;DS035;DS036;DS037;DS042,DS038;DS039;DS040;DS041;DS043;DS044;DS059,"Works, authors, institutions, funders, topics, citations, retraction flags, IDs | DOIs, bibliographic metadata, funding, licences, updates, ORCID/ROR, abstracts where supplied | Articles, preprints, citations, biomedical full text where open; grant records | Publication metadata, MeSH, abstracts, linked records | Study registration, interventions, outcomes, status, results where posted | UKRI projects, grants, organisations, people/output links",LICENSED;MIXED_ACCESS;OPEN;OPEN_API;PUBLIC_WEB,PHASE_1_OR_2,Time series,Low/Medium,Candidate source mapping only; verify field-level availability and construct validity before application.
ACA-018,Academic influence / bibliometrics,Proportion with industry/advocacy/government funding,OpenAlex / Crossref / Europe PMC / PubMed / guideline corpus,DS033;DS034;DS035;DS036;DS037;DS042,DS038;DS039;DS040;DS041;DS043;DS044;DS059,"Works, authors, institutions, funders, topics, citations, retraction flags, IDs | DOIs, bibliographic metadata, funding, licences, updates, ORCID/ROR, abstracts where supplied | Articles, preprints, citations, biomedical full text where open; grant records | Publication metadata, MeSH, abstracts, linked records | Study registration, interventions, outcomes, status, results where posted | UKRI projects, grants, organisations, people/output links",LICENSED;MIXED_ACCESS;OPEN;OPEN_API;PUBLIC_WEB,PHASE_1_OR_2,Time series,Low/Medium,Candidate source mapping only; verify field-level availability and construct validity before application.
ACA-019,Academic influence / bibliometrics,Retraction/correction/expression-of-concern status,OpenAlex / Crossref / Europe PMC / PubMed / guideline corpus,DS033;DS034;DS035;DS036;DS037;DS042,DS038;DS039;DS040;DS041;DS043;DS044;DS059,"Works, authors, institutions, funders, topics, citations, retraction flags, IDs | DOIs, bibliographic metadata, funding, licences, updates, ORCID/ROR, abstracts where supplied | Articles, preprints, citations, biomedical full text where open; grant records | Publication metadata, MeSH, abstracts, linked records | Study registration, interventions, outcomes, status, results where posted | UKRI projects, grants, organisations, people/output links",LICENSED;MIXED_ACCESS;OPEN;OPEN_API;PUBLIC_WEB,PHASE_1_OR_2,Time series,Low/Medium,Candidate source mapping only; verify field-level availability and construct validity before application.
ACA-020,Academic influence / bibliometrics,Replication count,OpenAlex / Crossref / Europe PMC / PubMed / guideline corpus,DS033;DS034;DS035;DS036;DS037;DS042,DS038;DS039;DS040;DS041;DS043;DS044;DS059,"Works, authors, institutions, funders, topics, citations, retraction flags, IDs | DOIs, bibliographic metadata, funding, licences, updates, ORCID/ROR, abstracts where supplied | Articles, preprints, citations, biomedical full text where open; grant records | Publication metadata, MeSH, abstracts, linked records | Study registration, interventions, outcomes, status, results where posted | UKRI projects, grants, organisations, people/output links",LICENSED;MIXED_ACCESS;OPEN;OPEN_API;PUBLIC_WEB,PHASE_1_OR_2,Time series,Low/Medium,Candidate source mapping only; verify field-level availability and construct validity before application.
ACA-021,Academic influence / bibliometrics,Independent replication count,OpenAlex / Crossref / Europe PMC / PubMed / guideline corpus,DS033;DS034;DS035;DS036;DS037;DS042,DS038;DS039;DS040;DS041;DS043;DS044;DS059,"Works, authors, institutions, funders, topics, citations, retraction flags, IDs | DOIs, bibliographic metadata, funding, licences, updates, ORCID/ROR, abstracts where supplied | Articles, preprints, citations, biomedical full text where open; grant records | Publication metadata, MeSH, abstracts, linked records | Study registration, interventions, outcomes, status, results where posted | UKRI projects, grants, organisations, people/output links",LICENSED;MIXED_ACCESS;OPEN;OPEN_API;PUBLIC_WEB,PHASE_1_OR_2,Time series,Low/Medium,Candidate source mapping only; verify field-level availability and construct validity before application.
ACA-022,Academic influence / bibliometrics,Data-set reuse/dependence count,OpenAlex / Crossref / Europe PMC / PubMed / guideline corpus,DS033;DS034;DS035;DS036;DS037;DS042,DS038;DS039;DS040;DS041;DS043;DS044;DS059,"Works, authors, institutions, funders, topics, citations, retraction flags, IDs | DOIs, bibliographic metadata, funding, licences, updates, ORCID/ROR, abstracts where supplied | Articles, preprints, citations, biomedical full text where open; grant records | Publication metadata, MeSH, abstracts, linked records | Study registration, interventions, outcomes, status, results where posted | UKRI projects, grants, organisations, people/output links",LICENSED;MIXED_ACCESS;OPEN;OPEN_API;PUBLIC_WEB,PHASE_1_OR_2,Time series,Low/Medium,Candidate source mapping only; verify field-level availability and construct validity before application.
ACA-023,Academic influence / bibliometrics,Guideline ancestry/dependency graph,OpenAlex / Crossref / Europe PMC / PubMed / guideline corpus,DS033;DS034;DS035;DS036;DS037;DS042,DS038;DS039;DS040;DS041;DS043;DS044;DS059,"Works, authors, institutions, funders, topics, citations, retraction flags, IDs | DOIs, bibliographic metadata, funding, licences, updates, ORCID/ROR, abstracts where supplied | Articles, preprints, citations, biomedical full text where open; grant records | Publication metadata, MeSH, abstracts, linked records | Study registration, interventions, outcomes, status, results where posted | UKRI projects, grants, organisations, people/output links",LICENSED;MIXED_ACCESS;OPEN;OPEN_API;PUBLIC_WEB,PHASE_1_OR_2,Time series,Low/Medium,Candidate source mapping only; verify field-level availability and construct validity before application.
ACA-024,Academic influence / bibliometrics,Self-citation rate,OpenAlex / Crossref / Europe PMC / PubMed / guideline corpus,DS033;DS034;DS035;DS036;DS037;DS042,DS038;DS039;DS040;DS041;DS043;DS044;DS059,"Works, authors, institutions, funders, topics, citations, retraction flags, IDs | DOIs, bibliographic metadata, funding, licences, updates, ORCID/ROR, abstracts where supplied | Articles, preprints, citations, biomedical full text where open; grant records | Publication metadata, MeSH, abstracts, linked records | Study registration, interventions, outcomes, status, results where posted | UKRI projects, grants, organisations, people/output links",LICENSED;MIXED_ACCESS;OPEN;OPEN_API;PUBLIC_WEB,PHASE_1_OR_2,Time series,Low/Medium,Candidate source mapping only; verify field-level availability and construct validity before application.
ACA-025,Academic influence / bibliometrics,Citation-cluster modularity/echo-chamber index,OpenAlex / Crossref / Europe PMC / PubMed / guideline corpus,DS033;DS034;DS035;DS036;DS037;DS042,DS038;DS039;DS040;DS041;DS043;DS044;DS059,"Works, authors, institutions, funders, topics, citations, retraction flags, IDs | DOIs, bibliographic metadata, funding, licences, updates, ORCID/ROR, abstracts where supplied | Articles, preprints, citations, biomedical full text where open; grant records | Publication metadata, MeSH, abstracts, linked records | Study registration, interventions, outcomes, status, results where posted | UKRI projects, grants, organisations, people/output links",LICENSED;MIXED_ACCESS;OPEN;OPEN_API;PUBLIC_WEB,PHASE_1_OR_2,Time series,Low/Medium,Candidate source mapping only; verify field-level availability and construct validity before application.
ACA-026,Academic influence / bibliometrics,Stance toward proposition: supports/challenges/mixed/method-only,OpenAlex / Crossref / Europe PMC / PubMed / guideline corpus,DS033;DS034;DS035;DS036;DS037;DS042,DS038;DS039;DS040;DS041;DS043;DS044;DS059,"Works, authors, institutions, funders, topics, citations, retraction flags, IDs | DOIs, bibliographic metadata, funding, licences, updates, ORCID/ROR, abstracts where supplied | Articles, preprints, citations, biomedical full text where open; grant records | Publication metadata, MeSH, abstracts, linked records | Study registration, interventions, outcomes, status, results where posted | UKRI projects, grants, organisations, people/output links",LICENSED;MIXED_ACCESS;OPEN;OPEN_API;PUBLIC_WEB,PHASE_1_OR_2,Time series,Low/Medium,Candidate source mapping only; verify field-level availability and construct validity before application.
ACA-027,Academic influence / bibliometrics,Epistemic-certainty language score,OpenAlex / Crossref / Europe PMC / PubMed / guideline corpus,DS033;DS034;DS035;DS036;DS037;DS042,DS038;DS039;DS040;DS041;DS043;DS044;DS059,"Works, authors, institutions, funders, topics, citations, retraction flags, IDs | DOIs, bibliographic metadata, funding, licences, updates, ORCID/ROR, abstracts where supplied | Articles, preprints, citations, biomedical full text where open; grant records | Publication metadata, MeSH, abstracts, linked records | Study registration, interventions, outcomes, status, results where posted | UKRI projects, grants, organisations, people/output links",LICENSED;MIXED_ACCESS;OPEN;OPEN_API;PUBLIC_WEB,PHASE_1_OR_2,Time series,Low/Medium,Candidate source mapping only; verify field-level availability and construct validity before application.
ACA-028,Academic influence / bibliometrics,Causal-language overstatement score,OpenAlex / Crossref / Europe PMC / PubMed / guideline corpus,DS033;DS034;DS035;DS036;DS037;DS042,DS038;DS039;DS040;DS041;DS043;DS044;DS059,"Works, authors, institutions, funders, topics, citations, retraction flags, IDs | DOIs, bibliographic metadata, funding, licences, updates, ORCID/ROR, abstracts where supplied | Articles, preprints, citations, biomedical full text where open; grant records | Publication metadata, MeSH, abstracts, linked records | Study registration, interventions, outcomes, status, results where posted | UKRI projects, grants, organisations, people/output links",LICENSED;MIXED_ACCESS;OPEN;OPEN_API;PUBLIC_WEB,PHASE_1_OR_2,Time series,Low/Medium,Candidate source mapping only; verify field-level availability and construct validity before application.
ACA-029,Academic influence / bibliometrics,Abstract-to-full-text conclusion consistency,OpenAlex / Crossref / Europe PMC / PubMed / guideline corpus,DS033;DS034;DS035;DS036;DS037;DS042,DS038;DS039;DS040;DS041;DS043;DS044;DS059,"Works, authors, institutions, funders, topics, citations, retraction flags, IDs | DOIs, bibliographic metadata, funding, licences, updates, ORCID/ROR, abstracts where supplied | Articles, preprints, citations, biomedical full text where open; grant records | Publication metadata, MeSH, abstracts, linked records | Study registration, interventions, outcomes, status, results where posted | UKRI projects, grants, organisations, people/output links",LICENSED;MIXED_ACCESS;OPEN;OPEN_API;PUBLIC_WEB,PHASE_1_OR_2,Time series,Low/Medium,Candidate source mapping only; verify field-level availability and construct validity before application.
ACA-030,Academic influence / bibliometrics,Media/policy amplification lag after publication,OpenAlex / Crossref / Europe PMC / PubMed / guideline corpus,DS033;DS034;DS035;DS036;DS037;DS042,DS038;DS039;DS040;DS041;DS043;DS044;DS059,"Works, authors, institutions, funders, topics, citations, retraction flags, IDs | DOIs, bibliographic metadata, funding, licences, updates, ORCID/ROR, abstracts where supplied | Articles, preprints, citations, biomedical full text where open; grant records | Publication metadata, MeSH, abstracts, linked records | Study registration, interventions, outcomes, status, results where posted | UKRI projects, grants, organisations, people/output links",LICENSED;MIXED_ACCESS;OPEN;OPEN_API;PUBLIC_WEB,PHASE_1_OR_2,Time series,Low/Medium,Candidate source mapping only; verify field-level availability and construct validity before application.
ACA-031,Academic influence / bibliometrics,Time from publication to guideline incorporation,OpenAlex / Crossref / Europe PMC / PubMed / guideline corpus,DS033;DS034;DS035;DS036;DS037;DS042,DS038;DS039;DS040;DS041;DS043;DS044;DS059,"Works, authors, institutions, funders, topics, citations, retraction flags, IDs | DOIs, bibliographic metadata, funding, licences, updates, ORCID/ROR, abstracts where supplied | Articles, preprints, citations, biomedical full text where open; grant records | Publication metadata, MeSH, abstracts, linked records | Study registration, interventions, outcomes, status, results where posted | UKRI projects, grants, organisations, people/output links",LICENSED;MIXED_ACCESS;OPEN;OPEN_API;PUBLIC_WEB,PHASE_1_OR_2,Time series,Low/Medium,Candidate source mapping only; verify field-level availability and construct validity before application.
ACA-032,Academic influence / bibliometrics,Contrary-evidence citation rate,OpenAlex / Crossref / Europe PMC / PubMed / guideline corpus,DS033;DS034;DS035;DS036;DS037;DS042,DS038;DS039;DS040;DS041;DS043;DS044;DS059,"Works, authors, institutions, funders, topics, citations, retraction flags, IDs | DOIs, bibliographic metadata, funding, licences, updates, ORCID/ROR, abstracts where supplied | Articles, preprints, citations, biomedical full text where open; grant records | Publication metadata, MeSH, abstracts, linked records | Study registration, interventions, outcomes, status, results where posted | UKRI projects, grants, organisations, people/output links",LICENSED;MIXED_ACCESS;OPEN;OPEN_API;PUBLIC_WEB,PHASE_1_OR_2,Time series,Low/Medium,Candidate source mapping only; verify field-level availability and construct validity before application.
ACA-033,Academic influence / bibliometrics,Citation asymmetry toward supportive vs challenging evidence,OpenAlex / Crossref / Europe PMC / PubMed / guideline corpus,DS033;DS034;DS035;DS036;DS037;DS042,DS038;DS039;DS040;DS041;DS043;DS044;DS059,"Works, authors, institutions, funders, topics, citations, retraction flags, IDs | DOIs, bibliographic metadata, funding, licences, updates, ORCID/ROR, abstracts where supplied | Articles, preprints, citations, biomedical full text where open; grant records | Publication metadata, MeSH, abstracts, linked records | Study registration, interventions, outcomes, status, results where posted | UKRI projects, grants, organisations, people/output links",LICENSED;MIXED_ACCESS;OPEN;OPEN_API;PUBLIC_WEB,PHASE_1_OR_2,Time series,Low/Medium,Candidate source mapping only; verify field-level availability and construct validity before application.
ACA-034,Academic influence / bibliometrics,Research-topic prevalence over time,OpenAlex / Crossref / Europe PMC / PubMed / guideline corpus,DS033;DS034;DS035;DS036;DS037;DS042,DS038;DS039;DS040;DS041;DS043;DS044;DS059,"Works, authors, institutions, funders, topics, citations, retraction flags, IDs | DOIs, bibliographic metadata, funding, licences, updates, ORCID/ROR, abstracts where supplied | Articles, preprints, citations, biomedical full text where open; grant records | Publication metadata, MeSH, abstracts, linked records | Study registration, interventions, outcomes, status, results where posted | UKRI projects, grants, organisations, people/output links",LICENSED;MIXED_ACCESS;OPEN;OPEN_API;PUBLIC_WEB,PHASE_1_OR_2,Time series,Low/Medium,Candidate source mapping only; verify field-level availability and construct validity before application.
ACA-035,Academic influence / bibliometrics,Discipline composition over time,OpenAlex / Crossref / Europe PMC / PubMed / guideline corpus,DS033;DS034;DS035;DS036;DS037;DS042,DS038;DS039;DS040;DS041;DS043;DS044;DS059,"Works, authors, institutions, funders, topics, citations, retraction flags, IDs | DOIs, bibliographic metadata, funding, licences, updates, ORCID/ROR, abstracts where supplied | Articles, preprints, citations, biomedical full text where open; grant records | Publication metadata, MeSH, abstracts, linked records | Study registration, interventions, outcomes, status, results where posted | UKRI projects, grants, organisations, people/output links",LICENSED;MIXED_ACCESS;OPEN;OPEN_API;PUBLIC_WEB,PHASE_1_OR_2,Time series,Low/Medium,Candidate source mapping only; verify field-level availability and construct validity before application.
ACA-036,Academic influence / bibliometrics,Geographical origin of evidence,OpenAlex / Crossref / Europe PMC / PubMed / guideline corpus,DS033;DS034;DS035;DS036;DS037;DS042,DS038;DS039;DS040;DS041;DS043;DS044;DS059,"Works, authors, institutions, funders, topics, citations, retraction flags, IDs | DOIs, bibliographic metadata, funding, licences, updates, ORCID/ROR, abstracts where supplied | Articles, preprints, citations, biomedical full text where open; grant records | Publication metadata, MeSH, abstracts, linked records | Study registration, interventions, outcomes, status, results where posted | UKRI projects, grants, organisations, people/output links",LICENSED;MIXED_ACCESS;OPEN;OPEN_API;PUBLIC_WEB,PHASE_1_OR_2,Time series,Low/Medium,Candidate source mapping only; verify field-level availability and construct validity before application.
ACA-037,Academic influence / bibliometrics,Population representativeness of evidence base,OpenAlex / Crossref / Europe PMC / PubMed / guideline corpus,DS033;DS034;DS035;DS036;DS037;DS042,DS038;DS039;DS040;DS041;DS043;DS044;DS059,"Works, authors, institutions, funders, topics, citations, retraction flags, IDs | DOIs, bibliographic metadata, funding, licences, updates, ORCID/ROR, abstracts where supplied | Articles, preprints, citations, biomedical full text where open; grant records | Publication metadata, MeSH, abstracts, linked records | Study registration, interventions, outcomes, status, results where posted | UKRI projects, grants, organisations, people/output links",LICENSED;MIXED_ACCESS;OPEN;OPEN_API;PUBLIC_WEB,PHASE_1_OR_2,Time series,Low/Medium,Candidate source mapping only; verify field-level availability and construct validity before application.
ACA-038,Academic influence / bibliometrics,Autism/neurodiversity-specific publication share,OpenAlex / Crossref / Europe PMC / PubMed / guideline corpus,DS033;DS034;DS035;DS036;DS037;DS042,DS038;DS039;DS040;DS041;DS043;DS044;DS059,"Works, authors, institutions, funders, topics, citations, retraction flags, IDs | DOIs, bibliographic metadata, funding, licences, updates, ORCID/ROR, abstracts where supplied | Articles, preprints, citations, biomedical full text where open; grant records | Publication metadata, MeSH, abstracts, linked records | Study registration, interventions, outcomes, status, results where posted | UKRI projects, grants, organisations, people/output links",LICENSED;MIXED_ACCESS;OPEN;OPEN_API;PUBLIC_WEB,PHASE_1_OR_2,Time series,Low/Medium,Candidate source mapping only; verify field-level availability and construct validity before application.
ACA-039,Academic influence / bibliometrics,Gender-dysphoria measure-validation publication share,OpenAlex / Crossref / Europe PMC / PubMed / guideline corpus,DS033;DS034;DS035;DS036;DS037;DS042,DS038;DS039;DS040;DS041;DS043;DS044;DS059,"Works, authors, institutions, funders, topics, citations, retraction flags, IDs | DOIs, bibliographic metadata, funding, licences, updates, ORCID/ROR, abstracts where supplied | Articles, preprints, citations, biomedical full text where open; grant records | Publication metadata, MeSH, abstracts, linked records | Study registration, interventions, outcomes, status, results where posted | UKRI projects, grants, organisations, people/output links",LICENSED;MIXED_ACCESS;OPEN;OPEN_API;PUBLIC_WEB,PHASE_1_OR_2,Time series,Low/Medium,Candidate source mapping only; verify field-level availability and construct validity before application.
LING-001,Clinical conversation / linguistic dynamics,Recording/transcript consent state,Consented audio/video transcript + NLP + human coding,DS064;DS065,DS046;DS058,"Interviews, longitudinal narratives, clinician/patient discourse, vignettes | Randomised A/B/n or factorial vignettes with controlled framing manipulations",MIXED_ACCESS;OPEN_CORPUS;PRIMARY_RESEARCH,PHASE_1_OR_2,Encounter/repeated,Very high,Candidate source mapping only; verify field-level availability and construct validity before application.
LING-002,Clinical conversation / linguistic dynamics,Speaker identity/role diarisation,Consented audio/video transcript + NLP + human coding,DS064;DS065,DS046;DS058,"Interviews, longitudinal narratives, clinician/patient discourse, vignettes | Randomised A/B/n or factorial vignettes with controlled framing manipulations",MIXED_ACCESS;OPEN_CORPUS;PRIMARY_RESEARCH,PHASE_1_OR_2,Encounter/repeated,Very high,Candidate source mapping only; verify field-level availability and construct validity before application.
LING-003,Clinical conversation / linguistic dynamics,Speaking-time ratio clinician/patient/parent,Consented audio/video transcript + NLP + human coding,DS064;DS065,DS046;DS058,"Interviews, longitudinal narratives, clinician/patient discourse, vignettes | Randomised A/B/n or factorial vignettes with controlled framing manipulations",MIXED_ACCESS;OPEN_CORPUS;PRIMARY_RESEARCH,PHASE_1_OR_2,Encounter/repeated,Very high,Candidate source mapping only; verify field-level availability and construct validity before application.
LING-004,Clinical conversation / linguistic dynamics,Turn-taking balance,Consented audio/video transcript + NLP + human coding,DS064;DS065,DS046;DS058,"Interviews, longitudinal narratives, clinician/patient discourse, vignettes | Randomised A/B/n or factorial vignettes with controlled framing manipulations",MIXED_ACCESS;OPEN_CORPUS;PRIMARY_RESEARCH,PHASE_1_OR_2,Encounter/repeated,Very high,Candidate source mapping only; verify field-level availability and construct validity before application.
LING-005,Clinical conversation / linguistic dynamics,Interruption frequency by speaker,Consented audio/video transcript + NLP + human coding,DS064;DS065,DS046;DS058,"Interviews, longitudinal narratives, clinician/patient discourse, vignettes | Randomised A/B/n or factorial vignettes with controlled framing manipulations",MIXED_ACCESS;OPEN_CORPUS;PRIMARY_RESEARCH,PHASE_1_OR_2,Encounter/repeated,Very high,Candidate source mapping only; verify field-level availability and construct validity before application.
LING-006,Clinical conversation / linguistic dynamics,Question count by speaker,Consented audio/video transcript + NLP + human coding,DS064;DS065,DS046;DS058,"Interviews, longitudinal narratives, clinician/patient discourse, vignettes | Randomised A/B/n or factorial vignettes with controlled framing manipulations",MIXED_ACCESS;OPEN_CORPUS;PRIMARY_RESEARCH,PHASE_1_OR_2,Encounter/repeated,Very high,Candidate source mapping only; verify field-level availability and construct validity before application.
LING-007,Clinical conversation / linguistic dynamics,Open-question proportion,Consented audio/video transcript + NLP + human coding,DS064;DS065,DS046;DS058,"Interviews, longitudinal narratives, clinician/patient discourse, vignettes | Randomised A/B/n or factorial vignettes with controlled framing manipulations",MIXED_ACCESS;OPEN_CORPUS;PRIMARY_RESEARCH,PHASE_1_OR_2,Encounter/repeated,Very high,Candidate source mapping only; verify field-level availability and construct validity before application.
LING-008,Clinical conversation / linguistic dynamics,Closed-question proportion,Consented audio/video transcript + NLP + human coding,DS064;DS065,DS046;DS058,"Interviews, longitudinal narratives, clinician/patient discourse, vignettes | Randomised A/B/n or factorial vignettes with controlled framing manipulations",MIXED_ACCESS;OPEN_CORPUS;PRIMARY_RESEARCH,PHASE_1_OR_2,Encounter/repeated,Very high,Candidate source mapping only; verify field-level availability and construct validity before application.
LING-009,Clinical conversation / linguistic dynamics,Leading-question frequency,Consented audio/video transcript + NLP + human coding,DS064;DS065,DS046;DS058,"Interviews, longitudinal narratives, clinician/patient discourse, vignettes | Randomised A/B/n or factorial vignettes with controlled framing manipulations",MIXED_ACCESS;OPEN_CORPUS;PRIMARY_RESEARCH,PHASE_1_OR_2,Encounter/repeated,Very high,Candidate source mapping only; verify field-level availability and construct validity before application.
LING-010,Clinical conversation / linguistic dynamics,Presupposition frequency,Consented audio/video transcript + NLP + human coding,DS064;DS065,DS046;DS058,"Interviews, longitudinal narratives, clinician/patient discourse, vignettes | Randomised A/B/n or factorial vignettes with controlled framing manipulations",MIXED_ACCESS;OPEN_CORPUS;PRIMARY_RESEARCH,PHASE_1_OR_2,Encounter/repeated,Very high,Candidate source mapping only; verify field-level availability and construct validity before application.
LING-011,Clinical conversation / linguistic dynamics,Option-framing balance,Consented audio/video transcript + NLP + human coding,DS064;DS065,DS046;DS058,"Interviews, longitudinal narratives, clinician/patient discourse, vignettes | Randomised A/B/n or factorial vignettes with controlled framing manipulations",MIXED_ACCESS;OPEN_CORPUS;PRIMARY_RESEARCH,PHASE_1_OR_2,Encounter/repeated,Very high,Candidate source mapping only; verify field-level availability and construct validity before application.
LING-012,Clinical conversation / linguistic dynamics,Gain-versus-loss framing,Consented audio/video transcript + NLP + human coding,DS064;DS065,DS046;DS058,"Interviews, longitudinal narratives, clinician/patient discourse, vignettes | Randomised A/B/n or factorial vignettes with controlled framing manipulations",MIXED_ACCESS;OPEN_CORPUS;PRIMARY_RESEARCH,PHASE_1_OR_2,Encounter/repeated,Very high,Candidate source mapping only; verify field-level availability and construct validity before application.
LING-013,Clinical conversation / linguistic dynamics,Risk-frequency versus percentage framing,Consented audio/video transcript + NLP + human coding,DS064;DS065,DS046;DS058,"Interviews, longitudinal narratives, clinician/patient discourse, vignettes | Randomised A/B/n or factorial vignettes with controlled framing manipulations",MIXED_ACCESS;OPEN_CORPUS;PRIMARY_RESEARCH,PHASE_1_OR_2,Encounter/repeated,Very high,Candidate source mapping only; verify field-level availability and construct validity before application.
LING-014,Clinical conversation / linguistic dynamics,Order in which treatment options are presented,Consented audio/video transcript + NLP + human coding,DS064;DS065,DS046;DS058,"Interviews, longitudinal narratives, clinician/patient discourse, vignettes | Randomised A/B/n or factorial vignettes with controlled framing manipulations",MIXED_ACCESS;OPEN_CORPUS;PRIMARY_RESEARCH,PHASE_1_OR_2,Encounter/repeated,Very high,Candidate source mapping only; verify field-level availability and construct validity before application.
LING-015,Clinical conversation / linguistic dynamics,Number of options presented,Consented audio/video transcript + NLP + human coding,DS064;DS065,DS046;DS058,"Interviews, longitudinal narratives, clinician/patient discourse, vignettes | Randomised A/B/n or factorial vignettes with controlled framing manipulations",MIXED_ACCESS;OPEN_CORPUS;PRIMARY_RESEARCH,PHASE_1_OR_2,Encounter/repeated,Very high,Candidate source mapping only; verify field-level availability and construct validity before application.
LING-016,Clinical conversation / linguistic dynamics,Material options omitted from discussion,Consented audio/video transcript + NLP + human coding,DS064;DS065,DS046;DS058,"Interviews, longitudinal narratives, clinician/patient discourse, vignettes | Randomised A/B/n or factorial vignettes with controlled framing manipulations",MIXED_ACCESS;OPEN_CORPUS;PRIMARY_RESEARCH,PHASE_1_OR_2,Encounter/repeated,Very high,Candidate source mapping only; verify field-level availability and construct validity before application.
LING-017,Clinical conversation / linguistic dynamics,Clinician certainty/epistemic modality,Consented audio/video transcript + NLP + human coding,DS064;DS065,DS046;DS058,"Interviews, longitudinal narratives, clinician/patient discourse, vignettes | Randomised A/B/n or factorial vignettes with controlled framing manipulations",MIXED_ACCESS;OPEN_CORPUS;PRIMARY_RESEARCH,PHASE_1_OR_2,Encounter/repeated,Very high,Candidate source mapping only; verify field-level availability and construct validity before application.
LING-018,Clinical conversation / linguistic dynamics,Patient certainty/epistemic modality,Consented audio/video transcript + NLP + human coding,DS064;DS065,DS046;DS058,"Interviews, longitudinal narratives, clinician/patient discourse, vignettes | Randomised A/B/n or factorial vignettes with controlled framing manipulations",MIXED_ACCESS;OPEN_CORPUS;PRIMARY_RESEARCH,PHASE_1_OR_2,Encounter/repeated,Very high,Candidate source mapping only; verify field-level availability and construct validity before application.
LING-019,Clinical conversation / linguistic dynamics,Hedging frequency,Consented audio/video transcript + NLP + human coding,DS064;DS065,DS046;DS058,"Interviews, longitudinal narratives, clinician/patient discourse, vignettes | Randomised A/B/n or factorial vignettes with controlled framing manipulations",MIXED_ACCESS;OPEN_CORPUS;PRIMARY_RESEARCH,PHASE_1_OR_2,Encounter/repeated,Very high,Candidate source mapping only; verify field-level availability and construct validity before application.
LING-020,Clinical conversation / linguistic dynamics,Directive/paternalistic language score,Consented audio/video transcript + NLP + human coding,DS064;DS065,DS046;DS058,"Interviews, longitudinal narratives, clinician/patient discourse, vignettes | Randomised A/B/n or factorial vignettes with controlled framing manipulations",MIXED_ACCESS;OPEN_CORPUS;PRIMARY_RESEARCH,PHASE_1_OR_2,Encounter/repeated,Very high,Candidate source mapping only; verify field-level availability and construct validity before application.
LING-021,Clinical conversation / linguistic dynamics,Shared-decision language score,Consented audio/video transcript + NLP + human coding,DS064;DS065,DS046;DS058,"Interviews, longitudinal narratives, clinician/patient discourse, vignettes | Randomised A/B/n or factorial vignettes with controlled framing manipulations",MIXED_ACCESS;OPEN_CORPUS;PRIMARY_RESEARCH,PHASE_1_OR_2,Encounter/repeated,Very high,Candidate source mapping only; verify field-level availability and construct validity before application.
LING-022,Clinical conversation / linguistic dynamics,Empathy/validation language score,Consented audio/video transcript + NLP + human coding,DS064;DS065,DS046;DS058,"Interviews, longitudinal narratives, clinician/patient discourse, vignettes | Randomised A/B/n or factorial vignettes with controlled framing manipulations",MIXED_ACCESS;OPEN_CORPUS;PRIMARY_RESEARCH,PHASE_1_OR_2,Encounter/repeated,Very high,Candidate source mapping only; verify field-level availability and construct validity before application.
LING-023,Clinical conversation / linguistic dynamics,Affiliation/rapport language markers,Consented audio/video transcript + NLP + human coding,DS064;DS065,DS046;DS058,"Interviews, longitudinal narratives, clinician/patient discourse, vignettes | Randomised A/B/n or factorial vignettes with controlled framing manipulations",MIXED_ACCESS;OPEN_CORPUS;PRIMARY_RESEARCH,PHASE_1_OR_2,Encounter/repeated,Very high,Candidate source mapping only; verify field-level availability and construct validity before application.
LING-024,Clinical conversation / linguistic dynamics,Authority/clout language markers,Consented audio/video transcript + NLP + human coding,DS064;DS065,DS046;DS058,"Interviews, longitudinal narratives, clinician/patient discourse, vignettes | Randomised A/B/n or factorial vignettes with controlled framing manipulations",MIXED_ACCESS;OPEN_CORPUS;PRIMARY_RESEARCH,PHASE_1_OR_2,Encounter/repeated,Very high,Candidate source mapping only; verify field-level availability and construct validity before application.
LING-025,Clinical conversation / linguistic dynamics,Causal-language frequency,Consented audio/video transcript + NLP + human coding,DS064;DS065,DS046;DS058,"Interviews, longitudinal narratives, clinician/patient discourse, vignettes | Randomised A/B/n or factorial vignettes with controlled framing manipulations",MIXED_ACCESS;OPEN_CORPUS;PRIMARY_RESEARCH,PHASE_1_OR_2,Encounter/repeated,Very high,Candidate source mapping only; verify field-level availability and construct validity before application.
LING-026,Clinical conversation / linguistic dynamics,Diagnostic-label introduction timing,Consented audio/video transcript + NLP + human coding,DS064;DS065,DS046;DS058,"Interviews, longitudinal narratives, clinician/patient discourse, vignettes | Randomised A/B/n or factorial vignettes with controlled framing manipulations",MIXED_ACCESS;OPEN_CORPUS;PRIMARY_RESEARCH,PHASE_1_OR_2,Encounter/repeated,Very high,Candidate source mapping only; verify field-level availability and construct validity before application.
LING-027,Clinical conversation / linguistic dynamics,Identity-label introduction timing and speaker,Consented audio/video transcript + NLP + human coding,DS064;DS065,DS046;DS058,"Interviews, longitudinal narratives, clinician/patient discourse, vignettes | Randomised A/B/n or factorial vignettes with controlled framing manipulations",MIXED_ACCESS;OPEN_CORPUS;PRIMARY_RESEARCH,PHASE_1_OR_2,Encounter/repeated,Very high,Candidate source mapping only; verify field-level availability and construct validity before application.
LING-028,Clinical conversation / linguistic dynamics,Terminology adoption/convergence over consultation,Consented audio/video transcript + NLP + human coding,DS064;DS065,DS046;DS058,"Interviews, longitudinal narratives, clinician/patient discourse, vignettes | Randomised A/B/n or factorial vignettes with controlled framing manipulations",MIXED_ACCESS;OPEN_CORPUS;PRIMARY_RESEARCH,PHASE_1_OR_2,Encounter/repeated,Very high,Candidate source mapping only; verify field-level availability and construct validity before application.
LING-029,Clinical conversation / linguistic dynamics,Lexical entrainment/accommodation,Consented audio/video transcript + NLP + human coding,DS064;DS065,DS046;DS058,"Interviews, longitudinal narratives, clinician/patient discourse, vignettes | Randomised A/B/n or factorial vignettes with controlled framing manipulations",MIXED_ACCESS;OPEN_CORPUS;PRIMARY_RESEARCH,PHASE_1_OR_2,Encounter/repeated,Very high,Candidate source mapping only; verify field-level availability and construct validity before application.
LING-030,Clinical conversation / linguistic dynamics,Repetition/priming of key labels,Consented audio/video transcript + NLP + human coding,DS064;DS065,DS046;DS058,"Interviews, longitudinal narratives, clinician/patient discourse, vignettes | Randomised A/B/n or factorial vignettes with controlled framing manipulations",MIXED_ACCESS;OPEN_CORPUS;PRIMARY_RESEARCH,PHASE_1_OR_2,Encounter/repeated,Very high,Candidate source mapping only; verify field-level availability and construct validity before application.
LING-031,Clinical conversation / linguistic dynamics,Reflective-listening frequency,Consented audio/video transcript + NLP + human coding,DS064;DS065,DS046;DS058,"Interviews, longitudinal narratives, clinician/patient discourse, vignettes | Randomised A/B/n or factorial vignettes with controlled framing manipulations",MIXED_ACCESS;OPEN_CORPUS;PRIMARY_RESEARCH,PHASE_1_OR_2,Encounter/repeated,Very high,Candidate source mapping only; verify field-level availability and construct validity before application.
LING-032,Clinical conversation / linguistic dynamics,Challenge/disconfirmation questions asked,Consented audio/video transcript + NLP + human coding,DS064;DS065,DS046;DS058,"Interviews, longitudinal narratives, clinician/patient discourse, vignettes | Randomised A/B/n or factorial vignettes with controlled framing manipulations",MIXED_ACCESS;OPEN_CORPUS;PRIMARY_RESEARCH,PHASE_1_OR_2,Encounter/repeated,Very high,Candidate source mapping only; verify field-level availability and construct validity before application.
LING-033,Clinical conversation / linguistic dynamics,Alternative-explanation exploration count,Consented audio/video transcript + NLP + human coding,DS064;DS065,DS046;DS058,"Interviews, longitudinal narratives, clinician/patient discourse, vignettes | Randomised A/B/n or factorial vignettes with controlled framing manipulations",MIXED_ACCESS;OPEN_CORPUS;PRIMARY_RESEARCH,PHASE_1_OR_2,Encounter/repeated,Very high,Candidate source mapping only; verify field-level availability and construct validity before application.
LING-034,Clinical conversation / linguistic dynamics,Checking-understanding frequency,Consented audio/video transcript + NLP + human coding,DS064;DS065,DS046;DS058,"Interviews, longitudinal narratives, clinician/patient discourse, vignettes | Randomised A/B/n or factorial vignettes with controlled framing manipulations",MIXED_ACCESS;OPEN_CORPUS;PRIMARY_RESEARCH,PHASE_1_OR_2,Encounter/repeated,Very high,Candidate source mapping only; verify field-level availability and construct validity before application.
LING-035,Clinical conversation / linguistic dynamics,Teach-back use,Consented audio/video transcript + NLP + human coding,DS064;DS065,DS046;DS058,"Interviews, longitudinal narratives, clinician/patient discourse, vignettes | Randomised A/B/n or factorial vignettes with controlled framing manipulations",MIXED_ACCESS;OPEN_CORPUS;PRIMARY_RESEARCH,PHASE_1_OR_2,Encounter/repeated,Very high,Candidate source mapping only; verify field-level availability and construct validity before application.
LING-036,Clinical conversation / linguistic dynamics,Explicit uncertainty communication,Consented audio/video transcript + NLP + human coding,DS064;DS065,DS046;DS058,"Interviews, longitudinal narratives, clinician/patient discourse, vignettes | Randomised A/B/n or factorial vignettes with controlled framing manipulations",MIXED_ACCESS;OPEN_CORPUS;PRIMARY_RESEARCH,PHASE_1_OR_2,Encounter/repeated,Very high,Candidate source mapping only; verify field-level availability and construct validity before application.
LING-037,Clinical conversation / linguistic dynamics,Explicit discussion of evidence quality,Consented audio/video transcript + NLP + human coding,DS064;DS065,DS046;DS058,"Interviews, longitudinal narratives, clinician/patient discourse, vignettes | Randomised A/B/n or factorial vignettes with controlled framing manipulations",MIXED_ACCESS;OPEN_CORPUS;PRIMARY_RESEARCH,PHASE_1_OR_2,Encounter/repeated,Very high,Candidate source mapping only; verify field-level availability and construct validity before application.
LING-038,Clinical conversation / linguistic dynamics,Explicit discussion of reversibility/irreversibility,Consented audio/video transcript + NLP + human coding,DS064;DS065,DS046;DS058,"Interviews, longitudinal narratives, clinician/patient discourse, vignettes | Randomised A/B/n or factorial vignettes with controlled framing manipulations",MIXED_ACCESS;OPEN_CORPUS;PRIMARY_RESEARCH,PHASE_1_OR_2,Encounter/repeated,Very high,Candidate source mapping only; verify field-level availability and construct validity before application.
LING-039,Clinical conversation / linguistic dynamics,Patient baseline preference before consultation,Consented audio/video transcript + NLP + human coding,DS064;DS065,DS046;DS058,"Interviews, longitudinal narratives, clinician/patient discourse, vignettes | Randomised A/B/n or factorial vignettes with controlled framing manipulations",MIXED_ACCESS;OPEN_CORPUS;PRIMARY_RESEARCH,PHASE_1_OR_2,Encounter/repeated,Very high,Candidate source mapping only; verify field-level availability and construct validity before application.
LING-040,Clinical conversation / linguistic dynamics,Patient preference after consultation,Consented audio/video transcript + NLP + human coding,DS064;DS065,DS046;DS058,"Interviews, longitudinal narratives, clinician/patient discourse, vignettes | Randomised A/B/n or factorial vignettes with controlled framing manipulations",MIXED_ACCESS;OPEN_CORPUS;PRIMARY_RESEARCH,PHASE_1_OR_2,Encounter/repeated,Very high,Candidate source mapping only; verify field-level availability and construct validity before application.
LING-041,Clinical conversation / linguistic dynamics,Preference-change magnitude,Consented audio/video transcript + NLP + human coding,DS064;DS065,DS046;DS058,"Interviews, longitudinal narratives, clinician/patient discourse, vignettes | Randomised A/B/n or factorial vignettes with controlled framing manipulations",MIXED_ACCESS;OPEN_CORPUS;PRIMARY_RESEARCH,PHASE_1_OR_2,Encounter/repeated,Very high,Candidate source mapping only; verify field-level availability and construct validity before application.
LING-042,Clinical conversation / linguistic dynamics,Parent/carer preference before/after consultation,Consented audio/video transcript + NLP + human coding,DS064;DS065,DS046;DS058,"Interviews, longitudinal narratives, clinician/patient discourse, vignettes | Randomised A/B/n or factorial vignettes with controlled framing manipulations",MIXED_ACCESS;OPEN_CORPUS;PRIMARY_RESEARCH,PHASE_1_OR_2,Encounter/repeated,Very high,Candidate source mapping only; verify field-level availability and construct validity before application.
LING-043,Clinical conversation / linguistic dynamics,Clinician recommendation before/after MDT input,Consented audio/video transcript + NLP + human coding,DS064;DS065,DS046;DS058,"Interviews, longitudinal narratives, clinician/patient discourse, vignettes | Randomised A/B/n or factorial vignettes with controlled framing manipulations",MIXED_ACCESS;OPEN_CORPUS;PRIMARY_RESEARCH,PHASE_1_OR_2,Encounter/repeated,Very high,Candidate source mapping only; verify field-level availability and construct validity before application.
LING-044,Clinical conversation / linguistic dynamics,Emotional valence/arousal trajectory,Consented audio/video transcript + NLP + human coding,DS064;DS065,DS046;DS058,"Interviews, longitudinal narratives, clinician/patient discourse, vignettes | Randomised A/B/n or factorial vignettes with controlled framing manipulations",MIXED_ACCESS;OPEN_CORPUS;PRIMARY_RESEARCH,PHASE_1_OR_2,Encounter/repeated,Very high,Candidate source mapping only; verify field-level availability and construct validity before application.
LING-045,Clinical conversation / linguistic dynamics,Silence/non-fluency markers,Consented audio/video transcript + NLP + human coding,DS064;DS065,DS046;DS058,"Interviews, longitudinal narratives, clinician/patient discourse, vignettes | Randomised A/B/n or factorial vignettes with controlled framing manipulations",MIXED_ACCESS;OPEN_CORPUS;PRIMARY_RESEARCH,PHASE_1_OR_2,Encounter/repeated,Very high,Candidate source mapping only; verify field-level availability and construct validity before application.
LING-046,Clinical conversation / linguistic dynamics,Pronoun/use-of-self markers,Consented audio/video transcript + NLP + human coding,DS064;DS065,DS046;DS058,"Interviews, longitudinal narratives, clinician/patient discourse, vignettes | Randomised A/B/n or factorial vignettes with controlled framing manipulations",MIXED_ACCESS;OPEN_CORPUS;PRIMARY_RESEARCH,PHASE_1_OR_2,Encounter/repeated,Very high,Candidate source mapping only; verify field-level availability and construct validity before application.
LING-047,Clinical conversation / linguistic dynamics,Narrative coherence change across sessions,Consented audio/video transcript + NLP + human coding,DS064;DS065,DS046;DS058,"Interviews, longitudinal narratives, clinician/patient discourse, vignettes | Randomised A/B/n or factorial vignettes with controlled framing manipulations",MIXED_ACCESS;OPEN_CORPUS;PRIMARY_RESEARCH,PHASE_1_OR_2,Encounter/repeated,Very high,Candidate source mapping only; verify field-level availability and construct validity before application.
LING-048,Clinical conversation / linguistic dynamics,Language shift before and after diagnosis/referral,Consented audio/video transcript + NLP + human coding,DS064;DS065,DS046;DS058,"Interviews, longitudinal narratives, clinician/patient discourse, vignettes | Randomised A/B/n or factorial vignettes with controlled framing manipulations",MIXED_ACCESS;OPEN_CORPUS;PRIMARY_RESEARCH,PHASE_1_OR_2,Encounter/repeated,Very high,Candidate source mapping only; verify field-level availability and construct validity before application.
LING-049,Clinical conversation / linguistic dynamics,Language shift before and after social transition,Consented audio/video transcript + NLP + human coding,DS064;DS065,DS046;DS058,"Interviews, longitudinal narratives, clinician/patient discourse, vignettes | Randomised A/B/n or factorial vignettes with controlled framing manipulations",MIXED_ACCESS;OPEN_CORPUS;PRIMARY_RESEARCH,PHASE_1_OR_2,Encounter/repeated,Very high,Candidate source mapping only; verify field-level availability and construct validity before application.
LING-050,Clinical conversation / linguistic dynamics,Conversation-derived influence score held as research-only,Consented audio/video transcript + NLP + human coding,DS064;DS065,DS046;DS058,"Interviews, longitudinal narratives, clinician/patient discourse, vignettes | Randomised A/B/n or factorial vignettes with controlled framing manipulations",MIXED_ACCESS;OPEN_CORPUS;PRIMARY_RESEARCH,PHASE_1_OR_2,Encounter/repeated,Very high,Candidate source mapping only; verify field-level availability and construct validity before application.
PER-001,Persuasion / marketing / exposure dynamics,Gender-related content exposure frequency,Consented digital trace / surveys / content corpus,DS065;DS023,DS025;DS026;DS028,Randomised A/B/n or factorial vignettes with controlled framing manipulations | Online safety tracker; passive measurement; insight panel; media-use datasets,MIXED_ACCESS;OPEN;PRIMARY_RESEARCH;PUBLIC_API_LIMITED;RESTRICTED_RESEARCH_API,PHASE_1_OR_2,Time-varying,Very high,Candidate source mapping only; verify field-level availability and construct validity before application.
PER-002,Persuasion / marketing / exposure dynamics,Content exposure duration,Consented digital trace / surveys / content corpus,DS065;DS023,DS025;DS026;DS028,Randomised A/B/n or factorial vignettes with controlled framing manipulations | Online safety tracker; passive measurement; insight panel; media-use datasets,MIXED_ACCESS;OPEN;PRIMARY_RESEARCH;PUBLIC_API_LIMITED;RESTRICTED_RESEARCH_API,PHASE_1_OR_2,Time-varying,Very high,Candidate source mapping only; verify field-level availability and construct validity before application.
PER-003,Persuasion / marketing / exposure dynamics,Active engagement versus passive exposure,Consented digital trace / surveys / content corpus,DS065;DS023,DS025;DS026;DS028,Randomised A/B/n or factorial vignettes with controlled framing manipulations | Online safety tracker; passive measurement; insight panel; media-use datasets,MIXED_ACCESS;OPEN;PRIMARY_RESEARCH;PUBLIC_API_LIMITED;RESTRICTED_RESEARCH_API,PHASE_1_OR_2,Time-varying,Very high,Candidate source mapping only; verify field-level availability and construct validity before application.
PER-004,Persuasion / marketing / exposure dynamics,First age of relevant exposure,Consented digital trace / surveys / content corpus,DS065;DS023,DS025;DS026;DS028,Randomised A/B/n or factorial vignettes with controlled framing manipulations | Online safety tracker; passive measurement; insight panel; media-use datasets,MIXED_ACCESS;OPEN;PRIMARY_RESEARCH;PUBLIC_API_LIMITED;RESTRICTED_RESEARCH_API,PHASE_1_OR_2,Time-varying,Very high,Candidate source mapping only; verify field-level availability and construct validity before application.
PER-005,Persuasion / marketing / exposure dynamics,Exposure before versus after first reported distress,Consented digital trace / surveys / content corpus,DS065;DS023,DS025;DS026;DS028,Randomised A/B/n or factorial vignettes with controlled framing manipulations | Online safety tracker; passive measurement; insight panel; media-use datasets,MIXED_ACCESS;OPEN;PRIMARY_RESEARCH;PUBLIC_API_LIMITED;RESTRICTED_RESEARCH_API,PHASE_1_OR_2,Time-varying,Very high,Candidate source mapping only; verify field-level availability and construct validity before application.
PER-006,Persuasion / marketing / exposure dynamics,Message repetition frequency,Consented digital trace / surveys / content corpus,DS065;DS023,DS025;DS026;DS028,Randomised A/B/n or factorial vignettes with controlled framing manipulations | Online safety tracker; passive measurement; insight panel; media-use datasets,MIXED_ACCESS;OPEN;PRIMARY_RESEARCH;PUBLIC_API_LIMITED;RESTRICTED_RESEARCH_API,PHASE_1_OR_2,Time-varying,Very high,Candidate source mapping only; verify field-level availability and construct validity before application.
PER-007,Persuasion / marketing / exposure dynamics,Mere-exposure index,Consented digital trace / surveys / content corpus,DS065;DS023,DS025;DS026;DS028,Randomised A/B/n or factorial vignettes with controlled framing manipulations | Online safety tracker; passive measurement; insight panel; media-use datasets,MIXED_ACCESS;OPEN;PRIMARY_RESEARCH;PUBLIC_API_LIMITED;RESTRICTED_RESEARCH_API,PHASE_1_OR_2,Time-varying,Very high,Candidate source mapping only; verify field-level availability and construct validity before application.
PER-008,Persuasion / marketing / exposure dynamics,Source-credibility cue exposure,Consented digital trace / surveys / content corpus,DS065;DS023,DS025;DS026;DS028,Randomised A/B/n or factorial vignettes with controlled framing manipulations | Online safety tracker; passive measurement; insight panel; media-use datasets,MIXED_ACCESS;OPEN;PRIMARY_RESEARCH;PUBLIC_API_LIMITED;RESTRICTED_RESEARCH_API,PHASE_1_OR_2,Time-varying,Very high,Candidate source mapping only; verify field-level availability and construct validity before application.
PER-009,Persuasion / marketing / exposure dynamics,Expert/authority cue exposure,Consented digital trace / surveys / content corpus,DS065;DS023,DS025;DS026;DS028,Randomised A/B/n or factorial vignettes with controlled framing manipulations | Online safety tracker; passive measurement; insight panel; media-use datasets,MIXED_ACCESS;OPEN;PRIMARY_RESEARCH;PUBLIC_API_LIMITED;RESTRICTED_RESEARCH_API,PHASE_1_OR_2,Time-varying,Very high,Candidate source mapping only; verify field-level availability and construct validity before application.
PER-010,Persuasion / marketing / exposure dynamics,Social-proof cue exposure,Consented digital trace / surveys / content corpus,DS065;DS023,DS025;DS026;DS028,Randomised A/B/n or factorial vignettes with controlled framing manipulations | Online safety tracker; passive measurement; insight panel; media-use datasets,MIXED_ACCESS;OPEN;PRIMARY_RESEARCH;PUBLIC_API_LIMITED;RESTRICTED_RESEARCH_API,PHASE_1_OR_2,Time-varying,Very high,Candidate source mapping only; verify field-level availability and construct validity before application.
PER-011,Persuasion / marketing / exposure dynamics,Normative-consensus cue exposure,Consented digital trace / surveys / content corpus,DS065;DS023,DS025;DS026;DS028,Randomised A/B/n or factorial vignettes with controlled framing manipulations | Online safety tracker; passive measurement; insight panel; media-use datasets,MIXED_ACCESS;OPEN;PRIMARY_RESEARCH;PUBLIC_API_LIMITED;RESTRICTED_RESEARCH_API,PHASE_1_OR_2,Time-varying,Very high,Candidate source mapping only; verify field-level availability and construct validity before application.
PER-012,Persuasion / marketing / exposure dynamics,Influencer/celebrity exposure,Consented digital trace / surveys / content corpus,DS065;DS023,DS025;DS026;DS028,Randomised A/B/n or factorial vignettes with controlled framing manipulations | Online safety tracker; passive measurement; insight panel; media-use datasets,MIXED_ACCESS;OPEN;PRIMARY_RESEARCH;PUBLIC_API_LIMITED;RESTRICTED_RESEARCH_API,PHASE_1_OR_2,Time-varying,Very high,Candidate source mapping only; verify field-level availability and construct validity before application.
PER-013,Persuasion / marketing / exposure dynamics,Parasocial relationship intensity,Consented digital trace / surveys / content corpus,DS065;DS023,DS025;DS026;DS028,Randomised A/B/n or factorial vignettes with controlled framing manipulations | Online safety tracker; passive measurement; insight panel; media-use datasets,MIXED_ACCESS;OPEN;PRIMARY_RESEARCH;PUBLIC_API_LIMITED;RESTRICTED_RESEARCH_API,PHASE_1_OR_2,Time-varying,Very high,Candidate source mapping only; verify field-level availability and construct validity before application.
PER-014,Persuasion / marketing / exposure dynamics,Peer endorsement exposure,Consented digital trace / surveys / content corpus,DS065;DS023,DS025;DS026;DS028,Randomised A/B/n or factorial vignettes with controlled framing manipulations | Online safety tracker; passive measurement; insight panel; media-use datasets,MIXED_ACCESS;OPEN;PRIMARY_RESEARCH;PUBLIC_API_LIMITED;RESTRICTED_RESEARCH_API,PHASE_1_OR_2,Time-varying,Very high,Candidate source mapping only; verify field-level availability and construct validity before application.
PER-015,Persuasion / marketing / exposure dynamics,Identity-based message framing,Consented digital trace / surveys / content corpus,DS065;DS023,DS025;DS026;DS028,Randomised A/B/n or factorial vignettes with controlled framing manipulations | Online safety tracker; passive measurement; insight panel; media-use datasets,MIXED_ACCESS;OPEN;PRIMARY_RESEARCH;PUBLIC_API_LIMITED;RESTRICTED_RESEARCH_API,PHASE_1_OR_2,Time-varying,Very high,Candidate source mapping only; verify field-level availability and construct validity before application.
PER-016,Persuasion / marketing / exposure dynamics,Moral/emotional framing,Consented digital trace / surveys / content corpus,DS065;DS023,DS025;DS026;DS028,Randomised A/B/n or factorial vignettes with controlled framing manipulations | Online safety tracker; passive measurement; insight panel; media-use datasets,MIXED_ACCESS;OPEN;PRIMARY_RESEARCH;PUBLIC_API_LIMITED;RESTRICTED_RESEARCH_API,PHASE_1_OR_2,Time-varying,Very high,Candidate source mapping only; verify field-level availability and construct validity before application.
PER-017,Persuasion / marketing / exposure dynamics,Fear/threat framing,Consented digital trace / surveys / content corpus,DS065;DS023,DS025;DS026;DS028,Randomised A/B/n or factorial vignettes with controlled framing manipulations | Online safety tracker; passive measurement; insight panel; media-use datasets,MIXED_ACCESS;OPEN;PRIMARY_RESEARCH;PUBLIC_API_LIMITED;RESTRICTED_RESEARCH_API,PHASE_1_OR_2,Time-varying,Very high,Candidate source mapping only; verify field-level availability and construct validity before application.
PER-018,Persuasion / marketing / exposure dynamics,Hope/relief framing,Consented digital trace / surveys / content corpus,DS065;DS023,DS025;DS026;DS028,Randomised A/B/n or factorial vignettes with controlled framing manipulations | Online safety tracker; passive measurement; insight panel; media-use datasets,MIXED_ACCESS;OPEN;PRIMARY_RESEARCH;PUBLIC_API_LIMITED;RESTRICTED_RESEARCH_API,PHASE_1_OR_2,Time-varying,Very high,Candidate source mapping only; verify field-level availability and construct validity before application.
PER-019,Persuasion / marketing / exposure dynamics,Urgency/scarcity framing,Consented digital trace / surveys / content corpus,DS065;DS023,DS025;DS026;DS028,Randomised A/B/n or factorial vignettes with controlled framing manipulations | Online safety tracker; passive measurement; insight panel; media-use datasets,MIXED_ACCESS;OPEN;PRIMARY_RESEARCH;PUBLIC_API_LIMITED;RESTRICTED_RESEARCH_API,PHASE_1_OR_2,Time-varying,Very high,Candidate source mapping only; verify field-level availability and construct validity before application.
PER-020,Persuasion / marketing / exposure dynamics,Call-to-action exposure,Consented digital trace / surveys / content corpus,DS065;DS023,DS025;DS026;DS028,Randomised A/B/n or factorial vignettes with controlled framing manipulations | Online safety tracker; passive measurement; insight panel; media-use datasets,MIXED_ACCESS;OPEN;PRIMARY_RESEARCH;PUBLIC_API_LIMITED;RESTRICTED_RESEARCH_API,PHASE_1_OR_2,Time-varying,Very high,Candidate source mapping only; verify field-level availability and construct validity before application.
PER-021,Persuasion / marketing / exposure dynamics,Narrative/testimonial exposure,Consented digital trace / surveys / content corpus,DS065;DS023,DS025;DS026;DS028,Randomised A/B/n or factorial vignettes with controlled framing manipulations | Online safety tracker; passive measurement; insight panel; media-use datasets,MIXED_ACCESS;OPEN;PRIMARY_RESEARCH;PUBLIC_API_LIMITED;RESTRICTED_RESEARCH_API,PHASE_1_OR_2,Time-varying,Very high,Candidate source mapping only; verify field-level availability and construct validity before application.
PER-022,Persuasion / marketing / exposure dynamics,Before-and-after transformation imagery exposure,Consented digital trace / surveys / content corpus,DS065;DS023,DS025;DS026;DS028,Randomised A/B/n or factorial vignettes with controlled framing manipulations | Online safety tracker; passive measurement; insight panel; media-use datasets,MIXED_ACCESS;OPEN;PRIMARY_RESEARCH;PUBLIC_API_LIMITED;RESTRICTED_RESEARCH_API,PHASE_1_OR_2,Time-varying,Very high,Candidate source mapping only; verify field-level availability and construct validity before application.
PER-023,Persuasion / marketing / exposure dynamics,Sponsored-content exposure,Consented digital trace / surveys / content corpus,DS065;DS023,DS025;DS026;DS028,Randomised A/B/n or factorial vignettes with controlled framing manipulations | Online safety tracker; passive measurement; insight panel; media-use datasets,MIXED_ACCESS;OPEN;PRIMARY_RESEARCH;PUBLIC_API_LIMITED;RESTRICTED_RESEARCH_API,PHASE_1_OR_2,Time-varying,Very high,Candidate source mapping only; verify field-level availability and construct validity before application.
PER-024,Persuasion / marketing / exposure dynamics,Commercial-provider marketing exposure,Consented digital trace / surveys / content corpus,DS065;DS023,DS025;DS026;DS028,Randomised A/B/n or factorial vignettes with controlled framing manipulations | Online safety tracker; passive measurement; insight panel; media-use datasets,MIXED_ACCESS;OPEN;PRIMARY_RESEARCH;PUBLIC_API_LIMITED;RESTRICTED_RESEARCH_API,PHASE_1_OR_2,Time-varying,Very high,Candidate source mapping only; verify field-level availability and construct validity before application.
PER-025,Persuasion / marketing / exposure dynamics,Advocacy-campaign exposure,Consented digital trace / surveys / content corpus,DS065;DS023,DS025;DS026;DS028,Randomised A/B/n or factorial vignettes with controlled framing manipulations | Online safety tracker; passive measurement; insight panel; media-use datasets,MIXED_ACCESS;OPEN;PRIMARY_RESEARCH;PUBLIC_API_LIMITED;RESTRICTED_RESEARCH_API,PHASE_1_OR_2,Time-varying,Very high,Candidate source mapping only; verify field-level availability and construct validity before application.
PER-026,Persuasion / marketing / exposure dynamics,Institutional branding/symbol exposure,Consented digital trace / surveys / content corpus,DS065;DS023,DS025;DS026;DS028,Randomised A/B/n or factorial vignettes with controlled framing manipulations | Online safety tracker; passive measurement; insight panel; media-use datasets,MIXED_ACCESS;OPEN;PRIMARY_RESEARCH;PUBLIC_API_LIMITED;RESTRICTED_RESEARCH_API,PHASE_1_OR_2,Time-varying,Very high,Candidate source mapping only; verify field-level availability and construct validity before application.
PER-027,Persuasion / marketing / exposure dynamics,School/education messaging exposure,Consented digital trace / surveys / content corpus,DS065;DS023,DS025;DS026;DS028,Randomised A/B/n or factorial vignettes with controlled framing manipulations | Online safety tracker; passive measurement; insight panel; media-use datasets,MIXED_ACCESS;OPEN;PRIMARY_RESEARCH;PUBLIC_API_LIMITED;RESTRICTED_RESEARCH_API,PHASE_1_OR_2,Time-varying,Very high,Candidate source mapping only; verify field-level availability and construct validity before application.
PER-028,Persuasion / marketing / exposure dynamics,Countervailing/critical information exposure,Consented digital trace / surveys / content corpus,DS065;DS023,DS025;DS026;DS028,Randomised A/B/n or factorial vignettes with controlled framing manipulations | Online safety tracker; passive measurement; insight panel; media-use datasets,MIXED_ACCESS;OPEN;PRIMARY_RESEARCH;PUBLIC_API_LIMITED;RESTRICTED_RESEARCH_API,PHASE_1_OR_2,Time-varying,Very high,Candidate source mapping only; verify field-level availability and construct validity before application.
PER-029,Persuasion / marketing / exposure dynamics,Viewpoint diversity of information environment,Consented digital trace / surveys / content corpus,DS065;DS023,DS025;DS026;DS028,Randomised A/B/n or factorial vignettes with controlled framing manipulations | Online safety tracker; passive measurement; insight panel; media-use datasets,MIXED_ACCESS;OPEN;PRIMARY_RESEARCH;PUBLIC_API_LIMITED;RESTRICTED_RESEARCH_API,PHASE_1_OR_2,Time-varying,Very high,Candidate source mapping only; verify field-level availability and construct validity before application.
PER-030,Persuasion / marketing / exposure dynamics,Algorithmic recommendation intensity,Consented digital trace / surveys / content corpus,DS065;DS023,DS025;DS026;DS028,Randomised A/B/n or factorial vignettes with controlled framing manipulations | Online safety tracker; passive measurement; insight panel; media-use datasets,MIXED_ACCESS;OPEN;PRIMARY_RESEARCH;PUBLIC_API_LIMITED;RESTRICTED_RESEARCH_API,PHASE_1_OR_2,Time-varying,Very high,Candidate source mapping only; verify field-level availability and construct validity before application.
PER-031,Persuasion / marketing / exposure dynamics,Algorithmic rabbit-hole/concentration index,Consented digital trace / surveys / content corpus,DS065;DS023,DS025;DS026;DS028,Randomised A/B/n or factorial vignettes with controlled framing manipulations | Online safety tracker; passive measurement; insight panel; media-use datasets,MIXED_ACCESS;OPEN;PRIMARY_RESEARCH;PUBLIC_API_LIMITED;RESTRICTED_RESEARCH_API,PHASE_1_OR_2,Time-varying,Very high,Candidate source mapping only; verify field-level availability and construct validity before application.
PER-032,Persuasion / marketing / exposure dynamics,Search-initiated versus algorithm-initiated exposure,Consented digital trace / surveys / content corpus,DS065;DS023,DS025;DS026;DS028,Randomised A/B/n or factorial vignettes with controlled framing manipulations | Online safety tracker; passive measurement; insight panel; media-use datasets,MIXED_ACCESS;OPEN;PRIMARY_RESEARCH;PUBLIC_API_LIMITED;RESTRICTED_RESEARCH_API,PHASE_1_OR_2,Time-varying,Very high,Candidate source mapping only; verify field-level availability and construct validity before application.
PER-033,Persuasion / marketing / exposure dynamics,Network homophily index,Consented digital trace / surveys / content corpus,DS065;DS023,DS025;DS026;DS028,Randomised A/B/n or factorial vignettes with controlled framing manipulations | Online safety tracker; passive measurement; insight panel; media-use datasets,MIXED_ACCESS;OPEN;PRIMARY_RESEARCH;PUBLIC_API_LIMITED;RESTRICTED_RESEARCH_API,PHASE_1_OR_2,Time-varying,Very high,Candidate source mapping only; verify field-level availability and construct validity before application.
PER-034,Persuasion / marketing / exposure dynamics,Network contagion candidate metric,Consented digital trace / surveys / content corpus,DS065;DS023,DS025;DS026;DS028,Randomised A/B/n or factorial vignettes with controlled framing manipulations | Online safety tracker; passive measurement; insight panel; media-use datasets,MIXED_ACCESS;OPEN;PRIMARY_RESEARCH;PUBLIC_API_LIMITED;RESTRICTED_RESEARCH_API,PHASE_1_OR_2,Time-varying,Very high,Candidate source mapping only; verify field-level availability and construct validity before application.
PER-035,Persuasion / marketing / exposure dynamics,Persuasion-knowledge/media-literacy score,Consented digital trace / surveys / content corpus,DS065;DS023,DS025;DS026;DS028,Randomised A/B/n or factorial vignettes with controlled framing manipulations | Online safety tracker; passive measurement; insight panel; media-use datasets,MIXED_ACCESS;OPEN;PRIMARY_RESEARCH;PUBLIC_API_LIMITED;RESTRICTED_RESEARCH_API,PHASE_1_OR_2,Time-varying,Very high,Candidate source mapping only; verify field-level availability and construct validity before application.
PER-036,Persuasion / marketing / exposure dynamics,Baseline susceptibility to social influence,Consented digital trace / surveys / content corpus,DS065;DS023,DS025;DS026;DS028,Randomised A/B/n or factorial vignettes with controlled framing manipulations | Online safety tracker; passive measurement; insight panel; media-use datasets,MIXED_ACCESS;OPEN;PRIMARY_RESEARCH;PUBLIC_API_LIMITED;RESTRICTED_RESEARCH_API,PHASE_1_OR_2,Time-varying,Very high,Candidate source mapping only; verify field-level availability and construct validity before application.
PER-037,Persuasion / marketing / exposure dynamics,Need for social approval,Consented digital trace / surveys / content corpus,DS065;DS023,DS025;DS026;DS028,Randomised A/B/n or factorial vignettes with controlled framing manipulations | Online safety tracker; passive measurement; insight panel; media-use datasets,MIXED_ACCESS;OPEN;PRIMARY_RESEARCH;PUBLIC_API_LIMITED;RESTRICTED_RESEARCH_API,PHASE_1_OR_2,Time-varying,Very high,Candidate source mapping only; verify field-level availability and construct validity before application.
PER-038,Persuasion / marketing / exposure dynamics,Conformity orientation,Consented digital trace / surveys / content corpus,DS065;DS023,DS025;DS026;DS028,Randomised A/B/n or factorial vignettes with controlled framing manipulations | Online safety tracker; passive measurement; insight panel; media-use datasets,MIXED_ACCESS;OPEN;PRIMARY_RESEARCH;PUBLIC_API_LIMITED;RESTRICTED_RESEARCH_API,PHASE_1_OR_2,Time-varying,Very high,Candidate source mapping only; verify field-level availability and construct validity before application.
PER-039,Persuasion / marketing / exposure dynamics,Psychological reactance,Consented digital trace / surveys / content corpus,DS065;DS023,DS025;DS026;DS028,Randomised A/B/n or factorial vignettes with controlled framing manipulations | Online safety tracker; passive measurement; insight panel; media-use datasets,MIXED_ACCESS;OPEN;PRIMARY_RESEARCH;PUBLIC_API_LIMITED;RESTRICTED_RESEARCH_API,PHASE_1_OR_2,Time-varying,Very high,Candidate source mapping only; verify field-level availability and construct validity before application.
PER-040,Persuasion / marketing / exposure dynamics,Source trust before exposure,Consented digital trace / surveys / content corpus,DS065;DS023,DS025;DS026;DS028,Randomised A/B/n or factorial vignettes with controlled framing manipulations | Online safety tracker; passive measurement; insight panel; media-use datasets,MIXED_ACCESS;OPEN;PRIMARY_RESEARCH;PUBLIC_API_LIMITED;RESTRICTED_RESEARCH_API,PHASE_1_OR_2,Time-varying,Very high,Candidate source mapping only; verify field-level availability and construct validity before application.
PER-041,Persuasion / marketing / exposure dynamics,Source trust after exposure,Consented digital trace / surveys / content corpus,DS065;DS023,DS025;DS026;DS028,Randomised A/B/n or factorial vignettes with controlled framing manipulations | Online safety tracker; passive measurement; insight panel; media-use datasets,MIXED_ACCESS;OPEN;PRIMARY_RESEARCH;PUBLIC_API_LIMITED;RESTRICTED_RESEARCH_API,PHASE_1_OR_2,Time-varying,Very high,Candidate source mapping only; verify field-level availability and construct validity before application.
PER-042,Persuasion / marketing / exposure dynamics,Recall of key messages,Consented digital trace / surveys / content corpus,DS065;DS023,DS025;DS026;DS028,Randomised A/B/n or factorial vignettes with controlled framing manipulations | Online safety tracker; passive measurement; insight panel; media-use datasets,MIXED_ACCESS;OPEN;PRIMARY_RESEARCH;PUBLIC_API_LIMITED;RESTRICTED_RESEARCH_API,PHASE_1_OR_2,Time-varying,Very high,Candidate source mapping only; verify field-level availability and construct validity before application.
PER-043,Persuasion / marketing / exposure dynamics,Belief-change after exposure,Consented digital trace / surveys / content corpus,DS065;DS023,DS025;DS026;DS028,Randomised A/B/n or factorial vignettes with controlled framing manipulations | Online safety tracker; passive measurement; insight panel; media-use datasets,MIXED_ACCESS;OPEN;PRIMARY_RESEARCH;PUBLIC_API_LIMITED;RESTRICTED_RESEARCH_API,PHASE_1_OR_2,Time-varying,Very high,Candidate source mapping only; verify field-level availability and construct validity before application.
PER-044,Persuasion / marketing / exposure dynamics,Behavioural intention after exposure,Consented digital trace / surveys / content corpus,DS065;DS023,DS025;DS026;DS028,Randomised A/B/n or factorial vignettes with controlled framing manipulations | Online safety tracker; passive measurement; insight panel; media-use datasets,MIXED_ACCESS;OPEN;PRIMARY_RESEARCH;PUBLIC_API_LIMITED;RESTRICTED_RESEARCH_API,PHASE_1_OR_2,Time-varying,Very high,Candidate source mapping only; verify field-level availability and construct validity before application.
PER-045,Persuasion / marketing / exposure dynamics,Actual help-seeking after exposure,Consented digital trace / surveys / content corpus,DS065;DS023,DS025;DS026;DS028,Randomised A/B/n or factorial vignettes with controlled framing manipulations | Online safety tracker; passive measurement; insight panel; media-use datasets,MIXED_ACCESS;OPEN;PRIMARY_RESEARCH;PUBLIC_API_LIMITED;RESTRICTED_RESEARCH_API,PHASE_1_OR_2,Time-varying,Very high,Candidate source mapping only; verify field-level availability and construct validity before application.
PER-046,Persuasion / marketing / exposure dynamics,Exposure-to-help-seeking lag,Consented digital trace / surveys / content corpus,DS065;DS023,DS025;DS026;DS028,Randomised A/B/n or factorial vignettes with controlled framing manipulations | Online safety tracker; passive measurement; insight panel; media-use datasets,MIXED_ACCESS;OPEN;PRIMARY_RESEARCH;PUBLIC_API_LIMITED;RESTRICTED_RESEARCH_API,PHASE_1_OR_2,Time-varying,Very high,Candidate source mapping only; verify field-level availability and construct validity before application.
PER-047,Persuasion / marketing / exposure dynamics,Exposure-to-label-adoption lag,Consented digital trace / surveys / content corpus,DS065;DS023,DS025;DS026;DS028,Randomised A/B/n or factorial vignettes with controlled framing manipulations | Online safety tracker; passive measurement; insight panel; media-use datasets,MIXED_ACCESS;OPEN;PRIMARY_RESEARCH;PUBLIC_API_LIMITED;RESTRICTED_RESEARCH_API,PHASE_1_OR_2,Time-varying,Very high,Candidate source mapping only; verify field-level availability and construct validity before application.
PER-048,Persuasion / marketing / exposure dynamics,Marketing/persuasion effect estimate with causal-grade metadata,Consented digital trace / surveys / content corpus,DS065;DS023,DS025;DS026;DS028,Randomised A/B/n or factorial vignettes with controlled framing manipulations | Online safety tracker; passive measurement; insight panel; media-use datasets,MIXED_ACCESS;OPEN;PRIMARY_RESEARCH;PUBLIC_API_LIMITED;RESTRICTED_RESEARCH_API,PHASE_1_OR_2,Time-varying,Very high,Candidate source mapping only; verify field-level availability and construct validity before application.
HIST-001,Historical psychiatric / policy corpus,DSM edition/version in force,DSM/ICD/NHS/policy/professional/public corpus,DS029;DS049;DS050;DS051,DS046;DS052;DS060,"Archived UK government websites and some social channels; snapshots; exportable search metadata | Diagnostic criteria, terminology and explanatory text | Diagnostic classification, coding and terminology across ICD editions | Digitised books, journals, archives, personal/institutional collections",ARCHIVE_MIXED;LICENSED_ARCHIVE;LICENSED_CORPUS;MIXED_ACCESS;OPEN_ARCHIVE;OPEN_CORPUS,PHASE_1_OR_2,Historical time series,Low/Medium,Candidate source mapping only; verify field-level availability and construct validity before application.
HIST-002,Historical psychiatric / policy corpus,ICD edition/version in force,DSM/ICD/NHS/policy/professional/public corpus,DS029;DS049;DS050;DS051,DS046;DS052;DS060,"Archived UK government websites and some social channels; snapshots; exportable search metadata | Diagnostic criteria, terminology and explanatory text | Diagnostic classification, coding and terminology across ICD editions | Digitised books, journals, archives, personal/institutional collections",ARCHIVE_MIXED;LICENSED_ARCHIVE;LICENSED_CORPUS;MIXED_ACCESS;OPEN_ARCHIVE;OPEN_CORPUS,PHASE_1_OR_2,Historical time series,Low/Medium,Candidate source mapping only; verify field-level availability and construct validity before application.
HIST-003,Historical psychiatric / policy corpus,Historical diagnostic label in force,DSM/ICD/NHS/policy/professional/public corpus,DS029;DS049;DS050;DS051,DS046;DS052;DS060,"Archived UK government websites and some social channels; snapshots; exportable search metadata | Diagnostic criteria, terminology and explanatory text | Diagnostic classification, coding and terminology across ICD editions | Digitised books, journals, archives, personal/institutional collections",ARCHIVE_MIXED;LICENSED_ARCHIVE;LICENSED_CORPUS;MIXED_ACCESS;OPEN_ARCHIVE;OPEN_CORPUS,PHASE_1_OR_2,Historical time series,Low/Medium,Candidate source mapping only; verify field-level availability and construct validity before application.
HIST-004,Historical psychiatric / policy corpus,Diagnostic inclusion criteria text,DSM/ICD/NHS/policy/professional/public corpus,DS029;DS049;DS050;DS051,DS046;DS052;DS060,"Archived UK government websites and some social channels; snapshots; exportable search metadata | Diagnostic criteria, terminology and explanatory text | Diagnostic classification, coding and terminology across ICD editions | Digitised books, journals, archives, personal/institutional collections",ARCHIVE_MIXED;LICENSED_ARCHIVE;LICENSED_CORPUS;MIXED_ACCESS;OPEN_ARCHIVE;OPEN_CORPUS,PHASE_1_OR_2,Historical time series,Low/Medium,Candidate source mapping only; verify field-level availability and construct validity before application.
HIST-005,Historical psychiatric / policy corpus,Diagnostic exclusion criteria text,DSM/ICD/NHS/policy/professional/public corpus,DS029;DS049;DS050;DS051,DS046;DS052;DS060,"Archived UK government websites and some social channels; snapshots; exportable search metadata | Diagnostic criteria, terminology and explanatory text | Diagnostic classification, coding and terminology across ICD editions | Digitised books, journals, archives, personal/institutional collections",ARCHIVE_MIXED;LICENSED_ARCHIVE;LICENSED_CORPUS;MIXED_ACCESS;OPEN_ARCHIVE;OPEN_CORPUS,PHASE_1_OR_2,Historical time series,Low/Medium,Candidate source mapping only; verify field-level availability and construct validity before application.
HIST-006,Historical psychiatric / policy corpus,Distress/impairment requirement over time,DSM/ICD/NHS/policy/professional/public corpus,DS029;DS049;DS050;DS051,DS046;DS052;DS060,"Archived UK government websites and some social channels; snapshots; exportable search metadata | Diagnostic criteria, terminology and explanatory text | Diagnostic classification, coding and terminology across ICD editions | Digitised books, journals, archives, personal/institutional collections",ARCHIVE_MIXED;LICENSED_ARCHIVE;LICENSED_CORPUS;MIXED_ACCESS;OPEN_ARCHIVE;OPEN_CORPUS,PHASE_1_OR_2,Historical time series,Low/Medium,Candidate source mapping only; verify field-level availability and construct validity before application.
HIST-007,Historical psychiatric / policy corpus,Minimum duration requirement over time,DSM/ICD/NHS/policy/professional/public corpus,DS029;DS049;DS050;DS051,DS046;DS052;DS060,"Archived UK government websites and some social channels; snapshots; exportable search metadata | Diagnostic criteria, terminology and explanatory text | Diagnostic classification, coding and terminology across ICD editions | Digitised books, journals, archives, personal/institutional collections",ARCHIVE_MIXED;LICENSED_ARCHIVE;LICENSED_CORPUS;MIXED_ACCESS;OPEN_ARCHIVE;OPEN_CORPUS,PHASE_1_OR_2,Historical time series,Low/Medium,Candidate source mapping only; verify field-level availability and construct validity before application.
HIST-008,Historical psychiatric / policy corpus,Age/developmental criteria over time,DSM/ICD/NHS/policy/professional/public corpus,DS029;DS049;DS050;DS051,DS046;DS052;DS060,"Archived UK government websites and some social channels; snapshots; exportable search metadata | Diagnostic criteria, terminology and explanatory text | Diagnostic classification, coding and terminology across ICD editions | Digitised books, journals, archives, personal/institutional collections",ARCHIVE_MIXED;LICENSED_ARCHIVE;LICENSED_CORPUS;MIXED_ACCESS;OPEN_ARCHIVE;OPEN_CORPUS,PHASE_1_OR_2,Historical time series,Low/Medium,Candidate source mapping only; verify field-level availability and construct validity before application.
HIST-009,Historical psychiatric / policy corpus,Pathologisation/depathologisation language score,DSM/ICD/NHS/policy/professional/public corpus,DS029;DS049;DS050;DS051,DS046;DS052;DS060,"Archived UK government websites and some social channels; snapshots; exportable search metadata | Diagnostic criteria, terminology and explanatory text | Diagnostic classification, coding and terminology across ICD editions | Digitised books, journals, archives, personal/institutional collections",ARCHIVE_MIXED;LICENSED_ARCHIVE;LICENSED_CORPUS;MIXED_ACCESS;OPEN_ARCHIVE;OPEN_CORPUS,PHASE_1_OR_2,Historical time series,Low/Medium,Candidate source mapping only; verify field-level availability and construct validity before application.
HIST-010,Historical psychiatric / policy corpus,Aetiological language score,DSM/ICD/NHS/policy/professional/public corpus,DS029;DS049;DS050;DS051,DS046;DS052;DS060,"Archived UK government websites and some social channels; snapshots; exportable search metadata | Diagnostic criteria, terminology and explanatory text | Diagnostic classification, coding and terminology across ICD editions | Digitised books, journals, archives, personal/institutional collections",ARCHIVE_MIXED;LICENSED_ARCHIVE;LICENSED_CORPUS;MIXED_ACCESS;OPEN_ARCHIVE;OPEN_CORPUS,PHASE_1_OR_2,Historical time series,Low/Medium,Candidate source mapping only; verify field-level availability and construct validity before application.
HIST-011,Historical psychiatric / policy corpus,Biological explanation prevalence in corpus,DSM/ICD/NHS/policy/professional/public corpus,DS029;DS049;DS050;DS051,DS046;DS052;DS060,"Archived UK government websites and some social channels; snapshots; exportable search metadata | Diagnostic criteria, terminology and explanatory text | Diagnostic classification, coding and terminology across ICD editions | Digitised books, journals, archives, personal/institutional collections",ARCHIVE_MIXED;LICENSED_ARCHIVE;LICENSED_CORPUS;MIXED_ACCESS;OPEN_ARCHIVE;OPEN_CORPUS,PHASE_1_OR_2,Historical time series,Low/Medium,Candidate source mapping only; verify field-level availability and construct validity before application.
HIST-012,Historical psychiatric / policy corpus,Psychosocial explanation prevalence in corpus,DSM/ICD/NHS/policy/professional/public corpus,DS029;DS049;DS050;DS051,DS046;DS052;DS060,"Archived UK government websites and some social channels; snapshots; exportable search metadata | Diagnostic criteria, terminology and explanatory text | Diagnostic classification, coding and terminology across ICD editions | Digitised books, journals, archives, personal/institutional collections",ARCHIVE_MIXED;LICENSED_ARCHIVE;LICENSED_CORPUS;MIXED_ACCESS;OPEN_ARCHIVE;OPEN_CORPUS,PHASE_1_OR_2,Historical time series,Low/Medium,Candidate source mapping only; verify field-level availability and construct validity before application.
HIST-013,Historical psychiatric / policy corpus,Social-influence explanation prevalence in corpus,DSM/ICD/NHS/policy/professional/public corpus,DS029;DS049;DS050;DS051,DS046;DS052;DS060,"Archived UK government websites and some social channels; snapshots; exportable search metadata | Diagnostic criteria, terminology and explanatory text | Diagnostic classification, coding and terminology across ICD editions | Digitised books, journals, archives, personal/institutional collections",ARCHIVE_MIXED;LICENSED_ARCHIVE;LICENSED_CORPUS;MIXED_ACCESS;OPEN_ARCHIVE;OPEN_CORPUS,PHASE_1_OR_2,Historical time series,Low/Medium,Candidate source mapping only; verify field-level availability and construct validity before application.
HIST-014,Historical psychiatric / policy corpus,Minority-stress explanation prevalence in corpus,DSM/ICD/NHS/policy/professional/public corpus,DS029;DS049;DS050;DS051,DS046;DS052;DS060,"Archived UK government websites and some social channels; snapshots; exportable search metadata | Diagnostic criteria, terminology and explanatory text | Diagnostic classification, coding and terminology across ICD editions | Digitised books, journals, archives, personal/institutional collections",ARCHIVE_MIXED;LICENSED_ARCHIVE;LICENSED_CORPUS;MIXED_ACCESS;OPEN_ARCHIVE;OPEN_CORPUS,PHASE_1_OR_2,Historical time series,Low/Medium,Candidate source mapping only; verify field-level availability and construct validity before application.
HIST-015,Historical psychiatric / policy corpus,Treatment recommendation language over time,DSM/ICD/NHS/policy/professional/public corpus,DS029;DS049;DS050;DS051,DS046;DS052;DS060,"Archived UK government websites and some social channels; snapshots; exportable search metadata | Diagnostic criteria, terminology and explanatory text | Diagnostic classification, coding and terminology across ICD editions | Digitised books, journals, archives, personal/institutional collections",ARCHIVE_MIXED;LICENSED_ARCHIVE;LICENSED_CORPUS;MIXED_ACCESS;OPEN_ARCHIVE;OPEN_CORPUS,PHASE_1_OR_2,Historical time series,Low/Medium,Candidate source mapping only; verify field-level availability and construct validity before application.
HIST-016,Historical psychiatric / policy corpus,Watchful-waiting/exploratory language prevalence,DSM/ICD/NHS/policy/professional/public corpus,DS029;DS049;DS050;DS051,DS046;DS052;DS060,"Archived UK government websites and some social channels; snapshots; exportable search metadata | Diagnostic criteria, terminology and explanatory text | Diagnostic classification, coding and terminology across ICD editions | Digitised books, journals, archives, personal/institutional collections",ARCHIVE_MIXED;LICENSED_ARCHIVE;LICENSED_CORPUS;MIXED_ACCESS;OPEN_ARCHIVE;OPEN_CORPUS,PHASE_1_OR_2,Historical time series,Low/Medium,Candidate source mapping only; verify field-level availability and construct validity before application.
HIST-017,Historical psychiatric / policy corpus,Certainty/uncertainty language over time,DSM/ICD/NHS/policy/professional/public corpus,DS029;DS049;DS050;DS051,DS046;DS052;DS060,"Archived UK government websites and some social channels; snapshots; exportable search metadata | Diagnostic criteria, terminology and explanatory text | Diagnostic classification, coding and terminology across ICD editions | Digitised books, journals, archives, personal/institutional collections",ARCHIVE_MIXED;LICENSED_ARCHIVE;LICENSED_CORPUS;MIXED_ACCESS;OPEN_ARCHIVE;OPEN_CORPUS,PHASE_1_OR_2,Historical time series,Low/Medium,Candidate source mapping only; verify field-level availability and construct validity before application.
HIST-018,Historical psychiatric / policy corpus,Differential-diagnosis emphasis over time,DSM/ICD/NHS/policy/professional/public corpus,DS029;DS049;DS050;DS051,DS046;DS052;DS060,"Archived UK government websites and some social channels; snapshots; exportable search metadata | Diagnostic criteria, terminology and explanatory text | Diagnostic classification, coding and terminology across ICD editions | Digitised books, journals, archives, personal/institutional collections",ARCHIVE_MIXED;LICENSED_ARCHIVE;LICENSED_CORPUS;MIXED_ACCESS;OPEN_ARCHIVE;OPEN_CORPUS,PHASE_1_OR_2,Historical time series,Low/Medium,Candidate source mapping only; verify field-level availability and construct validity before application.
HIST-019,Historical psychiatric / policy corpus,Autism/neurodevelopment mention prevalence,DSM/ICD/NHS/policy/professional/public corpus,DS029;DS049;DS050;DS051,DS046;DS052;DS060,"Archived UK government websites and some social channels; snapshots; exportable search metadata | Diagnostic criteria, terminology and explanatory text | Diagnostic classification, coding and terminology across ICD editions | Digitised books, journals, archives, personal/institutional collections",ARCHIVE_MIXED;LICENSED_ARCHIVE;LICENSED_CORPUS;MIXED_ACCESS;OPEN_ARCHIVE;OPEN_CORPUS,PHASE_1_OR_2,Historical time series,Low/Medium,Candidate source mapping only; verify field-level availability and construct validity before application.
HIST-020,Historical psychiatric / policy corpus,Trauma/psychiatric-comorbidity mention prevalence,DSM/ICD/NHS/policy/professional/public corpus,DS029;DS049;DS050;DS051,DS046;DS052;DS060,"Archived UK government websites and some social channels; snapshots; exportable search metadata | Diagnostic criteria, terminology and explanatory text | Diagnostic classification, coding and terminology across ICD editions | Digitised books, journals, archives, personal/institutional collections",ARCHIVE_MIXED;LICENSED_ARCHIVE;LICENSED_CORPUS;MIXED_ACCESS;OPEN_ARCHIVE;OPEN_CORPUS,PHASE_1_OR_2,Historical time series,Low/Medium,Candidate source mapping only; verify field-level availability and construct validity before application.
HIST-021,Historical psychiatric / policy corpus,Family/social-context mention prevalence,DSM/ICD/NHS/policy/professional/public corpus,DS029;DS049;DS050;DS051,DS046;DS052;DS060,"Archived UK government websites and some social channels; snapshots; exportable search metadata | Diagnostic criteria, terminology and explanatory text | Diagnostic classification, coding and terminology across ICD editions | Digitised books, journals, archives, personal/institutional collections",ARCHIVE_MIXED;LICENSED_ARCHIVE;LICENSED_CORPUS;MIXED_ACCESS;OPEN_ARCHIVE;OPEN_CORPUS,PHASE_1_OR_2,Historical time series,Low/Medium,Candidate source mapping only; verify field-level availability and construct validity before application.
HIST-022,Historical psychiatric / policy corpus,Shared-decision-making language prevalence,DSM/ICD/NHS/policy/professional/public corpus,DS029;DS049;DS050;DS051,DS046;DS052;DS060,"Archived UK government websites and some social channels; snapshots; exportable search metadata | Diagnostic criteria, terminology and explanatory text | Diagnostic classification, coding and terminology across ICD editions | Digitised books, journals, archives, personal/institutional collections",ARCHIVE_MIXED;LICENSED_ARCHIVE;LICENSED_CORPUS;MIXED_ACCESS;OPEN_ARCHIVE;OPEN_CORPUS,PHASE_1_OR_2,Historical time series,Low/Medium,Candidate source mapping only; verify field-level availability and construct validity before application.
HIST-023,Historical psychiatric / policy corpus,Guideline evidence-grading standard in force,DSM/ICD/NHS/policy/professional/public corpus,DS029;DS049;DS050;DS051,DS046;DS052;DS060,"Archived UK government websites and some social channels; snapshots; exportable search metadata | Diagnostic criteria, terminology and explanatory text | Diagnostic classification, coding and terminology across ICD editions | Digitised books, journals, archives, personal/institutional collections",ARCHIVE_MIXED;LICENSED_ARCHIVE;LICENSED_CORPUS;MIXED_ACCESS;OPEN_ARCHIVE;OPEN_CORPUS,PHASE_1_OR_2,Historical time series,Low/Medium,Candidate source mapping only; verify field-level availability and construct validity before application.
HIST-024,Historical psychiatric / policy corpus,Guideline conflict-of-interest standard in force,DSM/ICD/NHS/policy/professional/public corpus,DS029;DS049;DS050;DS051,DS046;DS052;DS060,"Archived UK government websites and some social channels; snapshots; exportable search metadata | Diagnostic criteria, terminology and explanatory text | Diagnostic classification, coding and terminology across ICD editions | Digitised books, journals, archives, personal/institutional collections",ARCHIVE_MIXED;LICENSED_ARCHIVE;LICENSED_CORPUS;MIXED_ACCESS;OPEN_ARCHIVE;OPEN_CORPUS,PHASE_1_OR_2,Historical time series,Low/Medium,Candidate source mapping only; verify field-level availability and construct validity before application.
HIST-025,Historical psychiatric / policy corpus,Medical-school/training curriculum exposure where obtainable,DSM/ICD/NHS/policy/professional/public corpus,DS029;DS049;DS050;DS051,DS046;DS052;DS060,"Archived UK government websites and some social channels; snapshots; exportable search metadata | Diagnostic criteria, terminology and explanatory text | Diagnostic classification, coding and terminology across ICD editions | Digitised books, journals, archives, personal/institutional collections",ARCHIVE_MIXED;LICENSED_ARCHIVE;LICENSED_CORPUS;MIXED_ACCESS;OPEN_ARCHIVE;OPEN_CORPUS,PHASE_1_OR_2,Historical time series,Low/Medium,Candidate source mapping only; verify field-level availability and construct validity before application.
HIST-026,Historical psychiatric / policy corpus,Professional training-module language over time,DSM/ICD/NHS/policy/professional/public corpus,DS029;DS049;DS050;DS051,DS046;DS052;DS060,"Archived UK government websites and some social channels; snapshots; exportable search metadata | Diagnostic criteria, terminology and explanatory text | Diagnostic classification, coding and terminology across ICD editions | Digitised books, journals, archives, personal/institutional collections",ARCHIVE_MIXED;LICENSED_ARCHIVE;LICENSED_CORPUS;MIXED_ACCESS;OPEN_ARCHIVE;OPEN_CORPUS,PHASE_1_OR_2,Historical time series,Low/Medium,Candidate source mapping only; verify field-level availability and construct validity before application.
HIST-027,Historical psychiatric / policy corpus,NHS service-specification version,DSM/ICD/NHS/policy/professional/public corpus,DS029;DS049;DS050;DS051,DS046;DS052;DS060,"Archived UK government websites and some social channels; snapshots; exportable search metadata | Diagnostic criteria, terminology and explanatory text | Diagnostic classification, coding and terminology across ICD editions | Digitised books, journals, archives, personal/institutional collections",ARCHIVE_MIXED;LICENSED_ARCHIVE;LICENSED_CORPUS;MIXED_ACCESS;OPEN_ARCHIVE;OPEN_CORPUS,PHASE_1_OR_2,Historical time series,Low/Medium,Candidate source mapping only; verify field-level availability and construct validity before application.
HIST-028,Historical psychiatric / policy corpus,Government policy version,DSM/ICD/NHS/policy/professional/public corpus,DS029;DS049;DS050;DS051,DS046;DS052;DS060,"Archived UK government websites and some social channels; snapshots; exportable search metadata | Diagnostic criteria, terminology and explanatory text | Diagnostic classification, coding and terminology across ICD editions | Digitised books, journals, archives, personal/institutional collections",ARCHIVE_MIXED;LICENSED_ARCHIVE;LICENSED_CORPUS;MIXED_ACCESS;OPEN_ARCHIVE;OPEN_CORPUS,PHASE_1_OR_2,Historical time series,Low/Medium,Candidate source mapping only; verify field-level availability and construct validity before application.
HIST-029,Historical psychiatric / policy corpus,Commissioning-policy version,DSM/ICD/NHS/policy/professional/public corpus,DS029;DS049;DS050;DS051,DS046;DS052;DS060,"Archived UK government websites and some social channels; snapshots; exportable search metadata | Diagnostic criteria, terminology and explanatory text | Diagnostic classification, coding and terminology across ICD editions | Digitised books, journals, archives, personal/institutional collections",ARCHIVE_MIXED;LICENSED_ARCHIVE;LICENSED_CORPUS;MIXED_ACCESS;OPEN_ARCHIVE;OPEN_CORPUS,PHASE_1_OR_2,Historical time series,Low/Medium,Candidate source mapping only; verify field-level availability and construct validity before application.
HIST-030,Historical psychiatric / policy corpus,Legal/judicial policy environment,DSM/ICD/NHS/policy/professional/public corpus,DS029;DS049;DS050;DS051,DS046;DS052;DS060,"Archived UK government websites and some social channels; snapshots; exportable search metadata | Diagnostic criteria, terminology and explanatory text | Diagnostic classification, coding and terminology across ICD editions | Digitised books, journals, archives, personal/institutional collections",ARCHIVE_MIXED;LICENSED_ARCHIVE;LICENSED_CORPUS;MIXED_ACCESS;OPEN_ARCHIVE;OPEN_CORPUS,PHASE_1_OR_2,Historical time series,Low/Medium,Candidate source mapping only; verify field-level availability and construct validity before application.
HIST-031,Historical psychiatric / policy corpus,Media salience index by month/year,DSM/ICD/NHS/policy/professional/public corpus,DS029;DS049;DS050;DS051,DS046;DS052;DS060,"Archived UK government websites and some social channels; snapshots; exportable search metadata | Diagnostic criteria, terminology and explanatory text | Diagnostic classification, coding and terminology across ICD editions | Digitised books, journals, archives, personal/institutional collections",ARCHIVE_MIXED;LICENSED_ARCHIVE;LICENSED_CORPUS;MIXED_ACCESS;OPEN_ARCHIVE;OPEN_CORPUS,PHASE_1_OR_2,Historical time series,Low/Medium,Candidate source mapping only; verify field-level availability and construct validity before application.
HIST-032,Historical psychiatric / policy corpus,Professional-body statement volume,DSM/ICD/NHS/policy/professional/public corpus,DS029;DS049;DS050;DS051,DS046;DS052;DS060,"Archived UK government websites and some social channels; snapshots; exportable search metadata | Diagnostic criteria, terminology and explanatory text | Diagnostic classification, coding and terminology across ICD editions | Digitised books, journals, archives, personal/institutional collections",ARCHIVE_MIXED;LICENSED_ARCHIVE;LICENSED_CORPUS;MIXED_ACCESS;OPEN_ARCHIVE;OPEN_CORPUS,PHASE_1_OR_2,Historical time series,Low/Medium,Candidate source mapping only; verify field-level availability and construct validity before application.
HIST-033,Historical psychiatric / policy corpus,Terminology semantic-shift embedding distance,DSM/ICD/NHS/policy/professional/public corpus,DS029;DS049;DS050;DS051,DS046;DS052;DS060,"Archived UK government websites and some social channels; snapshots; exportable search metadata | Diagnostic criteria, terminology and explanatory text | Diagnostic classification, coding and terminology across ICD editions | Digitised books, journals, archives, personal/institutional collections",ARCHIVE_MIXED;LICENSED_ARCHIVE;LICENSED_CORPUS;MIXED_ACCESS;OPEN_ARCHIVE;OPEN_CORPUS,PHASE_1_OR_2,Historical time series,Low/Medium,Candidate source mapping only; verify field-level availability and construct validity before application.
HIST-034,Historical psychiatric / policy corpus,Guideline semantic-shift embedding distance,DSM/ICD/NHS/policy/professional/public corpus,DS029;DS049;DS050;DS051,DS046;DS052;DS060,"Archived UK government websites and some social channels; snapshots; exportable search metadata | Diagnostic criteria, terminology and explanatory text | Diagnostic classification, coding and terminology across ICD editions | Digitised books, journals, archives, personal/institutional collections",ARCHIVE_MIXED;LICENSED_ARCHIVE;LICENSED_CORPUS;MIXED_ACCESS;OPEN_ARCHIVE;OPEN_CORPUS,PHASE_1_OR_2,Historical time series,Low/Medium,Candidate source mapping only; verify field-level availability and construct validity before application.
HIST-035,Historical psychiatric / policy corpus,Policy-to-clinical-documentation terminology lag,DSM/ICD/NHS/policy/professional/public corpus,DS029;DS049;DS050;DS051,DS046;DS052;DS060,"Archived UK government websites and some social channels; snapshots; exportable search metadata | Diagnostic criteria, terminology and explanatory text | Diagnostic classification, coding and terminology across ICD editions | Digitised books, journals, archives, personal/institutional collections",ARCHIVE_MIXED;LICENSED_ARCHIVE;LICENSED_CORPUS;MIXED_ACCESS;OPEN_ARCHIVE;OPEN_CORPUS,PHASE_1_OR_2,Historical time series,Low/Medium,Candidate source mapping only; verify field-level availability and construct validity before application.
HIST-036,Historical psychiatric / policy corpus,Policy-to-referral-rate lag,DSM/ICD/NHS/policy/professional/public corpus,DS029;DS049;DS050;DS051,DS046;DS052;DS060,"Archived UK government websites and some social channels; snapshots; exportable search metadata | Diagnostic criteria, terminology and explanatory text | Diagnostic classification, coding and terminology across ICD editions | Digitised books, journals, archives, personal/institutional collections",ARCHIVE_MIXED;LICENSED_ARCHIVE;LICENSED_CORPUS;MIXED_ACCESS;OPEN_ARCHIVE;OPEN_CORPUS,PHASE_1_OR_2,Historical time series,Low/Medium,Candidate source mapping only; verify field-level availability and construct validity before application.
HIST-037,Historical psychiatric / policy corpus,Policy-to-treatment-initiation lag,DSM/ICD/NHS/policy/professional/public corpus,DS029;DS049;DS050;DS051,DS046;DS052;DS060,"Archived UK government websites and some social channels; snapshots; exportable search metadata | Diagnostic criteria, terminology and explanatory text | Diagnostic classification, coding and terminology across ICD editions | Digitised books, journals, archives, personal/institutional collections",ARCHIVE_MIXED;LICENSED_ARCHIVE;LICENSED_CORPUS;MIXED_ACCESS;OPEN_ARCHIVE;OPEN_CORPUS,PHASE_1_OR_2,Historical time series,Low/Medium,Candidate source mapping only; verify field-level availability and construct validity before application.
HIST-038,Historical psychiatric / policy corpus,Policy-to-outcome lag,DSM/ICD/NHS/policy/professional/public corpus,DS029;DS049;DS050;DS051,DS046;DS052;DS060,"Archived UK government websites and some social channels; snapshots; exportable search metadata | Diagnostic criteria, terminology and explanatory text | Diagnostic classification, coding and terminology across ICD editions | Digitised books, journals, archives, personal/institutional collections",ARCHIVE_MIXED;LICENSED_ARCHIVE;LICENSED_CORPUS;MIXED_ACCESS;OPEN_ARCHIVE;OPEN_CORPUS,PHASE_1_OR_2,Historical time series,Low/Medium,Candidate source mapping only; verify field-level availability and construct validity before application.
HIST-039,Historical psychiatric / policy corpus,Cross-country policy timing difference,DSM/ICD/NHS/policy/professional/public corpus,DS029;DS049;DS050;DS051,DS046;DS052;DS060,"Archived UK government websites and some social channels; snapshots; exportable search metadata | Diagnostic criteria, terminology and explanatory text | Diagnostic classification, coding and terminology across ICD editions | Digitised books, journals, archives, personal/institutional collections",ARCHIVE_MIXED;LICENSED_ARCHIVE;LICENSED_CORPUS;MIXED_ACCESS;OPEN_ARCHIVE;OPEN_CORPUS,PHASE_1_OR_2,Historical time series,Low/Medium,Candidate source mapping only; verify field-level availability and construct validity before application.
HIST-040,Historical psychiatric / policy corpus,Historical corpus change-point date,DSM/ICD/NHS/policy/professional/public corpus,DS029;DS049;DS050;DS051,DS046;DS052;DS060,"Archived UK government websites and some social channels; snapshots; exportable search metadata | Diagnostic criteria, terminology and explanatory text | Diagnostic classification, coding and terminology across ICD editions | Digitised books, journals, archives, personal/institutional collections",ARCHIVE_MIXED;LICENSED_ARCHIVE;LICENSED_CORPUS;MIXED_ACCESS;OPEN_ARCHIVE;OPEN_CORPUS,PHASE_1_OR_2,Historical time series,Low/Medium,Candidate source mapping only; verify field-level availability and construct validity before application.
MET-001,Methodological / statistical integrity,Primary estimand definition,Protocol / statistical analysis plan / OSL trace,DS033;DS034;DS037;DS040;DS041,DS043;DS044,"Works, authors, institutions, funders, topics, citations, retraction flags, IDs | DOIs, bibliographic metadata, funding, licences, updates, ORCID/ROR, abstracts where supplied | Study registration, interventions, outcomes, status, results where posted | Prospective registrations and amendments for systematic reviews | Time-stamped preregistrations, registrations, linked project files",LICENSED;MIXED_ACCESS;OPEN;OPEN_API;PUBLIC_WEB,PHASE_1_OR_2,Study-level,Low,Candidate source mapping only; verify field-level availability and construct validity before application.
MET-002,Methodological / statistical integrity,Time-zero definition,Protocol / statistical analysis plan / OSL trace,DS033;DS034;DS037;DS040;DS041,DS043;DS044,"Works, authors, institutions, funders, topics, citations, retraction flags, IDs | DOIs, bibliographic metadata, funding, licences, updates, ORCID/ROR, abstracts where supplied | Study registration, interventions, outcomes, status, results where posted | Prospective registrations and amendments for systematic reviews | Time-stamped preregistrations, registrations, linked project files",LICENSED;MIXED_ACCESS;OPEN;OPEN_API;PUBLIC_WEB,PHASE_1_OR_2,Study-level,Low,Candidate source mapping only; verify field-level availability and construct validity before application.
MET-003,Methodological / statistical integrity,Exposure window definition,Protocol / statistical analysis plan / OSL trace,DS033;DS034;DS037;DS040;DS041,DS043;DS044,"Works, authors, institutions, funders, topics, citations, retraction flags, IDs | DOIs, bibliographic metadata, funding, licences, updates, ORCID/ROR, abstracts where supplied | Study registration, interventions, outcomes, status, results where posted | Prospective registrations and amendments for systematic reviews | Time-stamped preregistrations, registrations, linked project files",LICENSED;MIXED_ACCESS;OPEN;OPEN_API;PUBLIC_WEB,PHASE_1_OR_2,Study-level,Low,Candidate source mapping only; verify field-level availability and construct validity before application.
MET-004,Methodological / statistical integrity,Outcome window definition,Protocol / statistical analysis plan / OSL trace,DS033;DS034;DS037;DS040;DS041,DS043;DS044,"Works, authors, institutions, funders, topics, citations, retraction flags, IDs | DOIs, bibliographic metadata, funding, licences, updates, ORCID/ROR, abstracts where supplied | Study registration, interventions, outcomes, status, results where posted | Prospective registrations and amendments for systematic reviews | Time-stamped preregistrations, registrations, linked project files",LICENSED;MIXED_ACCESS;OPEN;OPEN_API;PUBLIC_WEB,PHASE_1_OR_2,Study-level,Low,Candidate source mapping only; verify field-level availability and construct validity before application.
MET-005,Methodological / statistical integrity,Confounder set provenance,Protocol / statistical analysis plan / OSL trace,DS033;DS034;DS037;DS040;DS041,DS043;DS044,"Works, authors, institutions, funders, topics, citations, retraction flags, IDs | DOIs, bibliographic metadata, funding, licences, updates, ORCID/ROR, abstracts where supplied | Study registration, interventions, outcomes, status, results where posted | Prospective registrations and amendments for systematic reviews | Time-stamped preregistrations, registrations, linked project files",LICENSED;MIXED_ACCESS;OPEN;OPEN_API;PUBLIC_WEB,PHASE_1_OR_2,Study-level,Low,Candidate source mapping only; verify field-level availability and construct validity before application.
MET-006,Methodological / statistical integrity,Mediator set provenance,Protocol / statistical analysis plan / OSL trace,DS033;DS034;DS037;DS040;DS041,DS043;DS044,"Works, authors, institutions, funders, topics, citations, retraction flags, IDs | DOIs, bibliographic metadata, funding, licences, updates, ORCID/ROR, abstracts where supplied | Study registration, interventions, outcomes, status, results where posted | Prospective registrations and amendments for systematic reviews | Time-stamped preregistrations, registrations, linked project files",LICENSED;MIXED_ACCESS;OPEN;OPEN_API;PUBLIC_WEB,PHASE_1_OR_2,Study-level,Low,Candidate source mapping only; verify field-level availability and construct validity before application.
MET-007,Methodological / statistical integrity,Collider exclusion check,Protocol / statistical analysis plan / OSL trace,DS033;DS034;DS037;DS040;DS041,DS043;DS044,"Works, authors, institutions, funders, topics, citations, retraction flags, IDs | DOIs, bibliographic metadata, funding, licences, updates, ORCID/ROR, abstracts where supplied | Study registration, interventions, outcomes, status, results where posted | Prospective registrations and amendments for systematic reviews | Time-stamped preregistrations, registrations, linked project files",LICENSED;MIXED_ACCESS;OPEN;OPEN_API;PUBLIC_WEB,PHASE_1_OR_2,Study-level,Low,Candidate source mapping only; verify field-level availability and construct validity before application.
MET-008,Methodological / statistical integrity,Selection mechanism model,Protocol / statistical analysis plan / OSL trace,DS033;DS034;DS037;DS040;DS041,DS043;DS044,"Works, authors, institutions, funders, topics, citations, retraction flags, IDs | DOIs, bibliographic metadata, funding, licences, updates, ORCID/ROR, abstracts where supplied | Study registration, interventions, outcomes, status, results where posted | Prospective registrations and amendments for systematic reviews | Time-stamped preregistrations, registrations, linked project files",LICENSED;MIXED_ACCESS;OPEN;OPEN_API;PUBLIC_WEB,PHASE_1_OR_2,Study-level,Low,Candidate source mapping only; verify field-level availability and construct validity before application.
MET-009,Methodological / statistical integrity,Missing-data mechanism assumption,Protocol / statistical analysis plan / OSL trace,DS033;DS034;DS037;DS040;DS041,DS043;DS044,"Works, authors, institutions, funders, topics, citations, retraction flags, IDs | DOIs, bibliographic metadata, funding, licences, updates, ORCID/ROR, abstracts where supplied | Study registration, interventions, outcomes, status, results where posted | Prospective registrations and amendments for systematic reviews | Time-stamped preregistrations, registrations, linked project files",LICENSED;MIXED_ACCESS;OPEN;OPEN_API;PUBLIC_WEB,PHASE_1_OR_2,Study-level,Low,Candidate source mapping only; verify field-level availability and construct validity before application.
MET-010,Methodological / statistical integrity,Multiple-imputation diagnostics,Protocol / statistical analysis plan / OSL trace,DS033;DS034;DS037;DS040;DS041,DS043;DS044,"Works, authors, institutions, funders, topics, citations, retraction flags, IDs | DOIs, bibliographic metadata, funding, licences, updates, ORCID/ROR, abstracts where supplied | Study registration, interventions, outcomes, status, results where posted | Prospective registrations and amendments for systematic reviews | Time-stamped preregistrations, registrations, linked project files",LICENSED;MIXED_ACCESS;OPEN;OPEN_API;PUBLIC_WEB,PHASE_1_OR_2,Study-level,Low,Candidate source mapping only; verify field-level availability and construct validity before application.
MET-011,Methodological / statistical integrity,Attrition rate,Protocol / statistical analysis plan / OSL trace,DS033;DS034;DS037;DS040;DS041,DS043;DS044,"Works, authors, institutions, funders, topics, citations, retraction flags, IDs | DOIs, bibliographic metadata, funding, licences, updates, ORCID/ROR, abstracts where supplied | Study registration, interventions, outcomes, status, results where posted | Prospective registrations and amendments for systematic reviews | Time-stamped preregistrations, registrations, linked project files",LICENSED;MIXED_ACCESS;OPEN;OPEN_API;PUBLIC_WEB,PHASE_1_OR_2,Study-level,Low,Candidate source mapping only; verify field-level availability and construct validity before application.
MET-012,Methodological / statistical integrity,Inverse-probability weighting diagnostics,Protocol / statistical analysis plan / OSL trace,DS033;DS034;DS037;DS040;DS041,DS043;DS044,"Works, authors, institutions, funders, topics, citations, retraction flags, IDs | DOIs, bibliographic metadata, funding, licences, updates, ORCID/ROR, abstracts where supplied | Study registration, interventions, outcomes, status, results where posted | Prospective registrations and amendments for systematic reviews | Time-stamped preregistrations, registrations, linked project files",LICENSED;MIXED_ACCESS;OPEN;OPEN_API;PUBLIC_WEB,PHASE_1_OR_2,Study-level,Low,Candidate source mapping only; verify field-level availability and construct validity before application.
MET-013,Methodological / statistical integrity,Cluster/site intraclass correlation,Protocol / statistical analysis plan / OSL trace,DS033;DS034;DS037;DS040;DS041,DS043;DS044,"Works, authors, institutions, funders, topics, citations, retraction flags, IDs | DOIs, bibliographic metadata, funding, licences, updates, ORCID/ROR, abstracts where supplied | Study registration, interventions, outcomes, status, results where posted | Prospective registrations and amendments for systematic reviews | Time-stamped preregistrations, registrations, linked project files",LICENSED;MIXED_ACCESS;OPEN;OPEN_API;PUBLIC_WEB,PHASE_1_OR_2,Study-level,Low,Candidate source mapping only; verify field-level availability and construct validity before application.
MET-014,Methodological / statistical integrity,Site-level random effect,Protocol / statistical analysis plan / OSL trace,DS033;DS034;DS037;DS040;DS041,DS043;DS044,"Works, authors, institutions, funders, topics, citations, retraction flags, IDs | DOIs, bibliographic metadata, funding, licences, updates, ORCID/ROR, abstracts where supplied | Study registration, interventions, outcomes, status, results where posted | Prospective registrations and amendments for systematic reviews | Time-stamped preregistrations, registrations, linked project files",LICENSED;MIXED_ACCESS;OPEN;OPEN_API;PUBLIC_WEB,PHASE_1_OR_2,Study-level,Low,Candidate source mapping only; verify field-level availability and construct validity before application.
MET-015,Methodological / statistical integrity,Clinician-level random effect,Protocol / statistical analysis plan / OSL trace,DS033;DS034;DS037;DS040;DS041,DS043;DS044,"Works, authors, institutions, funders, topics, citations, retraction flags, IDs | DOIs, bibliographic metadata, funding, licences, updates, ORCID/ROR, abstracts where supplied | Study registration, interventions, outcomes, status, results where posted | Prospective registrations and amendments for systematic reviews | Time-stamped preregistrations, registrations, linked project files",LICENSED;MIXED_ACCESS;OPEN;OPEN_API;PUBLIC_WEB,PHASE_1_OR_2,Study-level,Low,Candidate source mapping only; verify field-level availability and construct validity before application.
MET-016,Methodological / statistical integrity,Family-level random effect,Protocol / statistical analysis plan / OSL trace,DS033;DS034;DS037;DS040;DS041,DS043;DS044,"Works, authors, institutions, funders, topics, citations, retraction flags, IDs | DOIs, bibliographic metadata, funding, licences, updates, ORCID/ROR, abstracts where supplied | Study registration, interventions, outcomes, status, results where posted | Prospective registrations and amendments for systematic reviews | Time-stamped preregistrations, registrations, linked project files",LICENSED;MIXED_ACCESS;OPEN;OPEN_API;PUBLIC_WEB,PHASE_1_OR_2,Study-level,Low,Candidate source mapping only; verify field-level availability and construct validity before application.
MET-017,Methodological / statistical integrity,Repeated-measures correlation,Protocol / statistical analysis plan / OSL trace,DS033;DS034;DS037;DS040;DS041,DS043;DS044,"Works, authors, institutions, funders, topics, citations, retraction flags, IDs | DOIs, bibliographic metadata, funding, licences, updates, ORCID/ROR, abstracts where supplied | Study registration, interventions, outcomes, status, results where posted | Prospective registrations and amendments for systematic reviews | Time-stamped preregistrations, registrations, linked project files",LICENSED;MIXED_ACCESS;OPEN;OPEN_API;PUBLIC_WEB,PHASE_1_OR_2,Study-level,Low,Candidate source mapping only; verify field-level availability and construct validity before application.
MET-018,Methodological / statistical integrity,Measurement invariance by autism status,Protocol / statistical analysis plan / OSL trace,DS033;DS034;DS037;DS040;DS041,DS043;DS044,"Works, authors, institutions, funders, topics, citations, retraction flags, IDs | DOIs, bibliographic metadata, funding, licences, updates, ORCID/ROR, abstracts where supplied | Study registration, interventions, outcomes, status, results where posted | Prospective registrations and amendments for systematic reviews | Time-stamped preregistrations, registrations, linked project files",LICENSED;MIXED_ACCESS;OPEN;OPEN_API;PUBLIC_WEB,PHASE_1_OR_2,Study-level,Low,Candidate source mapping only; verify field-level availability and construct validity before application.
MET-019,Methodological / statistical integrity,Measurement invariance by age,Protocol / statistical analysis plan / OSL trace,DS033;DS034;DS037;DS040;DS041,DS043;DS044,"Works, authors, institutions, funders, topics, citations, retraction flags, IDs | DOIs, bibliographic metadata, funding, licences, updates, ORCID/ROR, abstracts where supplied | Study registration, interventions, outcomes, status, results where posted | Prospective registrations and amendments for systematic reviews | Time-stamped preregistrations, registrations, linked project files",LICENSED;MIXED_ACCESS;OPEN;OPEN_API;PUBLIC_WEB,PHASE_1_OR_2,Study-level,Low,Candidate source mapping only; verify field-level availability and construct validity before application.
MET-020,Methodological / statistical integrity,Measurement invariance by sex recorded at birth,Protocol / statistical analysis plan / OSL trace,DS033;DS034;DS037;DS040;DS041,DS043;DS044,"Works, authors, institutions, funders, topics, citations, retraction flags, IDs | DOIs, bibliographic metadata, funding, licences, updates, ORCID/ROR, abstracts where supplied | Study registration, interventions, outcomes, status, results where posted | Prospective registrations and amendments for systematic reviews | Time-stamped preregistrations, registrations, linked project files",LICENSED;MIXED_ACCESS;OPEN;OPEN_API;PUBLIC_WEB,PHASE_1_OR_2,Study-level,Low,Candidate source mapping only; verify field-level availability and construct validity before application.
MET-021,Methodological / statistical integrity,Measurement invariance by language/culture,Protocol / statistical analysis plan / OSL trace,DS033;DS034;DS037;DS040;DS041,DS043;DS044,"Works, authors, institutions, funders, topics, citations, retraction flags, IDs | DOIs, bibliographic metadata, funding, licences, updates, ORCID/ROR, abstracts where supplied | Study registration, interventions, outcomes, status, results where posted | Prospective registrations and amendments for systematic reviews | Time-stamped preregistrations, registrations, linked project files",LICENSED;MIXED_ACCESS;OPEN;OPEN_API;PUBLIC_WEB,PHASE_1_OR_2,Study-level,Low,Candidate source mapping only; verify field-level availability and construct validity before application.
MET-022,Methodological / statistical integrity,Negative-control exposure result,Protocol / statistical analysis plan / OSL trace,DS033;DS034;DS037;DS040;DS041,DS043;DS044,"Works, authors, institutions, funders, topics, citations, retraction flags, IDs | DOIs, bibliographic metadata, funding, licences, updates, ORCID/ROR, abstracts where supplied | Study registration, interventions, outcomes, status, results where posted | Prospective registrations and amendments for systematic reviews | Time-stamped preregistrations, registrations, linked project files",LICENSED;MIXED_ACCESS;OPEN;OPEN_API;PUBLIC_WEB,PHASE_1_OR_2,Study-level,Low,Candidate source mapping only; verify field-level availability and construct validity before application.
MET-023,Methodological / statistical integrity,Negative-control outcome result,Protocol / statistical analysis plan / OSL trace,DS033;DS034;DS037;DS040;DS041,DS043;DS044,"Works, authors, institutions, funders, topics, citations, retraction flags, IDs | DOIs, bibliographic metadata, funding, licences, updates, ORCID/ROR, abstracts where supplied | Study registration, interventions, outcomes, status, results where posted | Prospective registrations and amendments for systematic reviews | Time-stamped preregistrations, registrations, linked project files",LICENSED;MIXED_ACCESS;OPEN;OPEN_API;PUBLIC_WEB,PHASE_1_OR_2,Study-level,Low,Candidate source mapping only; verify field-level availability and construct validity before application.
MET-024,Methodological / statistical integrity,Placebo-time test result,Protocol / statistical analysis plan / OSL trace,DS033;DS034;DS037;DS040;DS041,DS043;DS044,"Works, authors, institutions, funders, topics, citations, retraction flags, IDs | DOIs, bibliographic metadata, funding, licences, updates, ORCID/ROR, abstracts where supplied | Study registration, interventions, outcomes, status, results where posted | Prospective registrations and amendments for systematic reviews | Time-stamped preregistrations, registrations, linked project files",LICENSED;MIXED_ACCESS;OPEN;OPEN_API;PUBLIC_WEB,PHASE_1_OR_2,Study-level,Low,Candidate source mapping only; verify field-level availability and construct validity before application.
MET-025,Methodological / statistical integrity,Pretrend test result for difference-in-differences,Protocol / statistical analysis plan / OSL trace,DS033;DS034;DS037;DS040;DS041,DS043;DS044,"Works, authors, institutions, funders, topics, citations, retraction flags, IDs | DOIs, bibliographic metadata, funding, licences, updates, ORCID/ROR, abstracts where supplied | Study registration, interventions, outcomes, status, results where posted | Prospective registrations and amendments for systematic reviews | Time-stamped preregistrations, registrations, linked project files",LICENSED;MIXED_ACCESS;OPEN;OPEN_API;PUBLIC_WEB,PHASE_1_OR_2,Study-level,Low,Candidate source mapping only; verify field-level availability and construct validity before application.
MET-026,Methodological / statistical integrity,Sensitivity to unmeasured confounding,Protocol / statistical analysis plan / OSL trace,DS033;DS034;DS037;DS040;DS041,DS043;DS044,"Works, authors, institutions, funders, topics, citations, retraction flags, IDs | DOIs, bibliographic metadata, funding, licences, updates, ORCID/ROR, abstracts where supplied | Study registration, interventions, outcomes, status, results where posted | Prospective registrations and amendments for systematic reviews | Time-stamped preregistrations, registrations, linked project files",LICENSED;MIXED_ACCESS;OPEN;OPEN_API;PUBLIC_WEB,PHASE_1_OR_2,Study-level,Low,Candidate source mapping only; verify field-level availability and construct validity before application.
MET-027,Methodological / statistical integrity,E-value or equivalent sensitivity metric where appropriate,Protocol / statistical analysis plan / OSL trace,DS033;DS034;DS037;DS040;DS041,DS043;DS044,"Works, authors, institutions, funders, topics, citations, retraction flags, IDs | DOIs, bibliographic metadata, funding, licences, updates, ORCID/ROR, abstracts where supplied | Study registration, interventions, outcomes, status, results where posted | Prospective registrations and amendments for systematic reviews | Time-stamped preregistrations, registrations, linked project files",LICENSED;MIXED_ACCESS;OPEN;OPEN_API;PUBLIC_WEB,PHASE_1_OR_2,Study-level,Low,Candidate source mapping only; verify field-level availability and construct validity before application.
MET-028,Methodological / statistical integrity,Specification-curve robustness,Protocol / statistical analysis plan / OSL trace,DS033;DS034;DS037;DS040;DS041,DS043;DS044,"Works, authors, institutions, funders, topics, citations, retraction flags, IDs | DOIs, bibliographic metadata, funding, licences, updates, ORCID/ROR, abstracts where supplied | Study registration, interventions, outcomes, status, results where posted | Prospective registrations and amendments for systematic reviews | Time-stamped preregistrations, registrations, linked project files",LICENSED;MIXED_ACCESS;OPEN;OPEN_API;PUBLIC_WEB,PHASE_1_OR_2,Study-level,Low,Candidate source mapping only; verify field-level availability and construct validity before application.
MET-029,Methodological / statistical integrity,Multiverse-analysis robustness,Protocol / statistical analysis plan / OSL trace,DS033;DS034;DS037;DS040;DS041,DS043;DS044,"Works, authors, institutions, funders, topics, citations, retraction flags, IDs | DOIs, bibliographic metadata, funding, licences, updates, ORCID/ROR, abstracts where supplied | Study registration, interventions, outcomes, status, results where posted | Prospective registrations and amendments for systematic reviews | Time-stamped preregistrations, registrations, linked project files",LICENSED;MIXED_ACCESS;OPEN;OPEN_API;PUBLIC_WEB,PHASE_1_OR_2,Study-level,Low,Candidate source mapping only; verify field-level availability and construct validity before application.
MET-030,Methodological / statistical integrity,Alternative DAG robustness,Protocol / statistical analysis plan / OSL trace,DS033;DS034;DS037;DS040;DS041,DS043;DS044,"Works, authors, institutions, funders, topics, citations, retraction flags, IDs | DOIs, bibliographic metadata, funding, licences, updates, ORCID/ROR, abstracts where supplied | Study registration, interventions, outcomes, status, results where posted | Prospective registrations and amendments for systematic reviews | Time-stamped preregistrations, registrations, linked project files",LICENSED;MIXED_ACCESS;OPEN;OPEN_API;PUBLIC_WEB,PHASE_1_OR_2,Study-level,Low,Candidate source mapping only; verify field-level availability and construct validity before application.
MET-031,Methodological / statistical integrity,Propensity overlap/positivity diagnostics,Protocol / statistical analysis plan / OSL trace,DS033;DS034;DS037;DS040;DS041,DS043;DS044,"Works, authors, institutions, funders, topics, citations, retraction flags, IDs | DOIs, bibliographic metadata, funding, licences, updates, ORCID/ROR, abstracts where supplied | Study registration, interventions, outcomes, status, results where posted | Prospective registrations and amendments for systematic reviews | Time-stamped preregistrations, registrations, linked project files",LICENSED;MIXED_ACCESS;OPEN;OPEN_API;PUBLIC_WEB,PHASE_1_OR_2,Study-level,Low,Candidate source mapping only; verify field-level availability and construct validity before application.
MET-032,Methodological / statistical integrity,Model calibration,Protocol / statistical analysis plan / OSL trace,DS033;DS034;DS037;DS040;DS041,DS043;DS044,"Works, authors, institutions, funders, topics, citations, retraction flags, IDs | DOIs, bibliographic metadata, funding, licences, updates, ORCID/ROR, abstracts where supplied | Study registration, interventions, outcomes, status, results where posted | Prospective registrations and amendments for systematic reviews | Time-stamped preregistrations, registrations, linked project files",LICENSED;MIXED_ACCESS;OPEN;OPEN_API;PUBLIC_WEB,PHASE_1_OR_2,Study-level,Low,Candidate source mapping only; verify field-level availability and construct validity before application.
MET-033,Methodological / statistical integrity,Model discrimination,Protocol / statistical analysis plan / OSL trace,DS033;DS034;DS037;DS040;DS041,DS043;DS044,"Works, authors, institutions, funders, topics, citations, retraction flags, IDs | DOIs, bibliographic metadata, funding, licences, updates, ORCID/ROR, abstracts where supplied | Study registration, interventions, outcomes, status, results where posted | Prospective registrations and amendments for systematic reviews | Time-stamped preregistrations, registrations, linked project files",LICENSED;MIXED_ACCESS;OPEN;OPEN_API;PUBLIC_WEB,PHASE_1_OR_2,Study-level,Low,Candidate source mapping only; verify field-level availability and construct validity before application.
MET-034,Methodological / statistical integrity,Out-of-sample validation,Protocol / statistical analysis plan / OSL trace,DS033;DS034;DS037;DS040;DS041,DS043;DS044,"Works, authors, institutions, funders, topics, citations, retraction flags, IDs | DOIs, bibliographic metadata, funding, licences, updates, ORCID/ROR, abstracts where supplied | Study registration, interventions, outcomes, status, results where posted | Prospective registrations and amendments for systematic reviews | Time-stamped preregistrations, registrations, linked project files",LICENSED;MIXED_ACCESS;OPEN;OPEN_API;PUBLIC_WEB,PHASE_1_OR_2,Study-level,Low,Candidate source mapping only; verify field-level availability and construct validity before application.
MET-035,Methodological / statistical integrity,External replication status,Protocol / statistical analysis plan / OSL trace,DS033;DS034;DS037;DS040;DS041,DS043;DS044,"Works, authors, institutions, funders, topics, citations, retraction flags, IDs | DOIs, bibliographic metadata, funding, licences, updates, ORCID/ROR, abstracts where supplied | Study registration, interventions, outcomes, status, results where posted | Prospective registrations and amendments for systematic reviews | Time-stamped preregistrations, registrations, linked project files",LICENSED;MIXED_ACCESS;OPEN;OPEN_API;PUBLIC_WEB,PHASE_1_OR_2,Study-level,Low,Candidate source mapping only; verify field-level availability and construct validity before application.
MET-036,Methodological / statistical integrity,Preregistration status,Protocol / statistical analysis plan / OSL trace,DS033;DS034;DS037;DS040;DS041,DS043;DS044,"Works, authors, institutions, funders, topics, citations, retraction flags, IDs | DOIs, bibliographic metadata, funding, licences, updates, ORCID/ROR, abstracts where supplied | Study registration, interventions, outcomes, status, results where posted | Prospective registrations and amendments for systematic reviews | Time-stamped preregistrations, registrations, linked project files",LICENSED;MIXED_ACCESS;OPEN;OPEN_API;PUBLIC_WEB,PHASE_1_OR_2,Study-level,Low,Candidate source mapping only; verify field-level availability and construct validity before application.
MET-037,Methodological / statistical integrity,Protocol-deviation register,Protocol / statistical analysis plan / OSL trace,DS033;DS034;DS037;DS040;DS041,DS043;DS044,"Works, authors, institutions, funders, topics, citations, retraction flags, IDs | DOIs, bibliographic metadata, funding, licences, updates, ORCID/ROR, abstracts where supplied | Study registration, interventions, outcomes, status, results where posted | Prospective registrations and amendments for systematic reviews | Time-stamped preregistrations, registrations, linked project files",LICENSED;MIXED_ACCESS;OPEN;OPEN_API;PUBLIC_WEB,PHASE_1_OR_2,Study-level,Low,Candidate source mapping only; verify field-level availability and construct validity before application.
MET-038,Methodological / statistical integrity,Multiplicity correction method,Protocol / statistical analysis plan / OSL trace,DS033;DS034;DS037;DS040;DS041,DS043;DS044,"Works, authors, institutions, funders, topics, citations, retraction flags, IDs | DOIs, bibliographic metadata, funding, licences, updates, ORCID/ROR, abstracts where supplied | Study registration, interventions, outcomes, status, results where posted | Prospective registrations and amendments for systematic reviews | Time-stamped preregistrations, registrations, linked project files",LICENSED;MIXED_ACCESS;OPEN;OPEN_API;PUBLIC_WEB,PHASE_1_OR_2,Study-level,Low,Candidate source mapping only; verify field-level availability and construct validity before application.
MET-039,Methodological / statistical integrity,False-discovery rate,Protocol / statistical analysis plan / OSL trace,DS033;DS034;DS037;DS040;DS041,DS043;DS044,"Works, authors, institutions, funders, topics, citations, retraction flags, IDs | DOIs, bibliographic metadata, funding, licences, updates, ORCID/ROR, abstracts where supplied | Study registration, interventions, outcomes, status, results where posted | Prospective registrations and amendments for systematic reviews | Time-stamped preregistrations, registrations, linked project files",LICENSED;MIXED_ACCESS;OPEN;OPEN_API;PUBLIC_WEB,PHASE_1_OR_2,Study-level,Low,Candidate source mapping only; verify field-level availability and construct validity before application.
MET-040,Methodological / statistical integrity,Primary alpha,Protocol / statistical analysis plan / OSL trace,DS033;DS034;DS037;DS040;DS041,DS043;DS044,"Works, authors, institutions, funders, topics, citations, retraction flags, IDs | DOIs, bibliographic metadata, funding, licences, updates, ORCID/ROR, abstracts where supplied | Study registration, interventions, outcomes, status, results where posted | Prospective registrations and amendments for systematic reviews | Time-stamped preregistrations, registrations, linked project files",LICENSED;MIXED_ACCESS;OPEN;OPEN_API;PUBLIC_WEB,PHASE_1_OR_2,Study-level,Low,Candidate source mapping only; verify field-level availability and construct validity before application.
MET-041,Methodological / statistical integrity,Confidence interval level,Protocol / statistical analysis plan / OSL trace,DS033;DS034;DS037;DS040;DS041,DS043;DS044,"Works, authors, institutions, funders, topics, citations, retraction flags, IDs | DOIs, bibliographic metadata, funding, licences, updates, ORCID/ROR, abstracts where supplied | Study registration, interventions, outcomes, status, results where posted | Prospective registrations and amendments for systematic reviews | Time-stamped preregistrations, registrations, linked project files",LICENSED;MIXED_ACCESS;OPEN;OPEN_API;PUBLIC_WEB,PHASE_1_OR_2,Study-level,Low,Candidate source mapping only; verify field-level availability and construct validity before application.
MET-042,Methodological / statistical integrity,Bayesian prior specification where used,Protocol / statistical analysis plan / OSL trace,DS033;DS034;DS037;DS040;DS041,DS043;DS044,"Works, authors, institutions, funders, topics, citations, retraction flags, IDs | DOIs, bibliographic metadata, funding, licences, updates, ORCID/ROR, abstracts where supplied | Study registration, interventions, outcomes, status, results where posted | Prospective registrations and amendments for systematic reviews | Time-stamped preregistrations, registrations, linked project files",LICENSED;MIXED_ACCESS;OPEN;OPEN_API;PUBLIC_WEB,PHASE_1_OR_2,Study-level,Low,Candidate source mapping only; verify field-level availability and construct validity before application.
MET-043,Methodological / statistical integrity,Posterior sensitivity to prior,Protocol / statistical analysis plan / OSL trace,DS033;DS034;DS037;DS040;DS041,DS043;DS044,"Works, authors, institutions, funders, topics, citations, retraction flags, IDs | DOIs, bibliographic metadata, funding, licences, updates, ORCID/ROR, abstracts where supplied | Study registration, interventions, outcomes, status, results where posted | Prospective registrations and amendments for systematic reviews | Time-stamped preregistrations, registrations, linked project files",LICENSED;MIXED_ACCESS;OPEN;OPEN_API;PUBLIC_WEB,PHASE_1_OR_2,Study-level,Low,Candidate source mapping only; verify field-level availability and construct validity before application.
MET-044,Methodological / statistical integrity,Bayes factor where used,Protocol / statistical analysis plan / OSL trace,DS033;DS034;DS037;DS040;DS041,DS043;DS044,"Works, authors, institutions, funders, topics, citations, retraction flags, IDs | DOIs, bibliographic metadata, funding, licences, updates, ORCID/ROR, abstracts where supplied | Study registration, interventions, outcomes, status, results where posted | Prospective registrations and amendments for systematic reviews | Time-stamped preregistrations, registrations, linked project files",LICENSED;MIXED_ACCESS;OPEN;OPEN_API;PUBLIC_WEB,PHASE_1_OR_2,Study-level,Low,Candidate source mapping only; verify field-level availability and construct validity before application.
MET-045,Methodological / statistical integrity,Minimal clinically important effect,Protocol / statistical analysis plan / OSL trace,DS033;DS034;DS037;DS040;DS041,DS043;DS044,"Works, authors, institutions, funders, topics, citations, retraction flags, IDs | DOIs, bibliographic metadata, funding, licences, updates, ORCID/ROR, abstracts where supplied | Study registration, interventions, outcomes, status, results where posted | Prospective registrations and amendments for systematic reviews | Time-stamped preregistrations, registrations, linked project files",LICENSED;MIXED_ACCESS;OPEN;OPEN_API;PUBLIC_WEB,PHASE_1_OR_2,Study-level,Low,Candidate source mapping only; verify field-level availability and construct validity before application.
MET-046,Methodological / statistical integrity,Statistical power target,Protocol / statistical analysis plan / OSL trace,DS033;DS034;DS037;DS040;DS041,DS043;DS044,"Works, authors, institutions, funders, topics, citations, retraction flags, IDs | DOIs, bibliographic metadata, funding, licences, updates, ORCID/ROR, abstracts where supplied | Study registration, interventions, outcomes, status, results where posted | Prospective registrations and amendments for systematic reviews | Time-stamped preregistrations, registrations, linked project files",LICENSED;MIXED_ACCESS;OPEN;OPEN_API;PUBLIC_WEB,PHASE_1_OR_2,Study-level,Low,Candidate source mapping only; verify field-level availability and construct validity before application.
MET-047,Methodological / statistical integrity,Effective sample size,Protocol / statistical analysis plan / OSL trace,DS033;DS034;DS037;DS040;DS041,DS043;DS044,"Works, authors, institutions, funders, topics, citations, retraction flags, IDs | DOIs, bibliographic metadata, funding, licences, updates, ORCID/ROR, abstracts where supplied | Study registration, interventions, outcomes, status, results where posted | Prospective registrations and amendments for systematic reviews | Time-stamped preregistrations, registrations, linked project files",LICENSED;MIXED_ACCESS;OPEN;OPEN_API;PUBLIC_WEB,PHASE_1_OR_2,Study-level,Low,Candidate source mapping only; verify field-level availability and construct validity before application.
MET-048,Methodological / statistical integrity,Design effect due to clustering,Protocol / statistical analysis plan / OSL trace,DS033;DS034;DS037;DS040;DS041,DS043;DS044,"Works, authors, institutions, funders, topics, citations, retraction flags, IDs | DOIs, bibliographic metadata, funding, licences, updates, ORCID/ROR, abstracts where supplied | Study registration, interventions, outcomes, status, results where posted | Prospective registrations and amendments for systematic reviews | Time-stamped preregistrations, registrations, linked project files",LICENSED;MIXED_ACCESS;OPEN;OPEN_API;PUBLIC_WEB,PHASE_1_OR_2,Study-level,Low,Candidate source mapping only; verify field-level availability and construct validity before application.
MET-049,Methodological / statistical integrity,Attrition-inflated recruitment target,Protocol / statistical analysis plan / OSL trace,DS033;DS034;DS037;DS040;DS041,DS043;DS044,"Works, authors, institutions, funders, topics, citations, retraction flags, IDs | DOIs, bibliographic metadata, funding, licences, updates, ORCID/ROR, abstracts where supplied | Study registration, interventions, outcomes, status, results where posted | Prospective registrations and amendments for systematic reviews | Time-stamped preregistrations, registrations, linked project files",LICENSED;MIXED_ACCESS;OPEN;OPEN_API;PUBLIC_WEB,PHASE_1_OR_2,Study-level,Low,Candidate source mapping only; verify field-level availability and construct validity before application.
MET-050,Methodological / statistical integrity,Subgroup interaction power,Protocol / statistical analysis plan / OSL trace,DS033;DS034;DS037;DS040;DS041,DS043;DS044,"Works, authors, institutions, funders, topics, citations, retraction flags, IDs | DOIs, bibliographic metadata, funding, licences, updates, ORCID/ROR, abstracts where supplied | Study registration, interventions, outcomes, status, results where posted | Prospective registrations and amendments for systematic reviews | Time-stamped preregistrations, registrations, linked project files",LICENSED;MIXED_ACCESS;OPEN;OPEN_API;PUBLIC_WEB,PHASE_1_OR_2,Study-level,Low,Candidate source mapping only; verify field-level availability and construct validity before application.
MET-051,Methodological / statistical integrity,Rare-event count,Protocol / statistical analysis plan / OSL trace,DS033;DS034;DS037;DS040;DS041,DS043;DS044,"Works, authors, institutions, funders, topics, citations, retraction flags, IDs | DOIs, bibliographic metadata, funding, licences, updates, ORCID/ROR, abstracts where supplied | Study registration, interventions, outcomes, status, results where posted | Prospective registrations and amendments for systematic reviews | Time-stamped preregistrations, registrations, linked project files",LICENSED;MIXED_ACCESS;OPEN;OPEN_API;PUBLIC_WEB,PHASE_1_OR_2,Study-level,Low,Candidate source mapping only; verify field-level availability and construct validity before application.
MET-052,Methodological / statistical integrity,Events-per-parameter/effective model complexity,Protocol / statistical analysis plan / OSL trace,DS033;DS034;DS037;DS040;DS041,DS043;DS044,"Works, authors, institutions, funders, topics, citations, retraction flags, IDs | DOIs, bibliographic metadata, funding, licences, updates, ORCID/ROR, abstracts where supplied | Study registration, interventions, outcomes, status, results where posted | Prospective registrations and amendments for systematic reviews | Time-stamped preregistrations, registrations, linked project files",LICENSED;MIXED_ACCESS;OPEN;OPEN_API;PUBLIC_WEB,PHASE_1_OR_2,Study-level,Low,Candidate source mapping only; verify field-level availability and construct validity before application.
MET-053,Methodological / statistical integrity,Penalisation/shrinkage method,Protocol / statistical analysis plan / OSL trace,DS033;DS034;DS037;DS040;DS041,DS043;DS044,"Works, authors, institutions, funders, topics, citations, retraction flags, IDs | DOIs, bibliographic metadata, funding, licences, updates, ORCID/ROR, abstracts where supplied | Study registration, interventions, outcomes, status, results where posted | Prospective registrations and amendments for systematic reviews | Time-stamped preregistrations, registrations, linked project files",LICENSED;MIXED_ACCESS;OPEN;OPEN_API;PUBLIC_WEB,PHASE_1_OR_2,Study-level,Low,Candidate source mapping only; verify field-level availability and construct validity before application.
MET-054,Methodological / statistical integrity,Held-out test set status,Protocol / statistical analysis plan / OSL trace,DS033;DS034;DS037;DS040;DS041,DS043;DS044,"Works, authors, institutions, funders, topics, citations, retraction flags, IDs | DOIs, bibliographic metadata, funding, licences, updates, ORCID/ROR, abstracts where supplied | Study registration, interventions, outcomes, status, results where posted | Prospective registrations and amendments for systematic reviews | Time-stamped preregistrations, registrations, linked project files",LICENSED;MIXED_ACCESS;OPEN;OPEN_API;PUBLIC_WEB,PHASE_1_OR_2,Study-level,Low,Candidate source mapping only; verify field-level availability and construct validity before application.
MET-055,Methodological / statistical integrity,Data leakage audit,Protocol / statistical analysis plan / OSL trace,DS033;DS034;DS037;DS040;DS041,DS043;DS044,"Works, authors, institutions, funders, topics, citations, retraction flags, IDs | DOIs, bibliographic metadata, funding, licences, updates, ORCID/ROR, abstracts where supplied | Study registration, interventions, outcomes, status, results where posted | Prospective registrations and amendments for systematic reviews | Time-stamped preregistrations, registrations, linked project files",LICENSED;MIXED_ACCESS;OPEN;OPEN_API;PUBLIC_WEB,PHASE_1_OR_2,Study-level,Low,Candidate source mapping only; verify field-level availability and construct validity before application.
MET-056,Methodological / statistical integrity,Algorithmic fairness subgroup calibration,Protocol / statistical analysis plan / OSL trace,DS033;DS034;DS037;DS040;DS041,DS043;DS044,"Works, authors, institutions, funders, topics, citations, retraction flags, IDs | DOIs, bibliographic metadata, funding, licences, updates, ORCID/ROR, abstracts where supplied | Study registration, interventions, outcomes, status, results where posted | Prospective registrations and amendments for systematic reviews | Time-stamped preregistrations, registrations, linked project files",LICENSED;MIXED_ACCESS;OPEN;OPEN_API;PUBLIC_WEB,PHASE_1_OR_2,Study-level,Low,Candidate source mapping only; verify field-level availability and construct validity before application.
MET-057,Methodological / statistical integrity,Transportability assessment,Protocol / statistical analysis plan / OSL trace,DS033;DS034;DS037;DS040;DS041,DS043;DS044,"Works, authors, institutions, funders, topics, citations, retraction flags, IDs | DOIs, bibliographic metadata, funding, licences, updates, ORCID/ROR, abstracts where supplied | Study registration, interventions, outcomes, status, results where posted | Prospective registrations and amendments for systematic reviews | Time-stamped preregistrations, registrations, linked project files",LICENSED;MIXED_ACCESS;OPEN;OPEN_API;PUBLIC_WEB,PHASE_1_OR_2,Study-level,Low,Candidate source mapping only; verify field-level availability and construct validity before application.
MET-058,Methodological / statistical integrity,Causal identification grade,Protocol / statistical analysis plan / OSL trace,DS033;DS034;DS037;DS040;DS041,DS043;DS044,"Works, authors, institutions, funders, topics, citations, retraction flags, IDs | DOIs, bibliographic metadata, funding, licences, updates, ORCID/ROR, abstracts where supplied | Study registration, interventions, outcomes, status, results where posted | Prospective registrations and amendments for systematic reviews | Time-stamped preregistrations, registrations, linked project files",LICENSED;MIXED_ACCESS;OPEN;OPEN_API;PUBLIC_WEB,PHASE_1_OR_2,Study-level,Low,Candidate source mapping only; verify field-level availability and construct validity before application.
MET-059,Methodological / statistical integrity,Evidence-adjudication vector,Protocol / statistical analysis plan / OSL trace,DS033;DS034;DS037;DS040;DS041,DS043;DS044,"Works, authors, institutions, funders, topics, citations, retraction flags, IDs | DOIs, bibliographic metadata, funding, licences, updates, ORCID/ROR, abstracts where supplied | Study registration, interventions, outcomes, status, results where posted | Prospective registrations and amendments for systematic reviews | Time-stamped preregistrations, registrations, linked project files",LICENSED;MIXED_ACCESS;OPEN;OPEN_API;PUBLIC_WEB,PHASE_1_OR_2,Study-level,Low,Candidate source mapping only; verify field-level availability and construct validity before application.
MET-060,Methodological / statistical integrity,Claim ceiling based on weakest evidence dimension,Protocol / statistical analysis plan / OSL trace,DS033;DS034;DS037;DS040;DS041,DS043;DS044,"Works, authors, institutions, funders, topics, citations, retraction flags, IDs | DOIs, bibliographic metadata, funding, licences, updates, ORCID/ROR, abstracts where supplied | Study registration, interventions, outcomes, status, results where posted | Prospective registrations and amendments for systematic reviews | Time-stamped preregistrations, registrations, linked project files",LICENSED;MIXED_ACCESS;OPEN;OPEN_API;PUBLIC_WEB,PHASE_1_OR_2,Study-level,Low,Candidate source mapping only; verify field-level availability and construct validity before application.
PSYCHDYN-001,Psychodynamic / identity-process constructs,Attachment security/insecurity,PRO / structured interview / consented transcript / clinical formulation,DS064,DS018;DS020,"Interviews, longitudinal narratives, clinician/patient discourse, vignettes",MIXED_ACCESS;PRIMARY_RESEARCH;RESTRICTED_COHORT,PHASE_1_OR_2,Baseline and repeated,High,Candidate source mapping only; verify field-level availability and construct validity before application.
PSYCHDYN-002,Psychodynamic / identity-process constructs,Identity integration versus diffusion,PRO / structured interview / consented transcript / clinical formulation,DS064,DS018;DS020,"Interviews, longitudinal narratives, clinician/patient discourse, vignettes",MIXED_ACCESS;PRIMARY_RESEARCH;RESTRICTED_COHORT,PHASE_1_OR_2,Baseline and repeated,High,Candidate source mapping only; verify field-level availability and construct validity before application.
PSYCHDYN-003,Psychodynamic / identity-process constructs,Self-concept clarity,PRO / structured interview / consented transcript / clinical formulation,DS064,DS018;DS020,"Interviews, longitudinal narratives, clinician/patient discourse, vignettes",MIXED_ACCESS;PRIMARY_RESEARCH;RESTRICTED_COHORT,PHASE_1_OR_2,Baseline and repeated,High,Candidate source mapping only; verify field-level availability and construct validity before application.
PSYCHDYN-004,Psychodynamic / identity-process constructs,Mentalization/reflective-function capacity,PRO / structured interview / consented transcript / clinical formulation,DS064,DS018;DS020,"Interviews, longitudinal narratives, clinician/patient discourse, vignettes",MIXED_ACCESS;PRIMARY_RESEARCH;RESTRICTED_COHORT,PHASE_1_OR_2,Baseline and repeated,High,Candidate source mapping only; verify field-level availability and construct validity before application.
PSYCHDYN-005,Psychodynamic / identity-process constructs,Affect regulation style,PRO / structured interview / consented transcript / clinical formulation,DS064,DS018;DS020,"Interviews, longitudinal narratives, clinician/patient discourse, vignettes",MIXED_ACCESS;PRIMARY_RESEARCH;RESTRICTED_COHORT,PHASE_1_OR_2,Baseline and repeated,High,Candidate source mapping only; verify field-level availability and construct validity before application.
PSYCHDYN-006,Psychodynamic / identity-process constructs,Experiential avoidance,PRO / structured interview / consented transcript / clinical formulation,DS064,DS018;DS020,"Interviews, longitudinal narratives, clinician/patient discourse, vignettes",MIXED_ACCESS;PRIMARY_RESEARCH;RESTRICTED_COHORT,PHASE_1_OR_2,Baseline and repeated,High,Candidate source mapping only; verify field-level availability and construct validity before application.
PSYCHDYN-007,Psychodynamic / identity-process constructs,Dissociative symptoms,PRO / structured interview / consented transcript / clinical formulation,DS064,DS018;DS020,"Interviews, longitudinal narratives, clinician/patient discourse, vignettes",MIXED_ACCESS;PRIMARY_RESEARCH;RESTRICTED_COHORT,PHASE_1_OR_2,Baseline and repeated,High,Candidate source mapping only; verify field-level availability and construct validity before application.
PSYCHDYN-008,Psychodynamic / identity-process constructs,Depersonalisation/derealisation,PRO / structured interview / consented transcript / clinical formulation,DS064,DS018;DS020,"Interviews, longitudinal narratives, clinician/patient discourse, vignettes",MIXED_ACCESS;PRIMARY_RESEARCH;RESTRICTED_COHORT,PHASE_1_OR_2,Baseline and repeated,High,Candidate source mapping only; verify field-level availability and construct validity before application.
PSYCHDYN-009,Psychodynamic / identity-process constructs,Body-self integration,PRO / structured interview / consented transcript / clinical formulation,DS064,DS018;DS020,"Interviews, longitudinal narratives, clinician/patient discourse, vignettes",MIXED_ACCESS;PRIMARY_RESEARCH;RESTRICTED_COHORT,PHASE_1_OR_2,Baseline and repeated,High,Candidate source mapping only; verify field-level availability and construct validity before application.
PSYCHDYN-010,Psychodynamic / identity-process constructs,Shame proneness,PRO / structured interview / consented transcript / clinical formulation,DS064,DS018;DS020,"Interviews, longitudinal narratives, clinician/patient discourse, vignettes",MIXED_ACCESS;PRIMARY_RESEARCH;RESTRICTED_COHORT,PHASE_1_OR_2,Baseline and repeated,High,Candidate source mapping only; verify field-level availability and construct validity before application.
PSYCHDYN-011,Psychodynamic / identity-process constructs,Internalised stigma,PRO / structured interview / consented transcript / clinical formulation,DS064,DS018;DS020,"Interviews, longitudinal narratives, clinician/patient discourse, vignettes",MIXED_ACCESS;PRIMARY_RESEARCH;RESTRICTED_COHORT,PHASE_1_OR_2,Baseline and repeated,High,Candidate source mapping only; verify field-level availability and construct validity before application.
PSYCHDYN-012,Psychodynamic / identity-process constructs,Defence-style profile where validly measured,PRO / structured interview / consented transcript / clinical formulation,DS064,DS018;DS020,"Interviews, longitudinal narratives, clinician/patient discourse, vignettes",MIXED_ACCESS;PRIMARY_RESEARCH;RESTRICTED_COHORT,PHASE_1_OR_2,Baseline and repeated,High,Candidate source mapping only; verify field-level availability and construct validity before application.
PSYCHDYN-013,Psychodynamic / identity-process constructs,Interpersonal dependency,PRO / structured interview / consented transcript / clinical formulation,DS064,DS018;DS020,"Interviews, longitudinal narratives, clinician/patient discourse, vignettes",MIXED_ACCESS;PRIMARY_RESEARCH;RESTRICTED_COHORT,PHASE_1_OR_2,Baseline and repeated,High,Candidate source mapping only; verify field-level availability and construct validity before application.
PSYCHDYN-014,Psychodynamic / identity-process constructs,Fear of abandonment,PRO / structured interview / consented transcript / clinical formulation,DS064,DS018;DS020,"Interviews, longitudinal narratives, clinician/patient discourse, vignettes",MIXED_ACCESS;PRIMARY_RESEARCH;RESTRICTED_COHORT,PHASE_1_OR_2,Baseline and repeated,High,Candidate source mapping only; verify field-level availability and construct validity before application.
PSYCHDYN-015,Psychodynamic / identity-process constructs,Need for belonging,PRO / structured interview / consented transcript / clinical formulation,DS064,DS018;DS020,"Interviews, longitudinal narratives, clinician/patient discourse, vignettes",MIXED_ACCESS;PRIMARY_RESEARCH;RESTRICTED_COHORT,PHASE_1_OR_2,Baseline and repeated,High,Candidate source mapping only; verify field-level availability and construct validity before application.
PSYCHDYN-016,Psychodynamic / identity-process constructs,Idealisation/devaluation tendencies where clinically assessed,PRO / structured interview / consented transcript / clinical formulation,DS064,DS018;DS020,"Interviews, longitudinal narratives, clinician/patient discourse, vignettes",MIXED_ACCESS;PRIMARY_RESEARCH;RESTRICTED_COHORT,PHASE_1_OR_2,Baseline and repeated,High,Candidate source mapping only; verify field-level availability and construct validity before application.
PSYCHDYN-017,Psychodynamic / identity-process constructs,Parent-child enmeshment/autonomy balance,PRO / structured interview / consented transcript / clinical formulation,DS064,DS018;DS020,"Interviews, longitudinal narratives, clinician/patient discourse, vignettes",MIXED_ACCESS;PRIMARY_RESEARCH;RESTRICTED_COHORT,PHASE_1_OR_2,Baseline and repeated,High,Candidate source mapping only; verify field-level availability and construct validity before application.
PSYCHDYN-018,Psychodynamic / identity-process constructs,Separation-individuation difficulties,PRO / structured interview / consented transcript / clinical formulation,DS064,DS018;DS020,"Interviews, longitudinal narratives, clinician/patient discourse, vignettes",MIXED_ACCESS;PRIMARY_RESEARCH;RESTRICTED_COHORT,PHASE_1_OR_2,Baseline and repeated,High,Candidate source mapping only; verify field-level availability and construct validity before application.
PSYCHDYN-019,Psychodynamic / identity-process constructs,Family conflict around identity/autonomy,PRO / structured interview / consented transcript / clinical formulation,DS064,DS018;DS020,"Interviews, longitudinal narratives, clinician/patient discourse, vignettes",MIXED_ACCESS;PRIMARY_RESEARCH;RESTRICTED_COHORT,PHASE_1_OR_2,Baseline and repeated,High,Candidate source mapping only; verify field-level availability and construct validity before application.
PSYCHDYN-020,Psychodynamic / identity-process constructs,Clinician countertransference rating in research setting,PRO / structured interview / consented transcript / clinical formulation,DS064,DS018;DS020,"Interviews, longitudinal narratives, clinician/patient discourse, vignettes",MIXED_ACCESS;PRIMARY_RESEARCH;RESTRICTED_COHORT,PHASE_1_OR_2,Baseline and repeated,High,Candidate source mapping only; verify field-level availability and construct validity before application.
PSYCHDYN-021,Psychodynamic / identity-process constructs,Therapeutic alliance,PRO / structured interview / consented transcript / clinical formulation,DS064,DS018;DS020,"Interviews, longitudinal narratives, clinician/patient discourse, vignettes",MIXED_ACCESS;PRIMARY_RESEARCH;RESTRICTED_COHORT,PHASE_1_OR_2,Baseline and repeated,High,Candidate source mapping only; verify field-level availability and construct validity before application.
PSYCHDYN-022,Psychodynamic / identity-process constructs,Alliance rupture/repair events,PRO / structured interview / consented transcript / clinical formulation,DS064,DS018;DS020,"Interviews, longitudinal narratives, clinician/patient discourse, vignettes",MIXED_ACCESS;PRIMARY_RESEARCH;RESTRICTED_COHORT,PHASE_1_OR_2,Baseline and repeated,High,Candidate source mapping only; verify field-level availability and construct validity before application.
PSYCHDYN-023,Psychodynamic / identity-process constructs,Narrative identity coherence,PRO / structured interview / consented transcript / clinical formulation,DS064,DS018;DS020,"Interviews, longitudinal narratives, clinician/patient discourse, vignettes",MIXED_ACCESS;PRIMARY_RESEARCH;RESTRICTED_COHORT,PHASE_1_OR_2,Baseline and repeated,High,Candidate source mapping only; verify field-level availability and construct validity before application.
PSYCHDYN-024,Psychodynamic / identity-process constructs,Narrative discontinuity across developmental periods,PRO / structured interview / consented transcript / clinical formulation,DS064,DS018;DS020,"Interviews, longitudinal narratives, clinician/patient discourse, vignettes",MIXED_ACCESS;PRIMARY_RESEARCH;RESTRICTED_COHORT,PHASE_1_OR_2,Baseline and repeated,High,Candidate source mapping only; verify field-level availability and construct validity before application.
PSYCHDYN-025,Psychodynamic / identity-process constructs,Meaning attributed to bodily distress,PRO / structured interview / consented transcript / clinical formulation,DS064,DS018;DS020,"Interviews, longitudinal narratives, clinician/patient discourse, vignettes",MIXED_ACCESS;PRIMARY_RESEARCH;RESTRICTED_COHORT,PHASE_1_OR_2,Baseline and repeated,High,Candidate source mapping only; verify field-level availability and construct validity before application.
PSYCHDYN-026,Psychodynamic / identity-process constructs,Meaning attributed to puberty,PRO / structured interview / consented transcript / clinical formulation,DS064,DS018;DS020,"Interviews, longitudinal narratives, clinician/patient discourse, vignettes",MIXED_ACCESS;PRIMARY_RESEARCH;RESTRICTED_COHORT,PHASE_1_OR_2,Baseline and repeated,High,Candidate source mapping only; verify field-level availability and construct validity before application.
PSYCHDYN-027,Psychodynamic / identity-process constructs,Meaning attributed to gender labels,PRO / structured interview / consented transcript / clinical formulation,DS064,DS018;DS020,"Interviews, longitudinal narratives, clinician/patient discourse, vignettes",MIXED_ACCESS;PRIMARY_RESEARCH;RESTRICTED_COHORT,PHASE_1_OR_2,Baseline and repeated,High,Candidate source mapping only; verify field-level availability and construct validity before application.
PSYCHDYN-028,Psychodynamic / identity-process constructs,Meaning attributed to medical transition,PRO / structured interview / consented transcript / clinical formulation,DS064,DS018;DS020,"Interviews, longitudinal narratives, clinician/patient discourse, vignettes",MIXED_ACCESS;PRIMARY_RESEARCH;RESTRICTED_COHORT,PHASE_1_OR_2,Baseline and repeated,High,Candidate source mapping only; verify field-level availability and construct validity before application.
PSYCHDYN-029,Psychodynamic / identity-process constructs,Expectancy of psychological relief from intervention,PRO / structured interview / consented transcript / clinical formulation,DS064,DS018;DS020,"Interviews, longitudinal narratives, clinician/patient discourse, vignettes",MIXED_ACCESS;PRIMARY_RESEARCH;RESTRICTED_COHORT,PHASE_1_OR_2,Baseline and repeated,High,Candidate source mapping only; verify field-level availability and construct validity before application.
PSYCHDYN-030,Psychodynamic / identity-process constructs,Nocebo/negative expectancy about non-intervention,PRO / structured interview / consented transcript / clinical formulation,DS064,DS018;DS020,"Interviews, longitudinal narratives, clinician/patient discourse, vignettes",MIXED_ACCESS;PRIMARY_RESEARCH;RESTRICTED_COHORT,PHASE_1_OR_2,Baseline and repeated,High,Candidate source mapping only; verify field-level availability and construct validity before application.
PSYCHDYN-031,Psychodynamic / identity-process constructs,Placebo/context expectancy effects,PRO / structured interview / consented transcript / clinical formulation,DS064,DS018;DS020,"Interviews, longitudinal narratives, clinician/patient discourse, vignettes",MIXED_ACCESS;PRIMARY_RESEARCH;RESTRICTED_COHORT,PHASE_1_OR_2,Baseline and repeated,High,Candidate source mapping only; verify field-level availability and construct validity before application.
PSYCHDYN-032,Psychodynamic / identity-process constructs,Prior identity instability across non-gender domains,PRO / structured interview / consented transcript / clinical formulation,DS064,DS018;DS020,"Interviews, longitudinal narratives, clinician/patient discourse, vignettes",MIXED_ACCESS;PRIMARY_RESEARCH;RESTRICTED_COHORT,PHASE_1_OR_2,Baseline and repeated,High,Candidate source mapping only; verify field-level availability and construct validity before application.
PSYCHDYN-033,Psychodynamic / identity-process constructs,Trauma-related identity disruption hypothesis marker,PRO / structured interview / consented transcript / clinical formulation,DS064,DS018;DS020,"Interviews, longitudinal narratives, clinician/patient discourse, vignettes",MIXED_ACCESS;PRIMARY_RESEARCH;RESTRICTED_COHORT,PHASE_1_OR_2,Baseline and repeated,High,Candidate source mapping only; verify field-level availability and construct validity before application.
PSYCHDYN-034,Psychodynamic / identity-process constructs,Psychodynamic formulation present in clinical record,PRO / structured interview / consented transcript / clinical formulation,DS064,DS018;DS020,"Interviews, longitudinal narratives, clinician/patient discourse, vignettes",MIXED_ACCESS;PRIMARY_RESEARCH;RESTRICTED_COHORT,PHASE_1_OR_2,Baseline and repeated,High,Candidate source mapping only; verify field-level availability and construct validity before application.
PSYCHDYN-035,Psychodynamic / identity-process constructs,Competing psychodynamic formulation independently reviewed,PRO / structured interview / consented transcript / clinical formulation,DS064,DS018;DS020,"Interviews, longitudinal narratives, clinician/patient discourse, vignettes",MIXED_ACCESS;PRIMARY_RESEARCH;RESTRICTED_COHORT,PHASE_1_OR_2,Baseline and repeated,High,Candidate source mapping only; verify field-level availability and construct validity before application.
SEL-001,"Selection, disclosure and reverse-causation falsifiers",Baseline gender-related distress before measured social/digital exposure,EHR / participant,DS001;DS003;DS004;DS014;DS015,DS018;DS019;DS020,Patient-level NHS datasets; linked national collections | Patient-level contacts; diagnoses; care events; children/adults; autism/LD services | GP diagnoses; symptoms; prescriptions; tests; referrals; demographics; HES; deaths | Gender identity responses; demographics; geography; quality diagnostics | Patient experience; demographics; gender identity/sex questions; geography/practice aggregates,MIXED_ACCESS;OPEN_AGGREGATE;RESTRICTED_COHORT;RESTRICTED_TRE,PHASE_1_OR_2,Pre-exposure,High,Candidate source mapping only; verify field-level availability and construct validity before application.
SEL-002,"Selection, disclosure and reverse-causation falsifiers",Baseline gender-related questioning/exploration before measured exposure,participant / historical record,DS001;DS003;DS004;DS014;DS015,DS018;DS019;DS020,Patient-level NHS datasets; linked national collections | Patient-level contacts; diagnoses; care events; children/adults; autism/LD services | GP diagnoses; symptoms; prescriptions; tests; referrals; demographics; HES; deaths | Gender identity responses; demographics; geography; quality diagnostics | Patient experience; demographics; gender identity/sex questions; geography/practice aggregates,MIXED_ACCESS;OPEN_AGGREGATE;RESTRICTED_COHORT;RESTRICTED_TRE,PHASE_1_OR_2,Pre-exposure,High,Candidate source mapping only; verify field-level availability and construct validity before application.
SEL-003,"Selection, disclosure and reverse-causation falsifiers",Date/time of first active search for gender-related material,consented search history / participant,DS001;DS003;DS004;DS014;DS015,DS018;DS019;DS020,Patient-level NHS datasets; linked national collections | Patient-level contacts; diagnoses; care events; children/adults; autism/LD services | GP diagnoses; symptoms; prescriptions; tests; referrals; demographics; HES; deaths | Gender identity responses; demographics; geography; quality diagnostics | Patient experience; demographics; gender identity/sex questions; geography/practice aggregates,MIXED_ACCESS;OPEN_AGGREGATE;RESTRICTED_COHORT;RESTRICTED_TRE,PHASE_1_OR_2,Historical/Prospective,High,Candidate source mapping only; verify field-level availability and construct validity before application.
SEL-004,"Selection, disclosure and reverse-causation falsifiers",Date/time of first algorithm-initiated recommendation exposure,consented platform export,DS001;DS003;DS004;DS014;DS015,DS018;DS019;DS020,Patient-level NHS datasets; linked national collections | Patient-level contacts; diagnoses; care events; children/adults; autism/LD services | GP diagnoses; symptoms; prescriptions; tests; referrals; demographics; HES; deaths | Gender identity responses; demographics; geography; quality diagnostics | Patient experience; demographics; gender identity/sex questions; geography/practice aggregates,MIXED_ACCESS;OPEN_AGGREGATE;RESTRICTED_COHORT;RESTRICTED_TRE,PHASE_1_OR_2,Prospective/Historical,High,Candidate source mapping only; verify field-level availability and construct validity before application.
SEL-005,"Selection, disclosure and reverse-causation falsifiers",Date/time of first peer-group contact relevant to gender-related discussion,participant/network diary,DS001;DS003;DS004;DS014;DS015,DS018;DS019;DS020,Patient-level NHS datasets; linked national collections | Patient-level contacts; diagnoses; care events; children/adults; autism/LD services | GP diagnoses; symptoms; prescriptions; tests; referrals; demographics; HES; deaths | Gender identity responses; demographics; geography; quality diagnostics | Patient experience; demographics; gender identity/sex questions; geography/practice aggregates,MIXED_ACCESS;OPEN_AGGREGATE;RESTRICTED_COHORT;RESTRICTED_TRE,PHASE_1_OR_2,Repeated,High,Candidate source mapping only; verify field-level availability and construct validity before application.
SEL-006,"Selection, disclosure and reverse-causation falsifiers",Peer tie formation relative to symptom/identity-exploration onset,network diary,DS001;DS003;DS004;DS014;DS015,DS018;DS019;DS020,Patient-level NHS datasets; linked national collections | Patient-level contacts; diagnoses; care events; children/adults; autism/LD services | GP diagnoses; symptoms; prescriptions; tests; referrals; demographics; HES; deaths | Gender identity responses; demographics; geography; quality diagnostics | Patient experience; demographics; gender identity/sex questions; geography/practice aggregates,MIXED_ACCESS;OPEN_AGGREGATE;RESTRICTED_COHORT;RESTRICTED_TRE,PHASE_1_OR_2,Repeated,High,Candidate source mapping only; verify field-level availability and construct validity before application.
SEL-007,"Selection, disclosure and reverse-causation falsifiers",Baseline peer-network composition,network diary,DS001;DS003;DS004;DS014;DS015,DS018;DS019;DS020,Patient-level NHS datasets; linked national collections | Patient-level contacts; diagnoses; care events; children/adults; autism/LD services | GP diagnoses; symptoms; prescriptions; tests; referrals; demographics; HES; deaths | Gender identity responses; demographics; geography; quality diagnostics | Patient experience; demographics; gender identity/sex questions; geography/practice aggregates,MIXED_ACCESS;OPEN_AGGREGATE;RESTRICTED_COHORT;RESTRICTED_TRE,PHASE_1_OR_2,Baseline,High,Candidate source mapping only; verify field-level availability and construct validity before application.
SEL-008,"Selection, disclosure and reverse-causation falsifiers",Propensity to select peers with similar interests/experiences,network model,DS001;DS003;DS004;DS014;DS015,DS018;DS019;DS020,Patient-level NHS datasets; linked national collections | Patient-level contacts; diagnoses; care events; children/adults; autism/LD services | GP diagnoses; symptoms; prescriptions; tests; referrals; demographics; HES; deaths | Gender identity responses; demographics; geography; quality diagnostics | Patient experience; demographics; gender identity/sex questions; geography/practice aggregates,MIXED_ACCESS;OPEN_AGGREGATE;RESTRICTED_COHORT;RESTRICTED_TRE,PHASE_1_OR_2,Repeated,High,Candidate source mapping only; verify field-level availability and construct validity before application.
SEL-009,"Selection, disclosure and reverse-causation falsifiers",Baseline social-media use intensity,device/platform data,DS001;DS003;DS004;DS014;DS015,DS018;DS019;DS020,Patient-level NHS datasets; linked national collections | Patient-level contacts; diagnoses; care events; children/adults; autism/LD services | GP diagnoses; symptoms; prescriptions; tests; referrals; demographics; HES; deaths | Gender identity responses; demographics; geography; quality diagnostics | Patient experience; demographics; gender identity/sex questions; geography/practice aggregates,MIXED_ACCESS;OPEN_AGGREGATE;RESTRICTED_COHORT;RESTRICTED_TRE,PHASE_1_OR_2,Baseline,High,Candidate source mapping only; verify field-level availability and construct validity before application.
SEL-010,"Selection, disclosure and reverse-causation falsifiers",Baseline search propensity / information-seeking style,participant/device data,DS001;DS003;DS004;DS014;DS015,DS018;DS019;DS020,Patient-level NHS datasets; linked national collections | Patient-level contacts; diagnoses; care events; children/adults; autism/LD services | GP diagnoses; symptoms; prescriptions; tests; referrals; demographics; HES; deaths | Gender identity responses; demographics; geography; quality diagnostics | Patient experience; demographics; gender identity/sex questions; geography/practice aggregates,MIXED_ACCESS;OPEN_AGGREGATE;RESTRICTED_COHORT;RESTRICTED_TRE,PHASE_1_OR_2,Baseline,High,Candidate source mapping only; verify field-level availability and construct validity before application.
SEL-011,"Selection, disclosure and reverse-causation falsifiers",Search-initiated versus recommendation-initiated exposure fraction,platform export,DS001;DS003;DS004;DS014;DS015,DS018;DS019;DS020,Patient-level NHS datasets; linked national collections | Patient-level contacts; diagnoses; care events; children/adults; autism/LD services | GP diagnoses; symptoms; prescriptions; tests; referrals; demographics; HES; deaths | Gender identity responses; demographics; geography; quality diagnostics | Patient experience; demographics; gender identity/sex questions; geography/practice aggregates,MIXED_ACCESS;OPEN_AGGREGATE;RESTRICTED_COHORT;RESTRICTED_TRE,PHASE_1_OR_2,Repeated,High,Candidate source mapping only; verify field-level availability and construct validity before application.
SEL-012,"Selection, disclosure and reverse-causation falsifiers",Motivation for accessing gender-related content,participant contemporaneous diary,DS001;DS003;DS004;DS014;DS015,DS018;DS019;DS020,Patient-level NHS datasets; linked national collections | Patient-level contacts; diagnoses; care events; children/adults; autism/LD services | GP diagnoses; symptoms; prescriptions; tests; referrals; demographics; HES; deaths | Gender identity responses; demographics; geography; quality diagnostics | Patient experience; demographics; gender identity/sex questions; geography/practice aggregates,MIXED_ACCESS;OPEN_AGGREGATE;RESTRICTED_COHORT;RESTRICTED_TRE,PHASE_1_OR_2,Repeated,High,Candidate source mapping only; verify field-level availability and construct validity before application.
SEL-013,"Selection, disclosure and reverse-causation falsifiers",First disclosure of gender-related distress or incongruence,EHR / participant,DS001;DS003;DS004;DS014;DS015,DS018;DS019;DS020,Patient-level NHS datasets; linked national collections | Patient-level contacts; diagnoses; care events; children/adults; autism/LD services | GP diagnoses; symptoms; prescriptions; tests; referrals; demographics; HES; deaths | Gender identity responses; demographics; geography; quality diagnostics | Patient experience; demographics; gender identity/sex questions; geography/practice aggregates,MIXED_ACCESS;OPEN_AGGREGATE;RESTRICTED_COHORT;RESTRICTED_TRE,PHASE_1_OR_2,Historical/Prospective,High,Candidate source mapping only; verify field-level availability and construct validity before application.
SEL-014,"Selection, disclosure and reverse-causation falsifiers",Delay from first internal experience to first disclosure,participant/EHR,DS001;DS003;DS004;DS014;DS015,DS018;DS019;DS020,Patient-level NHS datasets; linked national collections | Patient-level contacts; diagnoses; care events; children/adults; autism/LD services | GP diagnoses; symptoms; prescriptions; tests; referrals; demographics; HES; deaths | Gender identity responses; demographics; geography; quality diagnostics | Patient experience; demographics; gender identity/sex questions; geography/practice aggregates,MIXED_ACCESS;OPEN_AGGREGATE;RESTRICTED_COHORT;RESTRICTED_TRE,PHASE_1_OR_2,Historical,High,Candidate source mapping only; verify field-level availability and construct validity before application.
SEL-015,"Selection, disclosure and reverse-causation falsifiers",First help-seeking contact,EHR,DS001;DS003;DS004;DS014;DS015,DS018;DS019;DS020,Patient-level NHS datasets; linked national collections | Patient-level contacts; diagnoses; care events; children/adults; autism/LD services | GP diagnoses; symptoms; prescriptions; tests; referrals; demographics; HES; deaths | Gender identity responses; demographics; geography; quality diagnostics | Patient experience; demographics; gender identity/sex questions; geography/practice aggregates,MIXED_ACCESS;OPEN_AGGREGATE;RESTRICTED_COHORT;RESTRICTED_TRE,PHASE_1_OR_2,Historical/Prospective,High,Candidate source mapping only; verify field-level availability and construct validity before application.
SEL-016,"Selection, disclosure and reverse-causation falsifiers",Referral threshold / eligibility rule in force,service record,DS001;DS003;DS004;DS014;DS015,DS018;DS019;DS020,Patient-level NHS datasets; linked national collections | Patient-level contacts; diagnoses; care events; children/adults; autism/LD services | GP diagnoses; symptoms; prescriptions; tests; referrals; demographics; HES; deaths | Gender identity responses; demographics; geography; quality diagnostics | Patient experience; demographics; gender identity/sex questions; geography/practice aggregates,MIXED_ACCESS;OPEN_AGGREGATE;RESTRICTED_COHORT;RESTRICTED_TRE,PHASE_1_OR_2,Time-varying,High,Candidate source mapping only; verify field-level availability and construct validity before application.
SEL-017,"Selection, disclosure and reverse-causation falsifiers",Service availability / waiting-list capacity,service data,DS001;DS003;DS004;DS014;DS015,DS018;DS019;DS020,Patient-level NHS datasets; linked national collections | Patient-level contacts; diagnoses; care events; children/adults; autism/LD services | GP diagnoses; symptoms; prescriptions; tests; referrals; demographics; HES; deaths | Gender identity responses; demographics; geography; quality diagnostics | Patient experience; demographics; gender identity/sex questions; geography/practice aggregates,MIXED_ACCESS;OPEN_AGGREGATE;RESTRICTED_COHORT;RESTRICTED_TRE,PHASE_1_OR_2,Time-varying,High,Candidate source mapping only; verify field-level availability and construct validity before application.
SEL-018,"Selection, disclosure and reverse-causation falsifiers",Referral source,EHR,DS001;DS003;DS004;DS014;DS015,DS018;DS019;DS020,Patient-level NHS datasets; linked national collections | Patient-level contacts; diagnoses; care events; children/adults; autism/LD services | GP diagnoses; symptoms; prescriptions; tests; referrals; demographics; HES; deaths | Gender identity responses; demographics; geography; quality diagnostics | Patient experience; demographics; gender identity/sex questions; geography/practice aggregates,MIXED_ACCESS;OPEN_AGGREGATE;RESTRICTED_COHORT;RESTRICTED_TRE,PHASE_1_OR_2,Index,High,Candidate source mapping only; verify field-level availability and construct validity before application.
SEL-019,"Selection, disclosure and reverse-causation falsifiers",Clinic catchment denominator,administrative data,DS001;DS003;DS004;DS014;DS015,DS018;DS019;DS020,Patient-level NHS datasets; linked national collections | Patient-level contacts; diagnoses; care events; children/adults; autism/LD services | GP diagnoses; symptoms; prescriptions; tests; referrals; demographics; HES; deaths | Gender identity responses; demographics; geography; quality diagnostics | Patient experience; demographics; gender identity/sex questions; geography/practice aggregates,MIXED_ACCESS;OPEN_AGGREGATE;RESTRICTED_COHORT;RESTRICTED_TRE,PHASE_1_OR_2,Time-varying,High,Candidate source mapping only; verify field-level availability and construct validity before application.
SEL-020,"Selection, disclosure and reverse-causation falsifiers",Probability of inclusion in specialist-clinic cohort,linked administrative data,DS001;DS003;DS004;DS014;DS015,DS018;DS019;DS020,Patient-level NHS datasets; linked national collections | Patient-level contacts; diagnoses; care events; children/adults; autism/LD services | GP diagnoses; symptoms; prescriptions; tests; referrals; demographics; HES; deaths | Gender identity responses; demographics; geography; quality diagnostics | Patient experience; demographics; gender identity/sex questions; geography/practice aggregates,MIXED_ACCESS;OPEN_AGGREGATE;RESTRICTED_COHORT;RESTRICTED_TRE,PHASE_1_OR_2,Index,High,Candidate source mapping only; verify field-level availability and construct validity before application.
SEL-021,"Selection, disclosure and reverse-causation falsifiers",Probability of consenting to digital-trace sub-study,study recruitment data,DS001;DS003;DS004;DS014;DS015,DS018;DS019;DS020,Patient-level NHS datasets; linked national collections | Patient-level contacts; diagnoses; care events; children/adults; autism/LD services | GP diagnoses; symptoms; prescriptions; tests; referrals; demographics; HES; deaths | Gender identity responses; demographics; geography; quality diagnostics | Patient experience; demographics; gender identity/sex questions; geography/practice aggregates,MIXED_ACCESS;OPEN_AGGREGATE;RESTRICTED_COHORT;RESTRICTED_TRE,PHASE_1_OR_2,Baseline,High,Candidate source mapping only; verify field-level availability and construct validity before application.
SEL-022,"Selection, disclosure and reverse-causation falsifiers",Probability of remaining under follow-up,study data,DS001;DS003;DS004;DS014;DS015,DS018;DS019;DS020,Patient-level NHS datasets; linked national collections | Patient-level contacts; diagnoses; care events; children/adults; autism/LD services | GP diagnoses; symptoms; prescriptions; tests; referrals; demographics; HES; deaths | Gender identity responses; demographics; geography; quality diagnostics | Patient experience; demographics; gender identity/sex questions; geography/practice aggregates,MIXED_ACCESS;OPEN_AGGREGATE;RESTRICTED_COHORT;RESTRICTED_TRE,PHASE_1_OR_2,Repeated,High,Candidate source mapping only; verify field-level availability and construct validity before application.
SEL-023,"Selection, disclosure and reverse-causation falsifiers",Reason for loss to follow-up,study/EHR,DS001;DS003;DS004;DS014;DS015,DS018;DS019;DS020,Patient-level NHS datasets; linked national collections | Patient-level contacts; diagnoses; care events; children/adults; autism/LD services | GP diagnoses; symptoms; prescriptions; tests; referrals; demographics; HES; deaths | Gender identity responses; demographics; geography; quality diagnostics | Patient experience; demographics; gender identity/sex questions; geography/practice aggregates,MIXED_ACCESS;OPEN_AGGREGATE;RESTRICTED_COHORT;RESTRICTED_TRE,PHASE_1_OR_2,Repeated,High,Candidate source mapping only; verify field-level availability and construct validity before application.
SEL-024,"Selection, disclosure and reverse-causation falsifiers",Retrospective recall discrepancy for onset/exposure dates,participant records,DS001;DS003;DS004;DS014;DS015,DS018;DS019;DS020,Patient-level NHS datasets; linked national collections | Patient-level contacts; diagnoses; care events; children/adults; autism/LD services | GP diagnoses; symptoms; prescriptions; tests; referrals; demographics; HES; deaths | Gender identity responses; demographics; geography; quality diagnostics | Patient experience; demographics; gender identity/sex questions; geography/practice aggregates,MIXED_ACCESS;OPEN_AGGREGATE;RESTRICTED_COHORT;RESTRICTED_TRE,PHASE_1_OR_2,Historical,High,Candidate source mapping only; verify field-level availability and construct validity before application.
SEL-025,"Selection, disclosure and reverse-causation falsifiers",Calendar-time diagnostic terminology/coding availability,coding system,DS001;DS003;DS004;DS014;DS015,DS018;DS019;DS020,Patient-level NHS datasets; linked national collections | Patient-level contacts; diagnoses; care events; children/adults; autism/LD services | GP diagnoses; symptoms; prescriptions; tests; referrals; demographics; HES; deaths | Gender identity responses; demographics; geography; quality diagnostics | Patient experience; demographics; gender identity/sex questions; geography/practice aggregates,MIXED_ACCESS;OPEN_AGGREGATE;RESTRICTED_COHORT;RESTRICTED_TRE,PHASE_1_OR_2,Time-varying,High,Candidate source mapping only; verify field-level availability and construct validity before application.
SEL-026,"Selection, disclosure and reverse-causation falsifiers",Clinician documentation propensity,EHR audit,DS001;DS003;DS004;DS014;DS015,DS018;DS019;DS020,Patient-level NHS datasets; linked national collections | Patient-level contacts; diagnoses; care events; children/adults; autism/LD services | GP diagnoses; symptoms; prescriptions; tests; referrals; demographics; HES; deaths | Gender identity responses; demographics; geography; quality diagnostics | Patient experience; demographics; gender identity/sex questions; geography/practice aggregates,MIXED_ACCESS;OPEN_AGGREGATE;RESTRICTED_COHORT;RESTRICTED_TRE,PHASE_1_OR_2,Time-varying,High,Candidate source mapping only; verify field-level availability and construct validity before application.
SEL-027,"Selection, disclosure and reverse-causation falsifiers",School/family awareness before formal disclosure,participant/family with separate authority,DS001;DS003;DS004;DS014;DS015,DS018;DS019;DS020,Patient-level NHS datasets; linked national collections | Patient-level contacts; diagnoses; care events; children/adults; autism/LD services | GP diagnoses; symptoms; prescriptions; tests; referrals; demographics; HES; deaths | Gender identity responses; demographics; geography; quality diagnostics | Patient experience; demographics; gender identity/sex questions; geography/practice aggregates,MIXED_ACCESS;OPEN_AGGREGATE;RESTRICTED_COHORT;RESTRICTED_TRE,PHASE_1_OR_2,Historical,High,Candidate source mapping only; verify field-level availability and construct validity before application.
SEL-028,"Selection, disclosure and reverse-causation falsifiers",Pre-existing psychiatric symptom onset relative to exposure,EHR / validated assessment,DS001;DS003;DS004;DS014;DS015,DS018;DS019;DS020,Patient-level NHS datasets; linked national collections | Patient-level contacts; diagnoses; care events; children/adults; autism/LD services | GP diagnoses; symptoms; prescriptions; tests; referrals; demographics; HES; deaths | Gender identity responses; demographics; geography; quality diagnostics | Patient experience; demographics; gender identity/sex questions; geography/practice aggregates,MIXED_ACCESS;OPEN_AGGREGATE;RESTRICTED_COHORT;RESTRICTED_TRE,PHASE_1_OR_2,Pre-exposure,High,Candidate source mapping only; verify field-level availability and construct validity before application.
SEL-029,"Selection, disclosure and reverse-causation falsifiers",Pre-existing body-image/puberty distress onset relative to exposure,clinical/participant,DS001;DS003;DS004;DS014;DS015,DS018;DS019;DS020,Patient-level NHS datasets; linked national collections | Patient-level contacts; diagnoses; care events; children/adults; autism/LD services | GP diagnoses; symptoms; prescriptions; tests; referrals; demographics; HES; deaths | Gender identity responses; demographics; geography; quality diagnostics | Patient experience; demographics; gender identity/sex questions; geography/practice aggregates,MIXED_ACCESS;OPEN_AGGREGATE;RESTRICTED_COHORT;RESTRICTED_TRE,PHASE_1_OR_2,Pre-exposure,High,Candidate source mapping only; verify field-level availability and construct validity before application.
SEL-030,"Selection, disclosure and reverse-causation falsifiers",Pre-existing trauma-related symptom onset relative to exposure,clinical/participant,DS001;DS003;DS004;DS014;DS015,DS018;DS019;DS020,Patient-level NHS datasets; linked national collections | Patient-level contacts; diagnoses; care events; children/adults; autism/LD services | GP diagnoses; symptoms; prescriptions; tests; referrals; demographics; HES; deaths | Gender identity responses; demographics; geography; quality diagnostics | Patient experience; demographics; gender identity/sex questions; geography/practice aggregates,MIXED_ACCESS;OPEN_AGGREGATE;RESTRICTED_COHORT;RESTRICTED_TRE,PHASE_1_OR_2,Pre-exposure,High,Candidate source mapping only; verify field-level availability and construct validity before application.
SEL-031,"Selection, disclosure and reverse-causation falsifiers",Relocation / school change / peer-network disruption,participant/EHR,DS001;DS003;DS004;DS014;DS015,DS018;DS019;DS020,Patient-level NHS datasets; linked national collections | Patient-level contacts; diagnoses; care events; children/adults; autism/LD services | GP diagnoses; symptoms; prescriptions; tests; referrals; demographics; HES; deaths | Gender identity responses; demographics; geography; quality diagnostics | Patient experience; demographics; gender identity/sex questions; geography/practice aggregates,MIXED_ACCESS;OPEN_AGGREGATE;RESTRICTED_COHORT;RESTRICTED_TRE,PHASE_1_OR_2,Repeated,High,Candidate source mapping only; verify field-level availability and construct validity before application.
SEL-032,"Selection, disclosure and reverse-causation falsifiers",Policy/media shock exposure date relative to individual trajectory,public corpus + participant,DS001;DS003;DS004;DS014;DS015,DS018;DS019;DS020,Patient-level NHS datasets; linked national collections | Patient-level contacts; diagnoses; care events; children/adults; autism/LD services | GP diagnoses; symptoms; prescriptions; tests; referrals; demographics; HES; deaths | Gender identity responses; demographics; geography; quality diagnostics | Patient experience; demographics; gender identity/sex questions; geography/practice aggregates,MIXED_ACCESS;OPEN_AGGREGATE;RESTRICTED_COHORT;RESTRICTED_TRE,PHASE_1_OR_2,Repeated,High,Candidate source mapping only; verify field-level availability and construct validity before application.
SEL-033,"Selection, disclosure and reverse-causation falsifiers",Negative-control content exposure,platform data,DS001;DS003;DS004;DS014;DS015,DS018;DS019;DS020,Patient-level NHS datasets; linked national collections | Patient-level contacts; diagnoses; care events; children/adults; autism/LD services | GP diagnoses; symptoms; prescriptions; tests; referrals; demographics; HES; deaths | Gender identity responses; demographics; geography; quality diagnostics | Patient experience; demographics; gender identity/sex questions; geography/practice aggregates,MIXED_ACCESS;OPEN_AGGREGATE;RESTRICTED_COHORT;RESTRICTED_TRE,PHASE_1_OR_2,Repeated,High,Candidate source mapping only; verify field-level availability and construct validity before application.
SEL-034,"Selection, disclosure and reverse-causation falsifiers",Negative-control outcome unrelated to hypothesised mechanism,EHR/study,DS001;DS003;DS004;DS014;DS015,DS018;DS019;DS020,Patient-level NHS datasets; linked national collections | Patient-level contacts; diagnoses; care events; children/adults; autism/LD services | GP diagnoses; symptoms; prescriptions; tests; referrals; demographics; HES; deaths | Gender identity responses; demographics; geography; quality diagnostics | Patient experience; demographics; gender identity/sex questions; geography/practice aggregates,MIXED_ACCESS;OPEN_AGGREGATE;RESTRICTED_COHORT;RESTRICTED_TRE,PHASE_1_OR_2,Follow-up,High,Candidate source mapping only; verify field-level availability and construct validity before application.
SEL-035,"Selection, disclosure and reverse-causation falsifiers",Pre-exposure preference for particular clinical interpretation or treatment,participant,DS001;DS003;DS004;DS014;DS015,DS018;DS019;DS020,Patient-level NHS datasets; linked national collections | Patient-level contacts; diagnoses; care events; children/adults; autism/LD services | GP diagnoses; symptoms; prescriptions; tests; referrals; demographics; HES; deaths | Gender identity responses; demographics; geography; quality diagnostics | Patient experience; demographics; gender identity/sex questions; geography/practice aggregates,MIXED_ACCESS;OPEN_AGGREGATE;RESTRICTED_COHORT;RESTRICTED_TRE,PHASE_1_OR_2,Baseline,High,Candidate source mapping only; verify field-level availability and construct validity before application.
SEL-036,"Selection, disclosure and reverse-causation falsifiers",Time-varying probability of algorithmic recommendation conditional on prior searches,platform data,DS001;DS003;DS004;DS014;DS015,DS018;DS019;DS020,Patient-level NHS datasets; linked national collections | Patient-level contacts; diagnoses; care events; children/adults; autism/LD services | GP diagnoses; symptoms; prescriptions; tests; referrals; demographics; HES; deaths | Gender identity responses; demographics; geography; quality diagnostics | Patient experience; demographics; gender identity/sex questions; geography/practice aggregates,MIXED_ACCESS;OPEN_AGGREGATE;RESTRICTED_COHORT;RESTRICTED_TRE,PHASE_1_OR_2,Repeated,High,Candidate source mapping only; verify field-level availability and construct validity before application.
