variable_id,source_domain,name,primary_research_domain,secondary_research_domains,default_method_families,timing,preferred_source,measurement_requirements,inference_boundary
BIO-001,Biological/physical,Age at index presentation,GENOMIC_BIOLOGICAL,CLINICAL_DEVELOPMENTAL,SURVIVAL_EVENT_HISTORY;MULTILEVEL_HIERARCHICAL_MODEL;MEASUREMENT_ERROR_MODEL,Baseline,EHR / participant,PROVENANCE_VERIFIED;TIMING_RELATIVE_TO_TIME_ZERO,Not evidence of causation by itself
BIO-002,Biological/physical,Sex recorded at birth,GENOMIC_BIOLOGICAL,CLINICAL_DEVELOPMENTAL,SURVIVAL_EVENT_HISTORY;MULTILEVEL_HIERARCHICAL_MODEL;MEASUREMENT_ERROR_MODEL,Baseline,birth/EHR record,PROVENANCE_VERIFIED;TIMING_RELATIVE_TO_TIME_ZERO,Not evidence of causation by itself
BIO-003,Biological/physical,Pubertal stage,GENOMIC_BIOLOGICAL,CLINICAL_DEVELOPMENTAL,SURVIVAL_EVENT_HISTORY;MULTILEVEL_HIERARCHICAL_MODEL;MEASUREMENT_ERROR_MODEL,Repeated,paediatric/endocrine record,PROVENANCE_VERIFIED;TIMING_RELATIVE_TO_TIME_ZERO;LONGITUDINAL_MEASUREMENT_CONSISTENCY,Not evidence of causation by itself
BIO-004,Biological/physical,Age at puberty onset,GENOMIC_BIOLOGICAL,CLINICAL_DEVELOPMENTAL,SURVIVAL_EVENT_HISTORY;MULTILEVEL_HIERARCHICAL_MODEL;MEASUREMENT_ERROR_MODEL,Historical,clinical/participant,PROVENANCE_VERIFIED;TIMING_RELATIVE_TO_TIME_ZERO,Not evidence of causation by itself
BIO-005,Biological/physical,Age at menarche where applicable,GENOMIC_BIOLOGICAL,CLINICAL_DEVELOPMENTAL,SURVIVAL_EVENT_HISTORY;MULTILEVEL_HIERARCHICAL_MODEL;MEASUREMENT_ERROR_MODEL,Historical,clinical/participant,PROVENANCE_VERIFIED;TIMING_RELATIVE_TO_TIME_ZERO,Not evidence of causation by itself
BIO-006,Biological/physical,Secondary sex-characteristic development timing,GENOMIC_BIOLOGICAL,CLINICAL_DEVELOPMENTAL,SURVIVAL_EVENT_HISTORY;MULTILEVEL_HIERARCHICAL_MODEL;MEASUREMENT_ERROR_MODEL,Historical,clinical/participant,PROVENANCE_VERIFIED;TIMING_RELATIVE_TO_TIME_ZERO,Not evidence of causation by itself
BIO-007,Biological/physical,Differences of sex development diagnosis,GENOMIC_BIOLOGICAL,CLINICAL_DEVELOPMENTAL,SURVIVAL_EVENT_HISTORY;MULTILEVEL_HIERARCHICAL_MODEL;MEASUREMENT_ERROR_MODEL,Baseline,specialist record,PROVENANCE_VERIFIED;TIMING_RELATIVE_TO_TIME_ZERO,Not evidence of causation by itself
BIO-008,Biological/physical,Endocrine disorder history,GENOMIC_BIOLOGICAL,CLINICAL_DEVELOPMENTAL,SURVIVAL_EVENT_HISTORY;MULTILEVEL_HIERARCHICAL_MODEL;MEASUREMENT_ERROR_MODEL,Baseline,EHR,PROVENANCE_VERIFIED;TIMING_RELATIVE_TO_TIME_ZERO,Not evidence of causation by itself
BIO-009,Biological/physical,Thyroid function trajectory,GENOMIC_BIOLOGICAL,CLINICAL_DEVELOPMENTAL,SURVIVAL_EVENT_HISTORY;MULTILEVEL_HIERARCHICAL_MODEL;MEASUREMENT_ERROR_MODEL,Repeated,laboratory,PROVENANCE_VERIFIED;TIMING_RELATIVE_TO_TIME_ZERO;LONGITUDINAL_MEASUREMENT_CONSISTENCY,Not evidence of causation by itself
BIO-010,Biological/physical,Sex-steroid laboratory values where clinically obtained,GENOMIC_BIOLOGICAL,CLINICAL_DEVELOPMENTAL,SURVIVAL_EVENT_HISTORY;MULTILEVEL_HIERARCHICAL_MODEL;MEASUREMENT_ERROR_MODEL,Repeated,laboratory,PROVENANCE_VERIFIED;TIMING_RELATIVE_TO_TIME_ZERO;LONGITUDINAL_MEASUREMENT_CONSISTENCY,Not evidence of causation by itself
BIO-011,Biological/physical,BMI/weight trajectory,GENOMIC_BIOLOGICAL,CLINICAL_DEVELOPMENTAL,SURVIVAL_EVENT_HISTORY;MULTILEVEL_HIERARCHICAL_MODEL;MEASUREMENT_ERROR_MODEL,Repeated,EHR,PROVENANCE_VERIFIED;TIMING_RELATIVE_TO_TIME_ZERO;LONGITUDINAL_MEASUREMENT_CONSISTENCY,Not evidence of causation by itself
BIO-012,Biological/physical,Chronic physical illness burden,GENOMIC_BIOLOGICAL,CLINICAL_DEVELOPMENTAL,SURVIVAL_EVENT_HISTORY;MULTILEVEL_HIERARCHICAL_MODEL;MEASUREMENT_ERROR_MODEL,Repeated,EHR,PROVENANCE_VERIFIED;TIMING_RELATIVE_TO_TIME_ZERO;LONGITUDINAL_MEASUREMENT_CONSISTENCY,Not evidence of causation by itself
BIO-013,Biological/physical,Disability/functional limitation,GENOMIC_BIOLOGICAL,CLINICAL_DEVELOPMENTAL,SURVIVAL_EVENT_HISTORY;MULTILEVEL_HIERARCHICAL_MODEL;MEASUREMENT_ERROR_MODEL,Repeated,EHR/PRO,PROVENANCE_VERIFIED;TIMING_RELATIVE_TO_TIME_ZERO;LONGITUDINAL_MEASUREMENT_CONSISTENCY,Not evidence of causation by itself
BIO-014,Biological/physical,Pain burden,GENOMIC_BIOLOGICAL,CLINICAL_DEVELOPMENTAL,SURVIVAL_EVENT_HISTORY;MULTILEVEL_HIERARCHICAL_MODEL;MEASUREMENT_ERROR_MODEL,Repeated,EHR/PRO,PROVENANCE_VERIFIED;TIMING_RELATIVE_TO_TIME_ZERO;VALIDATED_MEASUREMENT_OR_MEASUREMENT_MODEL;LONGITUDINAL_MEASUREMENT_CONSISTENCY,Not evidence of causation by itself
BIO-015,Biological/physical,Sleep duration/quality,GENOMIC_BIOLOGICAL,CLINICAL_DEVELOPMENTAL,SURVIVAL_EVENT_HISTORY;MULTILEVEL_HIERARCHICAL_MODEL;MEASUREMENT_ERROR_MODEL,Repeated,device/PRO,PROVENANCE_VERIFIED;TIMING_RELATIVE_TO_TIME_ZERO;VALIDATED_MEASUREMENT_OR_MEASUREMENT_MODEL;LONGITUDINAL_MEASUREMENT_CONSISTENCY,Not evidence of causation by itself
BIO-016,Biological/physical,Physical activity,GENOMIC_BIOLOGICAL,CLINICAL_DEVELOPMENTAL,SURVIVAL_EVENT_HISTORY;MULTILEVEL_HIERARCHICAL_MODEL;MEASUREMENT_ERROR_MODEL,Repeated,device/PRO,PROVENANCE_VERIFIED;TIMING_RELATIVE_TO_TIME_ZERO;LONGITUDINAL_MEASUREMENT_CONSISTENCY,Not evidence of causation by itself
BIO-017,Biological/physical,Substance use exposure,GENOMIC_BIOLOGICAL,CLINICAL_DEVELOPMENTAL,SURVIVAL_EVENT_HISTORY;MULTILEVEL_HIERARCHICAL_MODEL;MEASUREMENT_ERROR_MODEL,Repeated,EHR/PRO,PROVENANCE_VERIFIED;TIMING_RELATIVE_TO_TIME_ZERO;LONGITUDINAL_MEASUREMENT_CONSISTENCY,Not evidence of causation by itself
BIO-018,Biological/physical,Medication affecting endocrine/psychiatric state,GENOMIC_BIOLOGICAL,CLINICAL_DEVELOPMENTAL,SURVIVAL_EVENT_HISTORY;MULTILEVEL_HIERARCHICAL_MODEL;MEASUREMENT_ERROR_MODEL,Repeated,EHR,PROVENANCE_VERIFIED;TIMING_RELATIVE_TO_TIME_ZERO;LONGITUDINAL_MEASUREMENT_CONSISTENCY,Not evidence of causation by itself
GEN-001,Genomic/family biology,Genomic ancestry principal components,GENOMIC_BIOLOGICAL,FAMILY_INTERPERSONAL,MULTILEVEL_HIERARCHICAL_MODEL;TRANSPORTABILITY_GENERALISABILITY;LABEL_NOISE_MISCLASSIFICATION,Baseline,genomic pipeline,PROVENANCE_VERIFIED;TIMING_RELATIVE_TO_TIME_ZERO;SENSITIVE_DATA_GOVERNANCE,Not evidence of causation by itself
GEN-002,Genomic/family biology,Genome build and sequencing method,GENOMIC_BIOLOGICAL,FAMILY_INTERPERSONAL,MULTILEVEL_HIERARCHICAL_MODEL;TRANSPORTABILITY_GENERALISABILITY;LABEL_NOISE_MISCLASSIFICATION,Baseline,laboratory,PROVENANCE_VERIFIED;TIMING_RELATIVE_TO_TIME_ZERO;SENSITIVE_DATA_GOVERNANCE,Not evidence of causation by itself
GEN-003,Genomic/family biology,Sequence quality metrics,GENOMIC_BIOLOGICAL,FAMILY_INTERPERSONAL,MULTILEVEL_HIERARCHICAL_MODEL;TRANSPORTABILITY_GENERALISABILITY;LABEL_NOISE_MISCLASSIFICATION,Baseline,laboratory,PROVENANCE_VERIFIED;TIMING_RELATIVE_TO_TIME_ZERO;SENSITIVE_DATA_GOVERNANCE,Not evidence of causation by itself
GEN-004,Genomic/family biology,Established pathogenic variants relevant to independent diagnoses,GENOMIC_BIOLOGICAL,FAMILY_INTERPERSONAL,MULTILEVEL_HIERARCHICAL_MODEL;TRANSPORTABILITY_GENERALISABILITY;LABEL_NOISE_MISCLASSIFICATION,Baseline,clinical genomics,PROVENANCE_VERIFIED;TIMING_RELATIVE_TO_TIME_ZERO;SENSITIVE_DATA_GOVERNANCE,Not evidence of causation by itself
GEN-005,Genomic/family biology,Neurodevelopmental genetic diagnosis,GENOMIC_BIOLOGICAL,FAMILY_INTERPERSONAL,MULTILEVEL_HIERARCHICAL_MODEL;TRANSPORTABILITY_GENERALISABILITY;LABEL_NOISE_MISCLASSIFICATION,Baseline,clinical genomics,PROVENANCE_VERIFIED;TIMING_RELATIVE_TO_TIME_ZERO;SENSITIVE_DATA_GOVERNANCE,Not evidence of causation by itself
GEN-006,Genomic/family biology,Family psychiatric history,GENOMIC_BIOLOGICAL,FAMILY_INTERPERSONAL,MULTILEVEL_HIERARCHICAL_MODEL;TRANSPORTABILITY_GENERALISABILITY;LABEL_NOISE_MISCLASSIFICATION,Baseline,participant/EHR,PROVENANCE_VERIFIED;TIMING_RELATIVE_TO_TIME_ZERO;SENSITIVE_DATA_GOVERNANCE,Not evidence of causation by itself
GEN-007,Genomic/family biology,Family neurodevelopmental history,GENOMIC_BIOLOGICAL,FAMILY_INTERPERSONAL,MULTILEVEL_HIERARCHICAL_MODEL;TRANSPORTABILITY_GENERALISABILITY;LABEL_NOISE_MISCLASSIFICATION,Baseline,participant/EHR,PROVENANCE_VERIFIED;TIMING_RELATIVE_TO_TIME_ZERO;SENSITIVE_DATA_GOVERNANCE,Not evidence of causation by itself
GEN-008,Genomic/family biology,Family gender-diversity history,GENOMIC_BIOLOGICAL,FAMILY_INTERPERSONAL,MULTILEVEL_HIERARCHICAL_MODEL;TRANSPORTABILITY_GENERALISABILITY;LABEL_NOISE_MISCLASSIFICATION,Baseline,participant,PROVENANCE_VERIFIED;TIMING_RELATIVE_TO_TIME_ZERO;SENSITIVE_DATA_GOVERNANCE,Not evidence of causation by itself
GEN-009,Genomic/family biology,Twin/sibling relationship structure,GENOMIC_BIOLOGICAL,FAMILY_INTERPERSONAL,MULTILEVEL_HIERARCHICAL_MODEL;TRANSPORTABILITY_GENERALISABILITY;LABEL_NOISE_MISCLASSIFICATION,Baseline,participant/genomics,PROVENANCE_VERIFIED;TIMING_RELATIVE_TO_TIME_ZERO;SENSITIVE_DATA_GOVERNANCE,Not evidence of causation by itself
GEN-010,Genomic/family biology,Parent-child inheritance status of clinically relevant variants,GENOMIC_BIOLOGICAL,FAMILY_INTERPERSONAL,MULTILEVEL_HIERARCHICAL_MODEL;TRANSPORTABILITY_GENERALISABILITY;LABEL_NOISE_MISCLASSIFICATION,Baseline,clinical genomics,PROVENANCE_VERIFIED;TIMING_RELATIVE_TO_TIME_ZERO;SENSITIVE_DATA_GOVERNANCE,Not evidence of causation by itself
GEN-011,Genomic/family biology,Polygenic score research metadata,GENOMIC_BIOLOGICAL,FAMILY_INTERPERSONAL,MULTILEVEL_HIERARCHICAL_MODEL;TRANSPORTABILITY_GENERALISABILITY;LABEL_NOISE_MISCLASSIFICATION,Baseline,research genomics,PROVENANCE_VERIFIED;TIMING_RELATIVE_TO_TIME_ZERO;VALIDATED_MEASUREMENT_OR_MEASUREMENT_MODEL;SENSITIVE_DATA_GOVERNANCE,Not evidence of causation by itself
GEN-012,Genomic/family biology,Gene-environment interaction candidate,GENOMIC_BIOLOGICAL,FAMILY_INTERPERSONAL,MULTILEVEL_HIERARCHICAL_MODEL;TRANSPORTABILITY_GENERALISABILITY;LABEL_NOISE_MISCLASSIFICATION,Analysis,derived,PROVENANCE_VERIFIED;TIMING_RELATIVE_TO_TIME_ZERO;SENSITIVE_DATA_GOVERNANCE,Not evidence of causation by itself
DEV-001,Developmental,Early temperament,CLINICAL_DEVELOPMENTAL,,SEQUENCE_ANALYSIS;SURVIVAL_EVENT_HISTORY;GROWTH_MIXTURE_MODEL,Historical,parent/participant,PROVENANCE_VERIFIED;TIMING_RELATIVE_TO_TIME_ZERO,Not evidence of causation by itself
DEV-002,Developmental,Language developmental milestones,CLINICAL_DEVELOPMENTAL,,SEQUENCE_ANALYSIS;SURVIVAL_EVENT_HISTORY;GROWTH_MIXTURE_MODEL,Historical,paediatric record,PROVENANCE_VERIFIED;TIMING_RELATIVE_TO_TIME_ZERO,Not evidence of causation by itself
DEV-003,Developmental,Social developmental milestones,CLINICAL_DEVELOPMENTAL,,SEQUENCE_ANALYSIS;SURVIVAL_EVENT_HISTORY;GROWTH_MIXTURE_MODEL,Historical,paediatric record,PROVENANCE_VERIFIED;TIMING_RELATIVE_TO_TIME_ZERO,Not evidence of causation by itself
DEV-004,Developmental,Early gender-related behaviours,CLINICAL_DEVELOPMENTAL,,SEQUENCE_ANALYSIS;SURVIVAL_EVENT_HISTORY;GROWTH_MIXTURE_MODEL,Historical,participant/parent,PROVENANCE_VERIFIED;TIMING_RELATIVE_TO_TIME_ZERO,Not evidence of causation by itself
DEV-005,Developmental,Age at first gender-related distress,CLINICAL_DEVELOPMENTAL,,SEQUENCE_ANALYSIS;SURVIVAL_EVENT_HISTORY;GROWTH_MIXTURE_MODEL,Historical,participant/EHR,PROVENANCE_VERIFIED;TIMING_RELATIVE_TO_TIME_ZERO,Not evidence of causation by itself
DEV-006,Developmental,Age at first body-related distress,CLINICAL_DEVELOPMENTAL,,SEQUENCE_ANALYSIS;SURVIVAL_EVENT_HISTORY;GROWTH_MIXTURE_MODEL,Historical,participant/EHR,PROVENANCE_VERIFIED;TIMING_RELATIVE_TO_TIME_ZERO,Not evidence of causation by itself
DEV-007,Developmental,Age at first gender-related identity label,CLINICAL_DEVELOPMENTAL,,SEQUENCE_ANALYSIS;SURVIVAL_EVENT_HISTORY;GROWTH_MIXTURE_MODEL,Historical,participant/digital,PROVENANCE_VERIFIED;TIMING_RELATIVE_TO_TIME_ZERO,Not evidence of causation by itself
DEV-008,Developmental,Age at first disclosure,CLINICAL_DEVELOPMENTAL,,SEQUENCE_ANALYSIS;SURVIVAL_EVENT_HISTORY;GROWTH_MIXTURE_MODEL,Historical,participant/EHR,PROVENANCE_VERIFIED;TIMING_RELATIVE_TO_TIME_ZERO,Not evidence of causation by itself
DEV-009,Developmental,Puberty-to-distress interval,CLINICAL_DEVELOPMENTAL,,SEQUENCE_ANALYSIS;SURVIVAL_EVENT_HISTORY;GROWTH_MIXTURE_MODEL,Analysis,derived,PROVENANCE_VERIFIED;TIMING_RELATIVE_TO_TIME_ZERO,Not evidence of causation by itself
DEV-010,Developmental,School transition timing,CLINICAL_DEVELOPMENTAL,,SEQUENCE_ANALYSIS;SURVIVAL_EVENT_HISTORY;GROWTH_MIXTURE_MODEL,Repeated,education record,PROVENANCE_VERIFIED;TIMING_RELATIVE_TO_TIME_ZERO;LONGITUDINAL_MEASUREMENT_CONSISTENCY,Not evidence of causation by itself
DEV-011,Developmental,Family transition timing,CLINICAL_DEVELOPMENTAL,,SEQUENCE_ANALYSIS;SURVIVAL_EVENT_HISTORY;GROWTH_MIXTURE_MODEL,Repeated,participant,PROVENANCE_VERIFIED;TIMING_RELATIVE_TO_TIME_ZERO;LONGITUDINAL_MEASUREMENT_CONSISTENCY,Not evidence of causation by itself
DEV-012,Developmental,Major bereavement timing,CLINICAL_DEVELOPMENTAL,,SEQUENCE_ANALYSIS;SURVIVAL_EVENT_HISTORY;GROWTH_MIXTURE_MODEL,Repeated,participant/EHR,PROVENANCE_VERIFIED;TIMING_RELATIVE_TO_TIME_ZERO;LONGITUDINAL_MEASUREMENT_CONSISTENCY,Not evidence of causation by itself
DEV-013,Developmental,Identity exploration breadth,CLINICAL_DEVELOPMENTAL,,SEQUENCE_ANALYSIS;SURVIVAL_EVENT_HISTORY;GROWTH_MIXTURE_MODEL,Repeated,PRO/digital,PROVENANCE_VERIFIED;TIMING_RELATIVE_TO_TIME_ZERO;VALIDATED_MEASUREMENT_OR_MEASUREMENT_MODEL;LONGITUDINAL_MEASUREMENT_CONSISTENCY,Not evidence of causation by itself
DEV-014,Developmental,Self-concept clarity,CLINICAL_DEVELOPMENTAL,,SEQUENCE_ANALYSIS;SURVIVAL_EVENT_HISTORY;GROWTH_MIXTURE_MODEL,Repeated,PRO,PROVENANCE_VERIFIED;TIMING_RELATIVE_TO_TIME_ZERO;VALIDATED_MEASUREMENT_OR_MEASUREMENT_MODEL;LONGITUDINAL_MEASUREMENT_CONSISTENCY,Not evidence of causation by itself
ND-001,Neurodevelopmental,Autism diagnosis,CLINICAL_DEVELOPMENTAL,PSYCHIATRIC_PSYCHOLOGICAL,MEASUREMENT_INVARIANCE;DIFFERENTIAL_ITEM_FUNCTIONING;CAUSAL_FOREST_HTE,Baseline,EHR,PROVENANCE_VERIFIED;TIMING_RELATIVE_TO_TIME_ZERO,Not evidence of causation by itself
ND-002,Neurodevelopmental,Autism assessment instrument and score,CLINICAL_DEVELOPMENTAL,PSYCHIATRIC_PSYCHOLOGICAL,MEASUREMENT_INVARIANCE;DIFFERENTIAL_ITEM_FUNCTIONING;CAUSAL_FOREST_HTE,Baseline,EHR,PROVENANCE_VERIFIED;TIMING_RELATIVE_TO_TIME_ZERO;VALIDATED_MEASUREMENT_OR_MEASUREMENT_MODEL,Not evidence of causation by itself
ND-003,Neurodevelopmental,ADHD diagnosis,CLINICAL_DEVELOPMENTAL,PSYCHIATRIC_PSYCHOLOGICAL,MEASUREMENT_INVARIANCE;DIFFERENTIAL_ITEM_FUNCTIONING;CAUSAL_FOREST_HTE,Baseline,EHR,PROVENANCE_VERIFIED;TIMING_RELATIVE_TO_TIME_ZERO,Not evidence of causation by itself
ND-004,Neurodevelopmental,ADHD symptom severity,CLINICAL_DEVELOPMENTAL,PSYCHIATRIC_PSYCHOLOGICAL,MEASUREMENT_INVARIANCE;DIFFERENTIAL_ITEM_FUNCTIONING;CAUSAL_FOREST_HTE,Repeated,EHR/PRO,PROVENANCE_VERIFIED;TIMING_RELATIVE_TO_TIME_ZERO;VALIDATED_MEASUREMENT_OR_MEASUREMENT_MODEL;LONGITUDINAL_MEASUREMENT_CONSISTENCY,Not evidence of causation by itself
ND-005,Neurodevelopmental,Learning disability,CLINICAL_DEVELOPMENTAL,PSYCHIATRIC_PSYCHOLOGICAL,MEASUREMENT_INVARIANCE;DIFFERENTIAL_ITEM_FUNCTIONING;CAUSAL_FOREST_HTE,Baseline,EHR,PROVENANCE_VERIFIED;TIMING_RELATIVE_TO_TIME_ZERO,Not evidence of causation by itself
ND-006,Neurodevelopmental,Intellectual disability,CLINICAL_DEVELOPMENTAL,PSYCHIATRIC_PSYCHOLOGICAL,MEASUREMENT_INVARIANCE;DIFFERENTIAL_ITEM_FUNCTIONING;CAUSAL_FOREST_HTE,Baseline,EHR,PROVENANCE_VERIFIED;TIMING_RELATIVE_TO_TIME_ZERO,Not evidence of causation by itself
ND-007,Neurodevelopmental,Specific learning difficulty,CLINICAL_DEVELOPMENTAL,PSYCHIATRIC_PSYCHOLOGICAL,MEASUREMENT_INVARIANCE;DIFFERENTIAL_ITEM_FUNCTIONING;CAUSAL_FOREST_HTE,Baseline,EHR,PROVENANCE_VERIFIED;TIMING_RELATIVE_TO_TIME_ZERO,Not evidence of causation by itself
ND-008,Neurodevelopmental,Sensory sensitivity,CLINICAL_DEVELOPMENTAL,PSYCHIATRIC_PSYCHOLOGICAL,MEASUREMENT_INVARIANCE;DIFFERENTIAL_ITEM_FUNCTIONING;CAUSAL_FOREST_HTE,Repeated,PRO,PROVENANCE_VERIFIED;TIMING_RELATIVE_TO_TIME_ZERO;VALIDATED_MEASUREMENT_OR_MEASUREMENT_MODEL;LONGITUDINAL_MEASUREMENT_CONSISTENCY,Not evidence of causation by itself
ND-009,Neurodevelopmental,Cognitive flexibility,CLINICAL_DEVELOPMENTAL,PSYCHIATRIC_PSYCHOLOGICAL,MEASUREMENT_INVARIANCE;DIFFERENTIAL_ITEM_FUNCTIONING;CAUSAL_FOREST_HTE,Repeated,research,PROVENANCE_VERIFIED;TIMING_RELATIVE_TO_TIME_ZERO;VALIDATED_MEASUREMENT_OR_MEASUREMENT_MODEL;LONGITUDINAL_MEASUREMENT_CONSISTENCY,Not evidence of causation by itself
ND-010,Neurodevelopmental,Executive function,CLINICAL_DEVELOPMENTAL,PSYCHIATRIC_PSYCHOLOGICAL,MEASUREMENT_INVARIANCE;DIFFERENTIAL_ITEM_FUNCTIONING;CAUSAL_FOREST_HTE,Repeated,research,PROVENANCE_VERIFIED;TIMING_RELATIVE_TO_TIME_ZERO;VALIDATED_MEASUREMENT_OR_MEASUREMENT_MODEL;LONGITUDINAL_MEASUREMENT_CONSISTENCY,Not evidence of causation by itself
ND-011,Neurodevelopmental,Social communication,CLINICAL_DEVELOPMENTAL,PSYCHIATRIC_PSYCHOLOGICAL,MEASUREMENT_INVARIANCE;DIFFERENTIAL_ITEM_FUNCTIONING;CAUSAL_FOREST_HTE,Repeated,research/EHR,PROVENANCE_VERIFIED;TIMING_RELATIVE_TO_TIME_ZERO;VALIDATED_MEASUREMENT_OR_MEASUREMENT_MODEL;LONGITUDINAL_MEASUREMENT_CONSISTENCY,Not evidence of causation by itself
ND-012,Neurodevelopmental,Restricted/repetitive interests,CLINICAL_DEVELOPMENTAL,PSYCHIATRIC_PSYCHOLOGICAL,MEASUREMENT_INVARIANCE;DIFFERENTIAL_ITEM_FUNCTIONING;CAUSAL_FOREST_HTE,Repeated,research/EHR,PROVENANCE_VERIFIED;TIMING_RELATIVE_TO_TIME_ZERO;VALIDATED_MEASUREMENT_OR_MEASUREMENT_MODEL;LONGITUDINAL_MEASUREMENT_CONSISTENCY,Not evidence of causation by itself
PSY-001,Psychiatric,Major depressive disorder history,PSYCHIATRIC_PSYCHOLOGICAL,CLINICAL_DEVELOPMENTAL,STRUCTURAL_EQUATION_MODEL;SURVIVAL_EVENT_HISTORY;CAUSAL_MEDIATION_INTERVENTIONAL_EFFECTS,Repeated,EHR,PROVENANCE_VERIFIED;TIMING_RELATIVE_TO_TIME_ZERO;LONGITUDINAL_MEASUREMENT_CONSISTENCY;SENSITIVE_DATA_GOVERNANCE,Not evidence of causation by itself
PSY-002,Psychiatric,Depressive symptom severity,PSYCHIATRIC_PSYCHOLOGICAL,CLINICAL_DEVELOPMENTAL,STRUCTURAL_EQUATION_MODEL;SURVIVAL_EVENT_HISTORY;CAUSAL_MEDIATION_INTERVENTIONAL_EFFECTS,Repeated,PRO/EHR,PROVENANCE_VERIFIED;TIMING_RELATIVE_TO_TIME_ZERO;VALIDATED_MEASUREMENT_OR_MEASUREMENT_MODEL;LONGITUDINAL_MEASUREMENT_CONSISTENCY;SENSITIVE_DATA_GOVERNANCE,Not evidence of causation by itself
PSY-003,Psychiatric,Anxiety disorder history,PSYCHIATRIC_PSYCHOLOGICAL,CLINICAL_DEVELOPMENTAL,STRUCTURAL_EQUATION_MODEL;SURVIVAL_EVENT_HISTORY;CAUSAL_MEDIATION_INTERVENTIONAL_EFFECTS,Repeated,EHR,PROVENANCE_VERIFIED;TIMING_RELATIVE_TO_TIME_ZERO;LONGITUDINAL_MEASUREMENT_CONSISTENCY;SENSITIVE_DATA_GOVERNANCE,Not evidence of causation by itself
PSY-004,Psychiatric,Anxiety symptom severity,PSYCHIATRIC_PSYCHOLOGICAL,CLINICAL_DEVELOPMENTAL,STRUCTURAL_EQUATION_MODEL;SURVIVAL_EVENT_HISTORY;CAUSAL_MEDIATION_INTERVENTIONAL_EFFECTS,Repeated,PRO,PROVENANCE_VERIFIED;TIMING_RELATIVE_TO_TIME_ZERO;VALIDATED_MEASUREMENT_OR_MEASUREMENT_MODEL;LONGITUDINAL_MEASUREMENT_CONSISTENCY;SENSITIVE_DATA_GOVERNANCE,Not evidence of causation by itself
PSY-005,Psychiatric,Obsessive-compulsive disorder/symptoms,PSYCHIATRIC_PSYCHOLOGICAL,CLINICAL_DEVELOPMENTAL,STRUCTURAL_EQUATION_MODEL;SURVIVAL_EVENT_HISTORY;CAUSAL_MEDIATION_INTERVENTIONAL_EFFECTS,Repeated,EHR/PRO,PROVENANCE_VERIFIED;TIMING_RELATIVE_TO_TIME_ZERO;VALIDATED_MEASUREMENT_OR_MEASUREMENT_MODEL;LONGITUDINAL_MEASUREMENT_CONSISTENCY;SENSITIVE_DATA_GOVERNANCE,Not evidence of causation by itself
PSY-006,Psychiatric,PTSD/trauma-related disorder,PSYCHIATRIC_PSYCHOLOGICAL,CLINICAL_DEVELOPMENTAL,STRUCTURAL_EQUATION_MODEL;SURVIVAL_EVENT_HISTORY;CAUSAL_MEDIATION_INTERVENTIONAL_EFFECTS,Repeated,EHR,PROVENANCE_VERIFIED;TIMING_RELATIVE_TO_TIME_ZERO;LONGITUDINAL_MEASUREMENT_CONSISTENCY;SENSITIVE_DATA_GOVERNANCE,Not evidence of causation by itself
PSY-007,Psychiatric,Dissociation symptoms,PSYCHIATRIC_PSYCHOLOGICAL,CLINICAL_DEVELOPMENTAL,STRUCTURAL_EQUATION_MODEL;SURVIVAL_EVENT_HISTORY;CAUSAL_MEDIATION_INTERVENTIONAL_EFFECTS,Repeated,PRO,PROVENANCE_VERIFIED;TIMING_RELATIVE_TO_TIME_ZERO;VALIDATED_MEASUREMENT_OR_MEASUREMENT_MODEL;LONGITUDINAL_MEASUREMENT_CONSISTENCY;SENSITIVE_DATA_GOVERNANCE,Not evidence of causation by itself
PSY-008,Psychiatric,Eating disorder diagnosis,PSYCHIATRIC_PSYCHOLOGICAL,CLINICAL_DEVELOPMENTAL,STRUCTURAL_EQUATION_MODEL;SURVIVAL_EVENT_HISTORY;CAUSAL_MEDIATION_INTERVENTIONAL_EFFECTS,Repeated,EHR,PROVENANCE_VERIFIED;TIMING_RELATIVE_TO_TIME_ZERO;LONGITUDINAL_MEASUREMENT_CONSISTENCY;SENSITIVE_DATA_GOVERNANCE,Not evidence of causation by itself
PSY-009,Psychiatric,Body dysmorphic symptoms,PSYCHIATRIC_PSYCHOLOGICAL,CLINICAL_DEVELOPMENTAL,STRUCTURAL_EQUATION_MODEL;SURVIVAL_EVENT_HISTORY;CAUSAL_MEDIATION_INTERVENTIONAL_EFFECTS,Repeated,PRO/EHR,PROVENANCE_VERIFIED;TIMING_RELATIVE_TO_TIME_ZERO;VALIDATED_MEASUREMENT_OR_MEASUREMENT_MODEL;LONGITUDINAL_MEASUREMENT_CONSISTENCY;SENSITIVE_DATA_GOVERNANCE,Not evidence of causation by itself
PSY-010,Psychiatric,Self-harm history,PSYCHIATRIC_PSYCHOLOGICAL,CLINICAL_DEVELOPMENTAL,STRUCTURAL_EQUATION_MODEL;SURVIVAL_EVENT_HISTORY;CAUSAL_MEDIATION_INTERVENTIONAL_EFFECTS,Repeated,EHR,PROVENANCE_VERIFIED;TIMING_RELATIVE_TO_TIME_ZERO;LONGITUDINAL_MEASUREMENT_CONSISTENCY;SENSITIVE_DATA_GOVERNANCE,Not evidence of causation by itself
PSY-011,Psychiatric,Suicidal ideation/attempt history,PSYCHIATRIC_PSYCHOLOGICAL,CLINICAL_DEVELOPMENTAL,STRUCTURAL_EQUATION_MODEL;SURVIVAL_EVENT_HISTORY;CAUSAL_MEDIATION_INTERVENTIONAL_EFFECTS,Repeated,EHR,PROVENANCE_VERIFIED;TIMING_RELATIVE_TO_TIME_ZERO;LONGITUDINAL_MEASUREMENT_CONSISTENCY;SENSITIVE_DATA_GOVERNANCE,Not evidence of causation by itself
PSY-012,Psychiatric,Bipolar-spectrum symptoms,PSYCHIATRIC_PSYCHOLOGICAL,CLINICAL_DEVELOPMENTAL,STRUCTURAL_EQUATION_MODEL;SURVIVAL_EVENT_HISTORY;CAUSAL_MEDIATION_INTERVENTIONAL_EFFECTS,Repeated,EHR,PROVENANCE_VERIFIED;TIMING_RELATIVE_TO_TIME_ZERO;VALIDATED_MEASUREMENT_OR_MEASUREMENT_MODEL;LONGITUDINAL_MEASUREMENT_CONSISTENCY;SENSITIVE_DATA_GOVERNANCE,Not evidence of causation by itself
PSY-013,Psychiatric,Psychotic symptoms,PSYCHIATRIC_PSYCHOLOGICAL,CLINICAL_DEVELOPMENTAL,STRUCTURAL_EQUATION_MODEL;SURVIVAL_EVENT_HISTORY;CAUSAL_MEDIATION_INTERVENTIONAL_EFFECTS,Repeated,EHR,PROVENANCE_VERIFIED;TIMING_RELATIVE_TO_TIME_ZERO;VALIDATED_MEASUREMENT_OR_MEASUREMENT_MODEL;LONGITUDINAL_MEASUREMENT_CONSISTENCY;SENSITIVE_DATA_GOVERNANCE,Not evidence of causation by itself
PSY-014,Psychiatric,Personality pathology/traits where validly assessed,PSYCHIATRIC_PSYCHOLOGICAL,CLINICAL_DEVELOPMENTAL,STRUCTURAL_EQUATION_MODEL;SURVIVAL_EVENT_HISTORY;CAUSAL_MEDIATION_INTERVENTIONAL_EFFECTS,Repeated,EHR/research,PROVENANCE_VERIFIED;TIMING_RELATIVE_TO_TIME_ZERO;LONGITUDINAL_MEASUREMENT_CONSISTENCY;SENSITIVE_DATA_GOVERNANCE,Not evidence of causation by itself
PSY-015,Psychiatric,Substance-use disorder,PSYCHIATRIC_PSYCHOLOGICAL,CLINICAL_DEVELOPMENTAL,STRUCTURAL_EQUATION_MODEL;SURVIVAL_EVENT_HISTORY;CAUSAL_MEDIATION_INTERVENTIONAL_EFFECTS,Repeated,EHR,PROVENANCE_VERIFIED;TIMING_RELATIVE_TO_TIME_ZERO;LONGITUDINAL_MEASUREMENT_CONSISTENCY;SENSITIVE_DATA_GOVERNANCE,Not evidence of causation by itself
PSY-016,Psychiatric,Psychiatric hospitalisation,PSYCHIATRIC_PSYCHOLOGICAL,CLINICAL_DEVELOPMENTAL,STRUCTURAL_EQUATION_MODEL;SURVIVAL_EVENT_HISTORY;CAUSAL_MEDIATION_INTERVENTIONAL_EFFECTS,Repeated,EHR,PROVENANCE_VERIFIED;TIMING_RELATIVE_TO_TIME_ZERO;LONGITUDINAL_MEASUREMENT_CONSISTENCY;SENSITIVE_DATA_GOVERNANCE,Not evidence of causation by itself
PSY-017,Psychiatric,Psychotherapy exposure,PSYCHIATRIC_PSYCHOLOGICAL,CLINICAL_DEVELOPMENTAL,STRUCTURAL_EQUATION_MODEL;SURVIVAL_EVENT_HISTORY;CAUSAL_MEDIATION_INTERVENTIONAL_EFFECTS,Repeated,EHR,PROVENANCE_VERIFIED;TIMING_RELATIVE_TO_TIME_ZERO;LONGITUDINAL_MEASUREMENT_CONSISTENCY;SENSITIVE_DATA_GOVERNANCE,Not evidence of causation by itself
PSY-018,Psychiatric,Psychiatric medication exposure,PSYCHIATRIC_PSYCHOLOGICAL,CLINICAL_DEVELOPMENTAL,STRUCTURAL_EQUATION_MODEL;SURVIVAL_EVENT_HISTORY;CAUSAL_MEDIATION_INTERVENTIONAL_EFFECTS,Repeated,EHR,PROVENANCE_VERIFIED;TIMING_RELATIVE_TO_TIME_ZERO;LONGITUDINAL_MEASUREMENT_CONSISTENCY;SENSITIVE_DATA_GOVERNANCE,Not evidence of causation by itself
PSY-019,Psychiatric,Mental-health diagnosis timing relative to gender presentation,PSYCHIATRIC_PSYCHOLOGICAL,CLINICAL_DEVELOPMENTAL,STRUCTURAL_EQUATION_MODEL;SURVIVAL_EVENT_HISTORY;CAUSAL_MEDIATION_INTERVENTIONAL_EFFECTS,Analysis,derived,PROVENANCE_VERIFIED;TIMING_RELATIVE_TO_TIME_ZERO;SENSITIVE_DATA_GOVERNANCE,Not evidence of causation by itself
PSY-020,Psychiatric,Global psychological distress,PSYCHIATRIC_PSYCHOLOGICAL,CLINICAL_DEVELOPMENTAL,STRUCTURAL_EQUATION_MODEL;SURVIVAL_EVENT_HISTORY;CAUSAL_MEDIATION_INTERVENTIONAL_EFFECTS,Repeated,PRO,PROVENANCE_VERIFIED;TIMING_RELATIVE_TO_TIME_ZERO;VALIDATED_MEASUREMENT_OR_MEASUREMENT_MODEL;LONGITUDINAL_MEASUREMENT_CONSISTENCY;SENSITIVE_DATA_GOVERNANCE,Not evidence of causation by itself
TRA-001,Trauma/safeguarding,Childhood maltreatment exposure,PSYCHIATRIC_PSYCHOLOGICAL,CLINICAL_DEVELOPMENTAL,SEQUENCE_ANALYSIS;CAUSAL_MEDIATION_INTERVENTIONAL_EFFECTS;UNMEASURED_CONFOUNDING_SENSITIVITY,Historical,EHR/participant,PROVENANCE_VERIFIED;TIMING_RELATIVE_TO_TIME_ZERO;SENSITIVE_DATA_GOVERNANCE,Not evidence of causation by itself
TRA-002,Trauma/safeguarding,Sexual victimisation history,PSYCHIATRIC_PSYCHOLOGICAL,CLINICAL_DEVELOPMENTAL,SEQUENCE_ANALYSIS;CAUSAL_MEDIATION_INTERVENTIONAL_EFFECTS;UNMEASURED_CONFOUNDING_SENSITIVITY,Historical,EHR/participant,PROVENANCE_VERIFIED;TIMING_RELATIVE_TO_TIME_ZERO;SENSITIVE_DATA_GOVERNANCE,Not evidence of causation by itself
TRA-003,Trauma/safeguarding,Bullying exposure,PSYCHIATRIC_PSYCHOLOGICAL,CLINICAL_DEVELOPMENTAL,SEQUENCE_ANALYSIS;CAUSAL_MEDIATION_INTERVENTIONAL_EFFECTS;UNMEASURED_CONFOUNDING_SENSITIVITY,Repeated,education/PRO,PROVENANCE_VERIFIED;TIMING_RELATIVE_TO_TIME_ZERO;LONGITUDINAL_MEASUREMENT_CONSISTENCY;SENSITIVE_DATA_GOVERNANCE,Not evidence of causation by itself
TRA-004,Trauma/safeguarding,Domestic violence exposure,PSYCHIATRIC_PSYCHOLOGICAL,CLINICAL_DEVELOPMENTAL,SEQUENCE_ANALYSIS;CAUSAL_MEDIATION_INTERVENTIONAL_EFFECTS;UNMEASURED_CONFOUNDING_SENSITIVITY,Historical,EHR/participant,PROVENANCE_VERIFIED;TIMING_RELATIVE_TO_TIME_ZERO;SENSITIVE_DATA_GOVERNANCE,Not evidence of causation by itself
TRA-005,Trauma/safeguarding,Exploitation/safeguarding concern,PSYCHIATRIC_PSYCHOLOGICAL,CLINICAL_DEVELOPMENTAL,SEQUENCE_ANALYSIS;CAUSAL_MEDIATION_INTERVENTIONAL_EFFECTS;UNMEASURED_CONFOUNDING_SENSITIVITY,Repeated,EHR,PROVENANCE_VERIFIED;TIMING_RELATIVE_TO_TIME_ZERO;LONGITUDINAL_MEASUREMENT_CONSISTENCY;SENSITIVE_DATA_GOVERNANCE,Not evidence of causation by itself
TRA-006,Trauma/safeguarding,Looked-after/adoption/guardianship history,PSYCHIATRIC_PSYCHOLOGICAL,CLINICAL_DEVELOPMENTAL,SEQUENCE_ANALYSIS;CAUSAL_MEDIATION_INTERVENTIONAL_EFFECTS;UNMEASURED_CONFOUNDING_SENSITIVITY,Historical,social care,PROVENANCE_VERIFIED;TIMING_RELATIVE_TO_TIME_ZERO;SENSITIVE_DATA_GOVERNANCE,Not evidence of causation by itself
TRA-007,Trauma/safeguarding,Trauma symptom severity,PSYCHIATRIC_PSYCHOLOGICAL,CLINICAL_DEVELOPMENTAL,SEQUENCE_ANALYSIS;CAUSAL_MEDIATION_INTERVENTIONAL_EFFECTS;UNMEASURED_CONFOUNDING_SENSITIVITY,Repeated,PRO,PROVENANCE_VERIFIED;TIMING_RELATIVE_TO_TIME_ZERO;VALIDATED_MEASUREMENT_OR_MEASUREMENT_MODEL;LONGITUDINAL_MEASUREMENT_CONSISTENCY;SENSITIVE_DATA_GOVERNANCE,Not evidence of causation by itself
TRA-008,Trauma/safeguarding,Timing of trauma relative to onset,PSYCHIATRIC_PSYCHOLOGICAL,CLINICAL_DEVELOPMENTAL,SEQUENCE_ANALYSIS;CAUSAL_MEDIATION_INTERVENTIONAL_EFFECTS;UNMEASURED_CONFOUNDING_SENSITIVITY,Analysis,derived,PROVENANCE_VERIFIED;TIMING_RELATIVE_TO_TIME_ZERO;SENSITIVE_DATA_GOVERNANCE,Not evidence of causation by itself
BOD-001,Body image/sexual development,General body dissatisfaction,CLINICAL_DEVELOPMENTAL,PSYCHIATRIC_PSYCHOLOGICAL,LATENT_VARIABLE_MEASUREMENT;MEASUREMENT_INVARIANCE;SEQUENCE_ANALYSIS,Repeated,PRO,PROVENANCE_VERIFIED;TIMING_RELATIVE_TO_TIME_ZERO;VALIDATED_MEASUREMENT_OR_MEASUREMENT_MODEL;LONGITUDINAL_MEASUREMENT_CONSISTENCY;SENSITIVE_DATA_GOVERNANCE,Not evidence of causation by itself
BOD-002,Body image/sexual development,Sex-characteristic-specific distress,CLINICAL_DEVELOPMENTAL,PSYCHIATRIC_PSYCHOLOGICAL,LATENT_VARIABLE_MEASUREMENT;MEASUREMENT_INVARIANCE;SEQUENCE_ANALYSIS,Repeated,PRO,PROVENANCE_VERIFIED;TIMING_RELATIVE_TO_TIME_ZERO;VALIDATED_MEASUREMENT_OR_MEASUREMENT_MODEL;LONGITUDINAL_MEASUREMENT_CONSISTENCY;SENSITIVE_DATA_GOVERNANCE,Not evidence of causation by itself
BOD-003,Body image/sexual development,Eating pathology severity,CLINICAL_DEVELOPMENTAL,PSYCHIATRIC_PSYCHOLOGICAL,LATENT_VARIABLE_MEASUREMENT;MEASUREMENT_INVARIANCE;SEQUENCE_ANALYSIS,Repeated,PRO,PROVENANCE_VERIFIED;TIMING_RELATIVE_TO_TIME_ZERO;VALIDATED_MEASUREMENT_OR_MEASUREMENT_MODEL;LONGITUDINAL_MEASUREMENT_CONSISTENCY;SENSITIVE_DATA_GOVERNANCE,Not evidence of causation by itself
BOD-004,Body image/sexual development,Body dysmorphia severity,CLINICAL_DEVELOPMENTAL,PSYCHIATRIC_PSYCHOLOGICAL,LATENT_VARIABLE_MEASUREMENT;MEASUREMENT_INVARIANCE;SEQUENCE_ANALYSIS,Repeated,PRO,PROVENANCE_VERIFIED;TIMING_RELATIVE_TO_TIME_ZERO;VALIDATED_MEASUREMENT_OR_MEASUREMENT_MODEL;LONGITUDINAL_MEASUREMENT_CONSISTENCY;SENSITIVE_DATA_GOVERNANCE,Not evidence of causation by itself
BOD-005,Body image/sexual development,Sexual orientation self-description,CLINICAL_DEVELOPMENTAL,PSYCHIATRIC_PSYCHOLOGICAL,LATENT_VARIABLE_MEASUREMENT;MEASUREMENT_INVARIANCE;SEQUENCE_ANALYSIS,Repeated,PRO,PROVENANCE_VERIFIED;TIMING_RELATIVE_TO_TIME_ZERO;LONGITUDINAL_MEASUREMENT_CONSISTENCY;SENSITIVE_DATA_GOVERNANCE,Not evidence of causation by itself
BOD-006,Body image/sexual development,Sexual orientation development timing,CLINICAL_DEVELOPMENTAL,PSYCHIATRIC_PSYCHOLOGICAL,LATENT_VARIABLE_MEASUREMENT;MEASUREMENT_INVARIANCE;SEQUENCE_ANALYSIS,Historical,PRO,PROVENANCE_VERIFIED;TIMING_RELATIVE_TO_TIME_ZERO;SENSITIVE_DATA_GOVERNANCE,Not evidence of causation by itself
BOD-007,Body image/sexual development,Sexual functioning concerns,CLINICAL_DEVELOPMENTAL,PSYCHIATRIC_PSYCHOLOGICAL,LATENT_VARIABLE_MEASUREMENT;MEASUREMENT_INVARIANCE;SEQUENCE_ANALYSIS,Repeated,PRO,PROVENANCE_VERIFIED;TIMING_RELATIVE_TO_TIME_ZERO;LONGITUDINAL_MEASUREMENT_CONSISTENCY;SENSITIVE_DATA_GOVERNANCE,Not evidence of causation by itself
BOD-008,Body image/sexual development,Fertility concerns/priorities,CLINICAL_DEVELOPMENTAL,PSYCHIATRIC_PSYCHOLOGICAL,LATENT_VARIABLE_MEASUREMENT;MEASUREMENT_INVARIANCE;SEQUENCE_ANALYSIS,Repeated,PRO,PROVENANCE_VERIFIED;TIMING_RELATIVE_TO_TIME_ZERO;LONGITUDINAL_MEASUREMENT_CONSISTENCY;SENSITIVE_DATA_GOVERNANCE,Not evidence of causation by itself
BOD-009,Body image/sexual development,Puberty-related distress,CLINICAL_DEVELOPMENTAL,PSYCHIATRIC_PSYCHOLOGICAL,LATENT_VARIABLE_MEASUREMENT;MEASUREMENT_INVARIANCE;SEQUENCE_ANALYSIS,Repeated,PRO,PROVENANCE_VERIFIED;TIMING_RELATIVE_TO_TIME_ZERO;LONGITUDINAL_MEASUREMENT_CONSISTENCY;SENSITIVE_DATA_GOVERNANCE,Not evidence of causation by itself
BOD-010,Body image/sexual development,Fear/expectation about adult sex characteristics,CLINICAL_DEVELOPMENTAL,PSYCHIATRIC_PSYCHOLOGICAL,LATENT_VARIABLE_MEASUREMENT;MEASUREMENT_INVARIANCE;SEQUENCE_ANALYSIS,Repeated,PRO,PROVENANCE_VERIFIED;TIMING_RELATIVE_TO_TIME_ZERO;VALIDATED_MEASUREMENT_OR_MEASUREMENT_MODEL;LONGITUDINAL_MEASUREMENT_CONSISTENCY;SENSITIVE_DATA_GOVERNANCE,Not evidence of causation by itself
FAM-001,Family/interpersonal,Household composition,FAMILY_INTERPERSONAL,CLINICAL_DEVELOPMENTAL,MULTILEVEL_HIERARCHICAL_MODEL;SOCIAL_NETWORK_ANALYSIS;QUALITATIVE_COMPARATIVE_ANALYSIS,Repeated,participant,PROVENANCE_VERIFIED;TIMING_RELATIVE_TO_TIME_ZERO;LONGITUDINAL_MEASUREMENT_CONSISTENCY,Not evidence of causation by itself
FAM-002,Family/interpersonal,Parental relationship status,FAMILY_INTERPERSONAL,CLINICAL_DEVELOPMENTAL,MULTILEVEL_HIERARCHICAL_MODEL;SOCIAL_NETWORK_ANALYSIS;QUALITATIVE_COMPARATIVE_ANALYSIS,Repeated,participant,PROVENANCE_VERIFIED;TIMING_RELATIVE_TO_TIME_ZERO;LONGITUDINAL_MEASUREMENT_CONSISTENCY,Not evidence of causation by itself
FAM-003,Family/interpersonal,Parental mental-health burden,FAMILY_INTERPERSONAL,CLINICAL_DEVELOPMENTAL,MULTILEVEL_HIERARCHICAL_MODEL;SOCIAL_NETWORK_ANALYSIS;QUALITATIVE_COMPARATIVE_ANALYSIS,Baseline,family/EHR,PROVENANCE_VERIFIED;TIMING_RELATIVE_TO_TIME_ZERO,Not evidence of causation by itself
FAM-004,Family/interpersonal,Family support after disclosure,FAMILY_INTERPERSONAL,CLINICAL_DEVELOPMENTAL,MULTILEVEL_HIERARCHICAL_MODEL;SOCIAL_NETWORK_ANALYSIS;QUALITATIVE_COMPARATIVE_ANALYSIS,Repeated,PRO,PROVENANCE_VERIFIED;TIMING_RELATIVE_TO_TIME_ZERO;VALIDATED_MEASUREMENT_OR_MEASUREMENT_MODEL;LONGITUDINAL_MEASUREMENT_CONSISTENCY,Not evidence of causation by itself
FAM-005,Family/interpersonal,Family rejection/conflict after disclosure,FAMILY_INTERPERSONAL,CLINICAL_DEVELOPMENTAL,MULTILEVEL_HIERARCHICAL_MODEL;SOCIAL_NETWORK_ANALYSIS;QUALITATIVE_COMPARATIVE_ANALYSIS,Repeated,PRO,PROVENANCE_VERIFIED;TIMING_RELATIVE_TO_TIME_ZERO;VALIDATED_MEASUREMENT_OR_MEASUREMENT_MODEL;LONGITUDINAL_MEASUREMENT_CONSISTENCY,Not evidence of causation by itself
FAM-006,Family/interpersonal,Family conflict before presentation,FAMILY_INTERPERSONAL,CLINICAL_DEVELOPMENTAL,MULTILEVEL_HIERARCHICAL_MODEL;SOCIAL_NETWORK_ANALYSIS;QUALITATIVE_COMPARATIVE_ANALYSIS,Baseline,PRO,PROVENANCE_VERIFIED;TIMING_RELATIVE_TO_TIME_ZERO;VALIDATED_MEASUREMENT_OR_MEASUREMENT_MODEL,Not evidence of causation by itself
FAM-007,Family/interpersonal,Attachment security,FAMILY_INTERPERSONAL,CLINICAL_DEVELOPMENTAL,MULTILEVEL_HIERARCHICAL_MODEL;SOCIAL_NETWORK_ANALYSIS;QUALITATIVE_COMPARATIVE_ANALYSIS,Repeated,research,PROVENANCE_VERIFIED;TIMING_RELATIVE_TO_TIME_ZERO;VALIDATED_MEASUREMENT_OR_MEASUREMENT_MODEL;LONGITUDINAL_MEASUREMENT_CONSISTENCY,Not evidence of causation by itself
FAM-008,Family/interpersonal,Sibling relationship quality,FAMILY_INTERPERSONAL,CLINICAL_DEVELOPMENTAL,MULTILEVEL_HIERARCHICAL_MODEL;SOCIAL_NETWORK_ANALYSIS;QUALITATIVE_COMPARATIVE_ANALYSIS,Repeated,PRO,PROVENANCE_VERIFIED;TIMING_RELATIVE_TO_TIME_ZERO;VALIDATED_MEASUREMENT_OR_MEASUREMENT_MODEL;LONGITUDINAL_MEASUREMENT_CONSISTENCY,Not evidence of causation by itself
FAM-009,Family/interpersonal,Parental attitudes measured directly,FAMILY_INTERPERSONAL,CLINICAL_DEVELOPMENTAL,MULTILEVEL_HIERARCHICAL_MODEL;SOCIAL_NETWORK_ANALYSIS;QUALITATIVE_COMPARATIVE_ANALYSIS,Repeated,parent,PROVENANCE_VERIFIED;TIMING_RELATIVE_TO_TIME_ZERO;LONGITUDINAL_MEASUREMENT_CONSISTENCY,Not evidence of causation by itself
FAM-010,Family/interpersonal,Family response timing,FAMILY_INTERPERSONAL,CLINICAL_DEVELOPMENTAL,MULTILEVEL_HIERARCHICAL_MODEL;SOCIAL_NETWORK_ANALYSIS;QUALITATIVE_COMPARATIVE_ANALYSIS,Historical,participant,PROVENANCE_VERIFIED;TIMING_RELATIVE_TO_TIME_ZERO,Not evidence of causation by itself
FAM-011,Family/interpersonal,Socioeconomic family stress,FAMILY_INTERPERSONAL,CLINICAL_DEVELOPMENTAL,MULTILEVEL_HIERARCHICAL_MODEL;SOCIAL_NETWORK_ANALYSIS;QUALITATIVE_COMPARATIVE_ANALYSIS,Repeated,administrative/PRO,PROVENANCE_VERIFIED;TIMING_RELATIVE_TO_TIME_ZERO;LONGITUDINAL_MEASUREMENT_CONSISTENCY,Not evidence of causation by itself
FAM-012,Family/interpersonal,Parental health literacy,FAMILY_INTERPERSONAL,CLINICAL_DEVELOPMENTAL,MULTILEVEL_HIERARCHICAL_MODEL;SOCIAL_NETWORK_ANALYSIS;QUALITATIVE_COMPARATIVE_ANALYSIS,Baseline,parent,PROVENANCE_VERIFIED;TIMING_RELATIVE_TO_TIME_ZERO;VALIDATED_MEASUREMENT_OR_MEASUREMENT_MODEL,Not evidence of causation by itself
PEER-001,Peer network,Friendship network size,DIGITAL_MEDIA_PEER,FAMILY_INTERPERSONAL,STOCHASTIC_ACTOR_ORIENTED_MODEL;SOCIAL_NETWORK_ANALYSIS;DIFFUSION_CASCADE_ANALYSIS,Repeated,network survey,PROVENANCE_VERIFIED;TIMING_RELATIVE_TO_TIME_ZERO;LONGITUDINAL_MEASUREMENT_CONSISTENCY,Not evidence of causation by itself
PEER-002,Peer network,Loneliness/social isolation,DIGITAL_MEDIA_PEER,FAMILY_INTERPERSONAL,STOCHASTIC_ACTOR_ORIENTED_MODEL;SOCIAL_NETWORK_ANALYSIS;DIFFUSION_CASCADE_ANALYSIS,Repeated,PRO,PROVENANCE_VERIFIED;TIMING_RELATIVE_TO_TIME_ZERO;VALIDATED_MEASUREMENT_OR_MEASUREMENT_MODEL;LONGITUDINAL_MEASUREMENT_CONSISTENCY,Not evidence of causation by itself
PEER-003,Peer network,Gender-diverse peers before first presentation,DIGITAL_MEDIA_PEER,FAMILY_INTERPERSONAL,STOCHASTIC_ACTOR_ORIENTED_MODEL;SOCIAL_NETWORK_ANALYSIS;DIFFUSION_CASCADE_ANALYSIS,Historical,network survey,PROVENANCE_VERIFIED;TIMING_RELATIVE_TO_TIME_ZERO,Not evidence of causation by itself
PEER-004,Peer network,Gender-diverse peers after first presentation,DIGITAL_MEDIA_PEER,FAMILY_INTERPERSONAL,STOCHASTIC_ACTOR_ORIENTED_MODEL;SOCIAL_NETWORK_ANALYSIS;DIFFUSION_CASCADE_ANALYSIS,Repeated,network survey,PROVENANCE_VERIFIED;TIMING_RELATIVE_TO_TIME_ZERO;LONGITUDINAL_MEASUREMENT_CONSISTENCY,Not evidence of causation by itself
PEER-005,Peer network,Peer acceptance,DIGITAL_MEDIA_PEER,FAMILY_INTERPERSONAL,STOCHASTIC_ACTOR_ORIENTED_MODEL;SOCIAL_NETWORK_ANALYSIS;DIFFUSION_CASCADE_ANALYSIS,Repeated,PRO,PROVENANCE_VERIFIED;TIMING_RELATIVE_TO_TIME_ZERO;VALIDATED_MEASUREMENT_OR_MEASUREMENT_MODEL;LONGITUDINAL_MEASUREMENT_CONSISTENCY,Not evidence of causation by itself
PEER-006,Peer network,Peer rejection/bullying,DIGITAL_MEDIA_PEER,FAMILY_INTERPERSONAL,STOCHASTIC_ACTOR_ORIENTED_MODEL;SOCIAL_NETWORK_ANALYSIS;DIFFUSION_CASCADE_ANALYSIS,Repeated,PRO,PROVENANCE_VERIFIED;TIMING_RELATIVE_TO_TIME_ZERO;VALIDATED_MEASUREMENT_OR_MEASUREMENT_MODEL;LONGITUDINAL_MEASUREMENT_CONSISTENCY,Not evidence of causation by itself
PEER-007,Peer network,Network centrality,DIGITAL_MEDIA_PEER,FAMILY_INTERPERSONAL,STOCHASTIC_ACTOR_ORIENTED_MODEL;SOCIAL_NETWORK_ANALYSIS;DIFFUSION_CASCADE_ANALYSIS,Repeated,derived,PROVENANCE_VERIFIED;TIMING_RELATIVE_TO_TIME_ZERO;LONGITUDINAL_MEASUREMENT_CONSISTENCY,Not evidence of causation by itself
PEER-008,Peer network,Friendship network change,DIGITAL_MEDIA_PEER,FAMILY_INTERPERSONAL,STOCHASTIC_ACTOR_ORIENTED_MODEL;SOCIAL_NETWORK_ANALYSIS;DIFFUSION_CASCADE_ANALYSIS,Repeated,derived,PROVENANCE_VERIFIED;TIMING_RELATIVE_TO_TIME_ZERO;LONGITUDINAL_MEASUREMENT_CONSISTENCY,Not evidence of causation by itself
PEER-009,Peer network,Homophily/social selection estimate,DIGITAL_MEDIA_PEER,FAMILY_INTERPERSONAL,STOCHASTIC_ACTOR_ORIENTED_MODEL;SOCIAL_NETWORK_ANALYSIS;DIFFUSION_CASCADE_ANALYSIS,Analysis,derived,PROVENANCE_VERIFIED;TIMING_RELATIVE_TO_TIME_ZERO,Not evidence of causation by itself
PEER-010,Peer network,Peer influence estimate,DIGITAL_MEDIA_PEER,FAMILY_INTERPERSONAL,STOCHASTIC_ACTOR_ORIENTED_MODEL;SOCIAL_NETWORK_ANALYSIS;DIFFUSION_CASCADE_ANALYSIS,Analysis,derived,PROVENANCE_VERIFIED;TIMING_RELATIVE_TO_TIME_ZERO,Not evidence of causation by itself
DIG-001,Digital/social media,Age/date of first relevant web search,DIGITAL_MEDIA_PEER,,G_METHODS;STOCHASTIC_ACTOR_ORIENTED_MODEL;NEGATIVE_POSITIVE_CONTROLS,Historical,platform/browser export,PROVENANCE_VERIFIED;TIMING_RELATIVE_TO_TIME_ZERO;SENSITIVE_DATA_GOVERNANCE,Not evidence of causation by itself
DIG-002,Digital/social media,Prior distress before first relevant search,DIGITAL_MEDIA_PEER,,G_METHODS;STOCHASTIC_ACTOR_ORIENTED_MODEL;NEGATIVE_POSITIVE_CONTROLS,Historical,PRO/EHR,PROVENANCE_VERIFIED;TIMING_RELATIVE_TO_TIME_ZERO;VALIDATED_MEASUREMENT_OR_MEASUREMENT_MODEL;SENSITIVE_DATA_GOVERNANCE,Not evidence of causation by itself
DIG-003,Digital/social media,First exposure to gender-related content,DIGITAL_MEDIA_PEER,,G_METHODS;STOCHASTIC_ACTOR_ORIENTED_MODEL;NEGATIVE_POSITIVE_CONTROLS,Historical,platform export,PROVENANCE_VERIFIED;TIMING_RELATIVE_TO_TIME_ZERO;SENSITIVE_DATA_GOVERNANCE,Not evidence of causation by itself
DIG-004,Digital/social media,Passive viewing duration,DIGITAL_MEDIA_PEER,,G_METHODS;STOCHASTIC_ACTOR_ORIENTED_MODEL;NEGATIVE_POSITIVE_CONTROLS,Repeated,platform export,PROVENANCE_VERIFIED;TIMING_RELATIVE_TO_TIME_ZERO;LONGITUDINAL_MEASUREMENT_CONSISTENCY;SENSITIVE_DATA_GOVERNANCE,Not evidence of causation by itself
DIG-005,Digital/social media,Active posting/commenting frequency,DIGITAL_MEDIA_PEER,,G_METHODS;STOCHASTIC_ACTOR_ORIENTED_MODEL;NEGATIVE_POSITIVE_CONTROLS,Repeated,platform export,PROVENANCE_VERIFIED;TIMING_RELATIVE_TO_TIME_ZERO;LONGITUDINAL_MEASUREMENT_CONSISTENCY;SENSITIVE_DATA_GOVERNANCE,Not evidence of causation by itself
DIG-006,Digital/social media,Direct-message/group participation,DIGITAL_MEDIA_PEER,,G_METHODS;STOCHASTIC_ACTOR_ORIENTED_MODEL;NEGATIVE_POSITIVE_CONTROLS,Repeated,platform export,PROVENANCE_VERIFIED;TIMING_RELATIVE_TO_TIME_ZERO;LONGITUDINAL_MEASUREMENT_CONSISTENCY;SENSITIVE_DATA_GOVERNANCE,Not evidence of causation by itself
DIG-007,Digital/social media,Influencer/creator exposure,DIGITAL_MEDIA_PEER,,G_METHODS;STOCHASTIC_ACTOR_ORIENTED_MODEL;NEGATIVE_POSITIVE_CONTROLS,Repeated,platform export,PROVENANCE_VERIFIED;TIMING_RELATIVE_TO_TIME_ZERO;LONGITUDINAL_MEASUREMENT_CONSISTENCY;SENSITIVE_DATA_GOVERNANCE,Not evidence of causation by itself
DIG-008,Digital/social media,Algorithmic recommendation sequence,DIGITAL_MEDIA_PEER,,G_METHODS;STOCHASTIC_ACTOR_ORIENTED_MODEL;NEGATIVE_POSITIVE_CONTROLS,Repeated,platform export,PROVENANCE_VERIFIED;TIMING_RELATIVE_TO_TIME_ZERO;LONGITUDINAL_MEASUREMENT_CONSISTENCY;SENSITIVE_DATA_GOVERNANCE,Not evidence of causation by itself
DIG-009,Digital/social media,Exposure intensity,DIGITAL_MEDIA_PEER,,G_METHODS;STOCHASTIC_ACTOR_ORIENTED_MODEL;NEGATIVE_POSITIVE_CONTROLS,Repeated,derived,PROVENANCE_VERIFIED;TIMING_RELATIVE_TO_TIME_ZERO;LONGITUDINAL_MEASUREMENT_CONSISTENCY;SENSITIVE_DATA_GOVERNANCE,Not evidence of causation by itself
DIG-010,Digital/social media,Content diversity/echo concentration,DIGITAL_MEDIA_PEER,,G_METHODS;STOCHASTIC_ACTOR_ORIENTED_MODEL;NEGATIVE_POSITIVE_CONTROLS,Repeated,derived,PROVENANCE_VERIFIED;TIMING_RELATIVE_TO_TIME_ZERO;LONGITUDINAL_MEASUREMENT_CONSISTENCY;SENSITIVE_DATA_GOVERNANCE,Not evidence of causation by itself
DIG-011,Digital/social media,Online support received,DIGITAL_MEDIA_PEER,,G_METHODS;STOCHASTIC_ACTOR_ORIENTED_MODEL;NEGATIVE_POSITIVE_CONTROLS,Repeated,digital/PRO,PROVENANCE_VERIFIED;TIMING_RELATIVE_TO_TIME_ZERO;VALIDATED_MEASUREMENT_OR_MEASUREMENT_MODEL;LONGITUDINAL_MEASUREMENT_CONSISTENCY;SENSITIVE_DATA_GOVERNANCE,Not evidence of causation by itself
DIG-012,Digital/social media,Online harassment,DIGITAL_MEDIA_PEER,,G_METHODS;STOCHASTIC_ACTOR_ORIENTED_MODEL;NEGATIVE_POSITIVE_CONTROLS,Repeated,digital/PRO,PROVENANCE_VERIFIED;TIMING_RELATIVE_TO_TIME_ZERO;VALIDATED_MEASUREMENT_OR_MEASUREMENT_MODEL;LONGITUDINAL_MEASUREMENT_CONSISTENCY;SENSITIVE_DATA_GOVERNANCE,Not evidence of causation by itself
DIG-013,Digital/social media,Sponsored/commercial content exposure,DIGITAL_MEDIA_PEER,,G_METHODS;STOCHASTIC_ACTOR_ORIENTED_MODEL;NEGATIVE_POSITIVE_CONTROLS,Repeated,platform export,PROVENANCE_VERIFIED;TIMING_RELATIVE_TO_TIME_ZERO;LONGITUDINAL_MEASUREMENT_CONSISTENCY;SENSITIVE_DATA_GOVERNANCE,Not evidence of causation by itself
DIG-014,Digital/social media,Advocacy content exposure,DIGITAL_MEDIA_PEER,,G_METHODS;STOCHASTIC_ACTOR_ORIENTED_MODEL;NEGATIVE_POSITIVE_CONTROLS,Repeated,platform export,PROVENANCE_VERIFIED;TIMING_RELATIVE_TO_TIME_ZERO;LONGITUDINAL_MEASUREMENT_CONSISTENCY;SENSITIVE_DATA_GOVERNANCE,Not evidence of causation by itself
DIG-015,Digital/social media,Terminology adoption date,DIGITAL_MEDIA_PEER,,G_METHODS;STOCHASTIC_ACTOR_ORIENTED_MODEL;NEGATIVE_POSITIVE_CONTROLS,Historical,digital/PRO,PROVENANCE_VERIFIED;TIMING_RELATIVE_TO_TIME_ZERO;SENSITIVE_DATA_GOVERNANCE,Not evidence of causation by itself
DIG-016,Digital/social media,Identity-label adoption sequence,DIGITAL_MEDIA_PEER,,G_METHODS;STOCHASTIC_ACTOR_ORIENTED_MODEL;NEGATIVE_POSITIVE_CONTROLS,Historical,digital/PRO,PROVENANCE_VERIFIED;TIMING_RELATIVE_TO_TIME_ZERO;SENSITIVE_DATA_GOVERNANCE,Not evidence of causation by itself
DIG-017,Digital/social media,Search intent category,DIGITAL_MEDIA_PEER,,G_METHODS;STOCHASTIC_ACTOR_ORIENTED_MODEL;NEGATIVE_POSITIVE_CONTROLS,Repeated,derived from queries,PROVENANCE_VERIFIED;TIMING_RELATIVE_TO_TIME_ZERO;LONGITUDINAL_MEASUREMENT_CONSISTENCY;SENSITIVE_DATA_GOVERNANCE,Not evidence of causation by itself
DIG-018,Digital/social media,Active versus passive engagement,DIGITAL_MEDIA_PEER,,G_METHODS;STOCHASTIC_ACTOR_ORIENTED_MODEL;NEGATIVE_POSITIVE_CONTROLS,Repeated,derived,PROVENANCE_VERIFIED;TIMING_RELATIVE_TO_TIME_ZERO;LONGITUDINAL_MEASUREMENT_CONSISTENCY;SENSITIVE_DATA_GOVERNANCE,Not evidence of causation by itself
DIG-019,Digital/social media,Platform used,DIGITAL_MEDIA_PEER,,G_METHODS;STOCHASTIC_ACTOR_ORIENTED_MODEL;NEGATIVE_POSITIVE_CONTROLS,Repeated,platform export,PROVENANCE_VERIFIED;TIMING_RELATIVE_TO_TIME_ZERO;LONGITUDINAL_MEASUREMENT_CONSISTENCY;SENSITIVE_DATA_GOVERNANCE,Not evidence of causation by itself
DIG-020,Digital/social media,Platform recommender-system change date,DIGITAL_MEDIA_PEER,,G_METHODS;STOCHASTIC_ACTOR_ORIENTED_MODEL;NEGATIVE_POSITIVE_CONTROLS,Repeated,public/platform record,PROVENANCE_VERIFIED;TIMING_RELATIVE_TO_TIME_ZERO;LONGITUDINAL_MEASUREMENT_CONSISTENCY;SENSITIVE_DATA_GOVERNANCE,Not evidence of causation by itself
EDU-001,Education,School type,EDUCATION_POLICY,,DIFFERENCE_IN_DIFFERENCES;MULTILEVEL_HIERARCHICAL_MODEL;INTERRUPTED_TIME_SERIES,Repeated,education record,PROVENANCE_VERIFIED;TIMING_RELATIVE_TO_TIME_ZERO;LONGITUDINAL_MEASUREMENT_CONSISTENCY,Not evidence of causation by itself
EDU-002,Education,School gender/sex policy version,EDUCATION_POLICY,,DIFFERENCE_IN_DIFFERENCES;MULTILEVEL_HIERARCHICAL_MODEL;INTERRUPTED_TIME_SERIES,Repeated,school record,PROVENANCE_VERIFIED;TIMING_RELATIVE_TO_TIME_ZERO;LONGITUDINAL_MEASUREMENT_CONSISTENCY,Not evidence of causation by itself
EDU-003,Education,Curriculum exposure to gender/identity content,EDUCATION_POLICY,,DIFFERENCE_IN_DIFFERENCES;MULTILEVEL_HIERARCHICAL_MODEL;INTERRUPTED_TIME_SERIES,Repeated,school record,PROVENANCE_VERIFIED;TIMING_RELATIVE_TO_TIME_ZERO;LONGITUDINAL_MEASUREMENT_CONSISTENCY,Not evidence of causation by itself
EDU-004,Education,Teacher/staff training exposure,EDUCATION_POLICY,,DIFFERENCE_IN_DIFFERENCES;MULTILEVEL_HIERARCHICAL_MODEL;INTERRUPTED_TIME_SERIES,Repeated,school record,PROVENANCE_VERIFIED;TIMING_RELATIVE_TO_TIME_ZERO;LONGITUDINAL_MEASUREMENT_CONSISTENCY,Not evidence of causation by itself
EDU-005,Education,School peer climate,EDUCATION_POLICY,,DIFFERENCE_IN_DIFFERENCES;MULTILEVEL_HIERARCHICAL_MODEL;INTERRUPTED_TIME_SERIES,Repeated,school/PRO,PROVENANCE_VERIFIED;TIMING_RELATIVE_TO_TIME_ZERO;LONGITUDINAL_MEASUREMENT_CONSISTENCY,Not evidence of causation by itself
EDU-006,Education,School bullying policy,EDUCATION_POLICY,,DIFFERENCE_IN_DIFFERENCES;MULTILEVEL_HIERARCHICAL_MODEL;INTERRUPTED_TIME_SERIES,Repeated,school record,PROVENANCE_VERIFIED;TIMING_RELATIVE_TO_TIME_ZERO;LONGITUDINAL_MEASUREMENT_CONSISTENCY,Not evidence of causation by itself
EDU-007,Education,Counselling availability/use,EDUCATION_POLICY,,DIFFERENCE_IN_DIFFERENCES;MULTILEVEL_HIERARCHICAL_MODEL;INTERRUPTED_TIME_SERIES,Repeated,school/EHR,PROVENANCE_VERIFIED;TIMING_RELATIVE_TO_TIME_ZERO;LONGITUDINAL_MEASUREMENT_CONSISTENCY,Not evidence of causation by itself
EDU-008,Education,School social-transition status,EDUCATION_POLICY,,DIFFERENCE_IN_DIFFERENCES;MULTILEVEL_HIERARCHICAL_MODEL;INTERRUPTED_TIME_SERIES,Repeated,school/participant,PROVENANCE_VERIFIED;TIMING_RELATIVE_TO_TIME_ZERO;LONGITUDINAL_MEASUREMENT_CONSISTENCY,Not evidence of causation by itself
EDU-009,Education,Attendance,EDUCATION_POLICY,,DIFFERENCE_IN_DIFFERENCES;MULTILEVEL_HIERARCHICAL_MODEL;INTERRUPTED_TIME_SERIES,Repeated,education record,PROVENANCE_VERIFIED;TIMING_RELATIVE_TO_TIME_ZERO;LONGITUDINAL_MEASUREMENT_CONSISTENCY,Not evidence of causation by itself
EDU-010,Education,Academic attainment,EDUCATION_POLICY,,DIFFERENCE_IN_DIFFERENCES;MULTILEVEL_HIERARCHICAL_MODEL;INTERRUPTED_TIME_SERIES,Repeated,education record,PROVENANCE_VERIFIED;TIMING_RELATIVE_TO_TIME_ZERO;LONGITUDINAL_MEASUREMENT_CONSISTENCY,Not evidence of causation by itself
EDU-011,Education,School change,EDUCATION_POLICY,,DIFFERENCE_IN_DIFFERENCES;MULTILEVEL_HIERARCHICAL_MODEL;INTERRUPTED_TIME_SERIES,Repeated,education record,PROVENANCE_VERIFIED;TIMING_RELATIVE_TO_TIME_ZERO;LONGITUDINAL_MEASUREMENT_CONSISTENCY,Not evidence of causation by itself
EDU-012,Education,Safeguarding events,EDUCATION_POLICY,,DIFFERENCE_IN_DIFFERENCES;MULTILEVEL_HIERARCHICAL_MODEL;INTERRUPTED_TIME_SERIES,Repeated,education/social care,PROVENANCE_VERIFIED;TIMING_RELATIVE_TO_TIME_ZERO;LONGITUDINAL_MEASUREMENT_CONSISTENCY,Not evidence of causation by itself
SOC-001,Cultural/religious/socioeconomic,Ethnicity/cultural background,POPULATION_EPIDEMIOLOGY,PUBLIC_DISCOURSE,MULTILEVEL_HIERARCHICAL_MODEL;CALIBRATION_WEIGHTING_SURVEY;SPATIAL_EPIDEMIOLOGY,Baseline,PRO/admin,PROVENANCE_VERIFIED;TIMING_RELATIVE_TO_TIME_ZERO,Not evidence of causation by itself
SOC-002,Cultural/religious/socioeconomic,Religion/belief where voluntarily provided,POPULATION_EPIDEMIOLOGY,PUBLIC_DISCOURSE,MULTILEVEL_HIERARCHICAL_MODEL;CALIBRATION_WEIGHTING_SURVEY;SPATIAL_EPIDEMIOLOGY,Repeated,PRO,PROVENANCE_VERIFIED;TIMING_RELATIVE_TO_TIME_ZERO;LONGITUDINAL_MEASUREMENT_CONSISTENCY,Not evidence of causation by itself
SOC-003,Cultural/religious/socioeconomic,Religious practice intensity,POPULATION_EPIDEMIOLOGY,PUBLIC_DISCOURSE,MULTILEVEL_HIERARCHICAL_MODEL;CALIBRATION_WEIGHTING_SURVEY;SPATIAL_EPIDEMIOLOGY,Repeated,PRO,PROVENANCE_VERIFIED;TIMING_RELATIVE_TO_TIME_ZERO;VALIDATED_MEASUREMENT_OR_MEASUREMENT_MODEL;LONGITUDINAL_MEASUREMENT_CONSISTENCY,Not evidence of causation by itself
SOC-004,Cultural/religious/socioeconomic,Community attitudes,POPULATION_EPIDEMIOLOGY,PUBLIC_DISCOURSE,MULTILEVEL_HIERARCHICAL_MODEL;CALIBRATION_WEIGHTING_SURVEY;SPATIAL_EPIDEMIOLOGY,Repeated,area/PRO,PROVENANCE_VERIFIED;TIMING_RELATIVE_TO_TIME_ZERO;LONGITUDINAL_MEASUREMENT_CONSISTENCY,Not evidence of causation by itself
SOC-005,Cultural/religious/socioeconomic,Area deprivation,POPULATION_EPIDEMIOLOGY,PUBLIC_DISCOURSE,MULTILEVEL_HIERARCHICAL_MODEL;CALIBRATION_WEIGHTING_SURVEY;SPATIAL_EPIDEMIOLOGY,Repeated,postcode-derived,PROVENANCE_VERIFIED;TIMING_RELATIVE_TO_TIME_ZERO;LONGITUDINAL_MEASUREMENT_CONSISTENCY,Not evidence of causation by itself
SOC-006,Cultural/religious/socioeconomic,Household income band,POPULATION_EPIDEMIOLOGY,PUBLIC_DISCOURSE,MULTILEVEL_HIERARCHICAL_MODEL;CALIBRATION_WEIGHTING_SURVEY;SPATIAL_EPIDEMIOLOGY,Repeated,PRO/admin,PROVENANCE_VERIFIED;TIMING_RELATIVE_TO_TIME_ZERO;LONGITUDINAL_MEASUREMENT_CONSISTENCY,Not evidence of causation by itself
SOC-007,Cultural/religious/socioeconomic,Housing instability,POPULATION_EPIDEMIOLOGY,PUBLIC_DISCOURSE,MULTILEVEL_HIERARCHICAL_MODEL;CALIBRATION_WEIGHTING_SURVEY;SPATIAL_EPIDEMIOLOGY,Repeated,admin/PRO,PROVENANCE_VERIFIED;TIMING_RELATIVE_TO_TIME_ZERO;LONGITUDINAL_MEASUREMENT_CONSISTENCY,Not evidence of causation by itself
SOC-008,Cultural/religious/socioeconomic,Urban/rural setting,POPULATION_EPIDEMIOLOGY,PUBLIC_DISCOURSE,MULTILEVEL_HIERARCHICAL_MODEL;CALIBRATION_WEIGHTING_SURVEY;SPATIAL_EPIDEMIOLOGY,Repeated,postcode-derived,PROVENANCE_VERIFIED;TIMING_RELATIVE_TO_TIME_ZERO;LONGITUDINAL_MEASUREMENT_CONSISTENCY,Not evidence of causation by itself
SOC-009,Cultural/religious/socioeconomic,Local political/policy context,POPULATION_EPIDEMIOLOGY,PUBLIC_DISCOURSE,MULTILEVEL_HIERARCHICAL_MODEL;CALIBRATION_WEIGHTING_SURVEY;SPATIAL_EPIDEMIOLOGY,Repeated,public records,PROVENANCE_VERIFIED;TIMING_RELATIVE_TO_TIME_ZERO;LONGITUDINAL_MEASUREMENT_CONSISTENCY,Not evidence of causation by itself
SOC-010,Cultural/religious/socioeconomic,Community social support,POPULATION_EPIDEMIOLOGY,PUBLIC_DISCOURSE,MULTILEVEL_HIERARCHICAL_MODEL;CALIBRATION_WEIGHTING_SURVEY;SPATIAL_EPIDEMIOLOGY,Repeated,PRO,PROVENANCE_VERIFIED;TIMING_RELATIVE_TO_TIME_ZERO;VALIDATED_MEASUREMENT_OR_MEASUREMENT_MODEL;LONGITUDINAL_MEASUREMENT_CONSISTENCY,Not evidence of causation by itself
MIN-001,Minority stress/discrimination,Direct discrimination events,PSYCHIATRIC_PSYCHOLOGICAL,POPULATION_EPIDEMIOLOGY,MULTILEVEL_HIERARCHICAL_MODEL;CAUSAL_MEDIATION_INTERVENTIONAL_EFFECTS;QUALITATIVE_COMPARATIVE_ANALYSIS,Repeated,PRO/admin,PROVENANCE_VERIFIED;TIMING_RELATIVE_TO_TIME_ZERO;LONGITUDINAL_MEASUREMENT_CONSISTENCY;SENSITIVE_DATA_GOVERNANCE,Not evidence of causation by itself
MIN-002,Minority stress/discrimination,Anticipated stigma,PSYCHIATRIC_PSYCHOLOGICAL,POPULATION_EPIDEMIOLOGY,MULTILEVEL_HIERARCHICAL_MODEL;CAUSAL_MEDIATION_INTERVENTIONAL_EFFECTS;QUALITATIVE_COMPARATIVE_ANALYSIS,Repeated,PRO,PROVENANCE_VERIFIED;TIMING_RELATIVE_TO_TIME_ZERO;VALIDATED_MEASUREMENT_OR_MEASUREMENT_MODEL;LONGITUDINAL_MEASUREMENT_CONSISTENCY;SENSITIVE_DATA_GOVERNANCE,Not evidence of causation by itself
MIN-003,Minority stress/discrimination,Concealment pressure,PSYCHIATRIC_PSYCHOLOGICAL,POPULATION_EPIDEMIOLOGY,MULTILEVEL_HIERARCHICAL_MODEL;CAUSAL_MEDIATION_INTERVENTIONAL_EFFECTS;QUALITATIVE_COMPARATIVE_ANALYSIS,Repeated,PRO,PROVENANCE_VERIFIED;TIMING_RELATIVE_TO_TIME_ZERO;VALIDATED_MEASUREMENT_OR_MEASUREMENT_MODEL;LONGITUDINAL_MEASUREMENT_CONSISTENCY;SENSITIVE_DATA_GOVERNANCE,Not evidence of causation by itself
MIN-004,Minority stress/discrimination,Identity-related rejection,PSYCHIATRIC_PSYCHOLOGICAL,POPULATION_EPIDEMIOLOGY,MULTILEVEL_HIERARCHICAL_MODEL;CAUSAL_MEDIATION_INTERVENTIONAL_EFFECTS;QUALITATIVE_COMPARATIVE_ANALYSIS,Repeated,PRO,PROVENANCE_VERIFIED;TIMING_RELATIVE_TO_TIME_ZERO;LONGITUDINAL_MEASUREMENT_CONSISTENCY;SENSITIVE_DATA_GOVERNANCE,Not evidence of causation by itself
MIN-005,Minority stress/discrimination,Identity-related violence,PSYCHIATRIC_PSYCHOLOGICAL,POPULATION_EPIDEMIOLOGY,MULTILEVEL_HIERARCHICAL_MODEL;CAUSAL_MEDIATION_INTERVENTIONAL_EFFECTS;QUALITATIVE_COMPARATIVE_ANALYSIS,Repeated,PRO/admin,PROVENANCE_VERIFIED;TIMING_RELATIVE_TO_TIME_ZERO;LONGITUDINAL_MEASUREMENT_CONSISTENCY;SENSITIVE_DATA_GOVERNANCE,Not evidence of causation by itself
MIN-006,Minority stress/discrimination,Internalised stigma,PSYCHIATRIC_PSYCHOLOGICAL,POPULATION_EPIDEMIOLOGY,MULTILEVEL_HIERARCHICAL_MODEL;CAUSAL_MEDIATION_INTERVENTIONAL_EFFECTS;QUALITATIVE_COMPARATIVE_ANALYSIS,Repeated,PRO,PROVENANCE_VERIFIED;TIMING_RELATIVE_TO_TIME_ZERO;VALIDATED_MEASUREMENT_OR_MEASUREMENT_MODEL;LONGITUDINAL_MEASUREMENT_CONSISTENCY;SENSITIVE_DATA_GOVERNANCE,Not evidence of causation by itself
MIN-007,Minority stress/discrimination,Affirming social support,PSYCHIATRIC_PSYCHOLOGICAL,POPULATION_EPIDEMIOLOGY,MULTILEVEL_HIERARCHICAL_MODEL;CAUSAL_MEDIATION_INTERVENTIONAL_EFFECTS;QUALITATIVE_COMPARATIVE_ANALYSIS,Repeated,PRO,PROVENANCE_VERIFIED;TIMING_RELATIVE_TO_TIME_ZERO;VALIDATED_MEASUREMENT_OR_MEASUREMENT_MODEL;LONGITUDINAL_MEASUREMENT_CONSISTENCY;SENSITIVE_DATA_GOVERNANCE,Not evidence of causation by itself
MIN-008,Minority stress/discrimination,Discrimination timing relative to distress,PSYCHIATRIC_PSYCHOLOGICAL,POPULATION_EPIDEMIOLOGY,MULTILEVEL_HIERARCHICAL_MODEL;CAUSAL_MEDIATION_INTERVENTIONAL_EFFECTS;QUALITATIVE_COMPARATIVE_ANALYSIS,Analysis,derived,PROVENANCE_VERIFIED;TIMING_RELATIVE_TO_TIME_ZERO;SENSITIVE_DATA_GOVERNANCE,Not evidence of causation by itself
MKT-001,Marketing/media/advocacy,Commercial advertising impressions,PUBLIC_DISCOURSE,DIGITAL_MEDIA_PEER,QUANTITATIVE_CONTENT_ANALYSIS;FRAME_ANALYSIS;CORPUS_LINGUISTICS,Repeated,platform/ad archive,PROVENANCE_VERIFIED;TIMING_RELATIVE_TO_TIME_ZERO;LONGITUDINAL_MEASUREMENT_CONSISTENCY,Not evidence of causation by itself
MKT-002,Marketing/media/advocacy,Healthcare provider marketing exposure,PUBLIC_DISCOURSE,DIGITAL_MEDIA_PEER,QUANTITATIVE_CONTENT_ANALYSIS;FRAME_ANALYSIS;CORPUS_LINGUISTICS,Repeated,digital/public,PROVENANCE_VERIFIED;TIMING_RELATIVE_TO_TIME_ZERO;LONGITUDINAL_MEASUREMENT_CONSISTENCY,Not evidence of causation by itself
MKT-003,Marketing/media/advocacy,Influencer sponsorship exposure,PUBLIC_DISCOURSE,DIGITAL_MEDIA_PEER,QUANTITATIVE_CONTENT_ANALYSIS;FRAME_ANALYSIS;CORPUS_LINGUISTICS,Repeated,digital,PROVENANCE_VERIFIED;TIMING_RELATIVE_TO_TIME_ZERO;LONGITUDINAL_MEASUREMENT_CONSISTENCY,Not evidence of causation by itself
MKT-004,Marketing/media/advocacy,Advocacy campaign exposure,PUBLIC_DISCOURSE,DIGITAL_MEDIA_PEER,QUANTITATIVE_CONTENT_ANALYSIS;FRAME_ANALYSIS;CORPUS_LINGUISTICS,Repeated,digital/public,PROVENANCE_VERIFIED;TIMING_RELATIVE_TO_TIME_ZERO;LONGITUDINAL_MEASUREMENT_CONSISTENCY,Not evidence of causation by itself
MKT-005,Marketing/media/advocacy,Mainstream news exposure,PUBLIC_DISCOURSE,DIGITAL_MEDIA_PEER,QUANTITATIVE_CONTENT_ANALYSIS;FRAME_ANALYSIS;CORPUS_LINGUISTICS,Repeated,digital/PRO,PROVENANCE_VERIFIED;TIMING_RELATIVE_TO_TIME_ZERO;LONGITUDINAL_MEASUREMENT_CONSISTENCY,Not evidence of causation by itself
MKT-006,Marketing/media/advocacy,Entertainment media exposure,PUBLIC_DISCOURSE,DIGITAL_MEDIA_PEER,QUANTITATIVE_CONTENT_ANALYSIS;FRAME_ANALYSIS;CORPUS_LINGUISTICS,Repeated,digital/PRO,PROVENANCE_VERIFIED;TIMING_RELATIVE_TO_TIME_ZERO;LONGITUDINAL_MEASUREMENT_CONSISTENCY,Not evidence of causation by itself
MKT-007,Marketing/media/advocacy,Message framing category,PUBLIC_DISCOURSE,DIGITAL_MEDIA_PEER,QUANTITATIVE_CONTENT_ANALYSIS;FRAME_ANALYSIS;CORPUS_LINGUISTICS,Repeated,content coding,PROVENANCE_VERIFIED;TIMING_RELATIVE_TO_TIME_ZERO;LONGITUDINAL_MEASUREMENT_CONSISTENCY,Not evidence of causation by itself
MKT-008,Marketing/media/advocacy,Authority cue presence,PUBLIC_DISCOURSE,DIGITAL_MEDIA_PEER,QUANTITATIVE_CONTENT_ANALYSIS;FRAME_ANALYSIS;CORPUS_LINGUISTICS,Repeated,content coding,PROVENANCE_VERIFIED;TIMING_RELATIVE_TO_TIME_ZERO;LONGITUDINAL_MEASUREMENT_CONSISTENCY,Not evidence of causation by itself
MKT-009,Marketing/media/advocacy,Emotional framing intensity,PUBLIC_DISCOURSE,DIGITAL_MEDIA_PEER,QUANTITATIVE_CONTENT_ANALYSIS;FRAME_ANALYSIS;CORPUS_LINGUISTICS,Repeated,content coding,PROVENANCE_VERIFIED;TIMING_RELATIVE_TO_TIME_ZERO;VALIDATED_MEASUREMENT_OR_MEASUREMENT_MODEL;LONGITUDINAL_MEASUREMENT_CONSISTENCY,Not evidence of causation by itself
MKT-010,Marketing/media/advocacy,Targeted versus incidental exposure,PUBLIC_DISCOURSE,DIGITAL_MEDIA_PEER,QUANTITATIVE_CONTENT_ANALYSIS;FRAME_ANALYSIS;CORPUS_LINGUISTICS,Repeated,platform export,PROVENANCE_VERIFIED;TIMING_RELATIVE_TO_TIME_ZERO;LONGITUDINAL_MEASUREMENT_CONSISTENCY,Not evidence of causation by itself
MKT-011,Marketing/media/advocacy,Engagement response,PUBLIC_DISCOURSE,DIGITAL_MEDIA_PEER,QUANTITATIVE_CONTENT_ANALYSIS;FRAME_ANALYSIS;CORPUS_LINGUISTICS,Repeated,platform export,PROVENANCE_VERIFIED;TIMING_RELATIVE_TO_TIME_ZERO;LONGITUDINAL_MEASUREMENT_CONSISTENCY,Not evidence of causation by itself
MKT-012,Marketing/media/advocacy,Commercial conflict/sponsorship disclosure,PUBLIC_DISCOURSE,DIGITAL_MEDIA_PEER,QUANTITATIVE_CONTENT_ANALYSIS;FRAME_ANALYSIS;CORPUS_LINGUISTICS,Repeated,public records,PROVENANCE_VERIFIED;TIMING_RELATIVE_TO_TIME_ZERO;LONGITUDINAL_MEASUREMENT_CONSISTENCY,Not evidence of causation by itself
HC-001,Healthcare pathway,Date of first healthcare presentation,SERVICE_REFERRAL_ASCERTAINMENT,CLINICAL_DEVELOPMENTAL,SURVIVAL_EVENT_HISTORY;STANDARDISATION_DECOMPOSITION;TARGET_TRIAL_EMULATION,Historical,EHR,PROVENANCE_VERIFIED;TIMING_RELATIVE_TO_TIME_ZERO,Not evidence of causation by itself
HC-002,Healthcare pathway,Referral source,SERVICE_REFERRAL_ASCERTAINMENT,CLINICAL_DEVELOPMENTAL,SURVIVAL_EVENT_HISTORY;STANDARDISATION_DECOMPOSITION;TARGET_TRIAL_EMULATION,Historical,EHR,PROVENANCE_VERIFIED;TIMING_RELATIVE_TO_TIME_ZERO,Not evidence of causation by itself
HC-003,Healthcare pathway,Waiting time to specialist assessment,SERVICE_REFERRAL_ASCERTAINMENT,CLINICAL_DEVELOPMENTAL,SURVIVAL_EVENT_HISTORY;STANDARDISATION_DECOMPOSITION;TARGET_TRIAL_EMULATION,Repeated,EHR,PROVENANCE_VERIFIED;TIMING_RELATIVE_TO_TIME_ZERO;LONGITUDINAL_MEASUREMENT_CONSISTENCY,Not evidence of causation by itself
HC-004,Healthcare pathway,Pre-referral mental-health care,SERVICE_REFERRAL_ASCERTAINMENT,CLINICAL_DEVELOPMENTAL,SURVIVAL_EVENT_HISTORY;STANDARDISATION_DECOMPOSITION;TARGET_TRIAL_EMULATION,Historical,EHR,PROVENANCE_VERIFIED;TIMING_RELATIVE_TO_TIME_ZERO,Not evidence of causation by itself
HC-005,Healthcare pathway,Diagnostic framework used,SERVICE_REFERRAL_ASCERTAINMENT,CLINICAL_DEVELOPMENTAL,SURVIVAL_EVENT_HISTORY;STANDARDISATION_DECOMPOSITION;TARGET_TRIAL_EMULATION,Repeated,EHR,PROVENANCE_VERIFIED;TIMING_RELATIVE_TO_TIME_ZERO;LONGITUDINAL_MEASUREMENT_CONSISTENCY,Not evidence of causation by itself
HC-006,Healthcare pathway,Assessment duration,SERVICE_REFERRAL_ASCERTAINMENT,CLINICAL_DEVELOPMENTAL,SURVIVAL_EVENT_HISTORY;STANDARDISATION_DECOMPOSITION;TARGET_TRIAL_EMULATION,Repeated,EHR,PROVENANCE_VERIFIED;TIMING_RELATIVE_TO_TIME_ZERO;LONGITUDINAL_MEASUREMENT_CONSISTENCY,Not evidence of causation by itself
HC-007,Healthcare pathway,Number/profession of assessors,SERVICE_REFERRAL_ASCERTAINMENT,CLINICAL_DEVELOPMENTAL,SURVIVAL_EVENT_HISTORY;STANDARDISATION_DECOMPOSITION;TARGET_TRIAL_EMULATION,Repeated,EHR,PROVENANCE_VERIFIED;TIMING_RELATIVE_TO_TIME_ZERO;LONGITUDINAL_MEASUREMENT_CONSISTENCY,Not evidence of causation by itself
HC-008,Healthcare pathway,MDT review present,SERVICE_REFERRAL_ASCERTAINMENT,CLINICAL_DEVELOPMENTAL,SURVIVAL_EVENT_HISTORY;STANDARDISATION_DECOMPOSITION;TARGET_TRIAL_EMULATION,Repeated,EHR,PROVENANCE_VERIFIED;TIMING_RELATIVE_TO_TIME_ZERO;LONGITUDINAL_MEASUREMENT_CONSISTENCY,Not evidence of causation by itself
HC-009,Healthcare pathway,Psychiatric assessment completeness,SERVICE_REFERRAL_ASCERTAINMENT,CLINICAL_DEVELOPMENTAL,SURVIVAL_EVENT_HISTORY;STANDARDISATION_DECOMPOSITION;TARGET_TRIAL_EMULATION,Repeated,EHR,PROVENANCE_VERIFIED;TIMING_RELATIVE_TO_TIME_ZERO;VALIDATED_MEASUREMENT_OR_MEASUREMENT_MODEL;LONGITUDINAL_MEASUREMENT_CONSISTENCY,Not evidence of causation by itself
HC-010,Healthcare pathway,Neurodevelopmental assessment completeness,SERVICE_REFERRAL_ASCERTAINMENT,CLINICAL_DEVELOPMENTAL,SURVIVAL_EVENT_HISTORY;STANDARDISATION_DECOMPOSITION;TARGET_TRIAL_EMULATION,Repeated,EHR,PROVENANCE_VERIFIED;TIMING_RELATIVE_TO_TIME_ZERO;VALIDATED_MEASUREMENT_OR_MEASUREMENT_MODEL;LONGITUDINAL_MEASUREMENT_CONSISTENCY,Not evidence of causation by itself
HC-011,Healthcare pathway,Differential diagnoses considered,SERVICE_REFERRAL_ASCERTAINMENT,CLINICAL_DEVELOPMENTAL,SURVIVAL_EVENT_HISTORY;STANDARDISATION_DECOMPOSITION;TARGET_TRIAL_EMULATION,Repeated,EHR,PROVENANCE_VERIFIED;TIMING_RELATIVE_TO_TIME_ZERO;LONGITUDINAL_MEASUREMENT_CONSISTENCY,Not evidence of causation by itself
HC-012,Healthcare pathway,Biopsychosocial formulation documented,SERVICE_REFERRAL_ASCERTAINMENT,CLINICAL_DEVELOPMENTAL,SURVIVAL_EVENT_HISTORY;STANDARDISATION_DECOMPOSITION;TARGET_TRIAL_EMULATION,Repeated,EHR,PROVENANCE_VERIFIED;TIMING_RELATIVE_TO_TIME_ZERO;LONGITUDINAL_MEASUREMENT_CONSISTENCY,Not evidence of causation by itself
HC-013,Healthcare pathway,Validated instruments used,SERVICE_REFERRAL_ASCERTAINMENT,CLINICAL_DEVELOPMENTAL,SURVIVAL_EVENT_HISTORY;STANDARDISATION_DECOMPOSITION;TARGET_TRIAL_EMULATION,Repeated,EHR,PROVENANCE_VERIFIED;TIMING_RELATIVE_TO_TIME_ZERO;LONGITUDINAL_MEASUREMENT_CONSISTENCY,Not evidence of causation by itself
HC-014,Healthcare pathway,Social-transition advice,SERVICE_REFERRAL_ASCERTAINMENT,CLINICAL_DEVELOPMENTAL,SURVIVAL_EVENT_HISTORY;STANDARDISATION_DECOMPOSITION;TARGET_TRIAL_EMULATION,Repeated,EHR,PROVENANCE_VERIFIED;TIMING_RELATIVE_TO_TIME_ZERO;LONGITUDINAL_MEASUREMENT_CONSISTENCY,Not evidence of causation by itself
HC-015,Healthcare pathway,Psychological intervention,SERVICE_REFERRAL_ASCERTAINMENT,CLINICAL_DEVELOPMENTAL,SURVIVAL_EVENT_HISTORY;STANDARDISATION_DECOMPOSITION;TARGET_TRIAL_EMULATION,Repeated,EHR,PROVENANCE_VERIFIED;TIMING_RELATIVE_TO_TIME_ZERO;LONGITUDINAL_MEASUREMENT_CONSISTENCY,Not evidence of causation by itself
HC-016,Healthcare pathway,Endocrine referral,SERVICE_REFERRAL_ASCERTAINMENT,CLINICAL_DEVELOPMENTAL,SURVIVAL_EVENT_HISTORY;STANDARDISATION_DECOMPOSITION;TARGET_TRIAL_EMULATION,Repeated,EHR,PROVENANCE_VERIFIED;TIMING_RELATIVE_TO_TIME_ZERO;LONGITUDINAL_MEASUREMENT_CONSISTENCY,Not evidence of causation by itself
HC-017,Healthcare pathway,Hormonal treatment exposure,SERVICE_REFERRAL_ASCERTAINMENT,CLINICAL_DEVELOPMENTAL,SURVIVAL_EVENT_HISTORY;STANDARDISATION_DECOMPOSITION;TARGET_TRIAL_EMULATION,Repeated,EHR,PROVENANCE_VERIFIED;TIMING_RELATIVE_TO_TIME_ZERO;LONGITUDINAL_MEASUREMENT_CONSISTENCY,Not evidence of causation by itself
HC-018,Healthcare pathway,Surgical treatment exposure,SERVICE_REFERRAL_ASCERTAINMENT,CLINICAL_DEVELOPMENTAL,SURVIVAL_EVENT_HISTORY;STANDARDISATION_DECOMPOSITION;TARGET_TRIAL_EMULATION,Repeated,EHR,PROVENANCE_VERIFIED;TIMING_RELATIVE_TO_TIME_ZERO;LONGITUDINAL_MEASUREMENT_CONSISTENCY,Not evidence of causation by itself
HC-019,Healthcare pathway,Consent process completeness,SERVICE_REFERRAL_ASCERTAINMENT,CLINICAL_DEVELOPMENTAL,SURVIVAL_EVENT_HISTORY;STANDARDISATION_DECOMPOSITION;TARGET_TRIAL_EMULATION,Repeated,EHR,PROVENANCE_VERIFIED;TIMING_RELATIVE_TO_TIME_ZERO;VALIDATED_MEASUREMENT_OR_MEASUREMENT_MODEL;LONGITUDINAL_MEASUREMENT_CONSISTENCY,Not evidence of causation by itself
HC-020,Healthcare pathway,Follow-up intensity,SERVICE_REFERRAL_ASCERTAINMENT,CLINICAL_DEVELOPMENTAL,SURVIVAL_EVENT_HISTORY;STANDARDISATION_DECOMPOSITION;TARGET_TRIAL_EMULATION,Repeated,EHR,PROVENANCE_VERIFIED;TIMING_RELATIVE_TO_TIME_ZERO;LONGITUDINAL_MEASUREMENT_CONSISTENCY,Not evidence of causation by itself
HC-021,Healthcare pathway,Outcome measurement completeness,SERVICE_REFERRAL_ASCERTAINMENT,CLINICAL_DEVELOPMENTAL,SURVIVAL_EVENT_HISTORY;STANDARDISATION_DECOMPOSITION;TARGET_TRIAL_EMULATION,Repeated,EHR,PROVENANCE_VERIFIED;TIMING_RELATIVE_TO_TIME_ZERO;VALIDATED_MEASUREMENT_OR_MEASUREMENT_MODEL;LONGITUDINAL_MEASUREMENT_CONSISTENCY,Not evidence of causation by itself
HC-022,Healthcare pathway,Treatment discontinuation/change,SERVICE_REFERRAL_ASCERTAINMENT,CLINICAL_DEVELOPMENTAL,SURVIVAL_EVENT_HISTORY;STANDARDISATION_DECOMPOSITION;TARGET_TRIAL_EMULATION,Repeated,EHR/PRO,PROVENANCE_VERIFIED;TIMING_RELATIVE_TO_TIME_ZERO;LONGITUDINAL_MEASUREMENT_CONSISTENCY,Not evidence of causation by itself
CLN-001,Clinician,Clinician profession/specialty,PROFESSIONAL_GUIDELINE,CLINICAL_DEVELOPMENTAL,MULTILEVEL_HIERARCHICAL_MODEL;RANDOMISED_AB_TEST;PROCESS_TRACING,Repeated,workforce data,PROVENANCE_VERIFIED;TIMING_RELATIVE_TO_TIME_ZERO;LONGITUDINAL_MEASUREMENT_CONSISTENCY,Not evidence of causation by itself
CLN-002,Clinician,Years of clinical experience,PROFESSIONAL_GUIDELINE,CLINICAL_DEVELOPMENTAL,MULTILEVEL_HIERARCHICAL_MODEL;RANDOMISED_AB_TEST;PROCESS_TRACING,Repeated,workforce data,PROVENANCE_VERIFIED;TIMING_RELATIVE_TO_TIME_ZERO;LONGITUDINAL_MEASUREMENT_CONSISTENCY,Not evidence of causation by itself
CLN-003,Clinician,Gender-service case volume,PROFESSIONAL_GUIDELINE,CLINICAL_DEVELOPMENTAL,MULTILEVEL_HIERARCHICAL_MODEL;RANDOMISED_AB_TEST;PROCESS_TRACING,Repeated,service data,PROVENANCE_VERIFIED;TIMING_RELATIVE_TO_TIME_ZERO;LONGITUDINAL_MEASUREMENT_CONSISTENCY,Not evidence of causation by itself
CLN-004,Clinician,Assessment time available,PROFESSIONAL_GUIDELINE,CLINICAL_DEVELOPMENTAL,MULTILEVEL_HIERARCHICAL_MODEL;RANDOMISED_AB_TEST;PROCESS_TRACING,Repeated,service data,PROVENANCE_VERIFIED;TIMING_RELATIVE_TO_TIME_ZERO;LONGITUDINAL_MEASUREMENT_CONSISTENCY,Not evidence of causation by itself
CLN-005,Clinician,Clinical supervision frequency,PROFESSIONAL_GUIDELINE,CLINICAL_DEVELOPMENTAL,MULTILEVEL_HIERARCHICAL_MODEL;RANDOMISED_AB_TEST;PROCESS_TRACING,Repeated,service data,PROVENANCE_VERIFIED;TIMING_RELATIVE_TO_TIME_ZERO;LONGITUDINAL_MEASUREMENT_CONSISTENCY,Not evidence of causation by itself
CLN-006,Clinician,Guideline/service-specification version used,PROFESSIONAL_GUIDELINE,CLINICAL_DEVELOPMENTAL,MULTILEVEL_HIERARCHICAL_MODEL;RANDOMISED_AB_TEST;PROCESS_TRACING,Repeated,EHR/service,PROVENANCE_VERIFIED;TIMING_RELATIVE_TO_TIME_ZERO;LONGITUDINAL_MEASUREMENT_CONSISTENCY,Not evidence of causation by itself
CLN-007,Clinician,Required-domain completion rate,PROFESSIONAL_GUIDELINE,CLINICAL_DEVELOPMENTAL,MULTILEVEL_HIERARCHICAL_MODEL;RANDOMISED_AB_TEST;PROCESS_TRACING,Repeated,audit,PROVENANCE_VERIFIED;TIMING_RELATIVE_TO_TIME_ZERO;LONGITUDINAL_MEASUREMENT_CONSISTENCY,Not evidence of causation by itself
CLN-008,Clinician,Diagnostic decision in blinded vignette,PROFESSIONAL_GUIDELINE,CLINICAL_DEVELOPMENTAL,MULTILEVEL_HIERARCHICAL_MODEL;RANDOMISED_AB_TEST;PROCESS_TRACING,Repeated,research experiment,PROVENANCE_VERIFIED;TIMING_RELATIVE_TO_TIME_ZERO;LONGITUDINAL_MEASUREMENT_CONSISTENCY,Not evidence of causation by itself
CLN-009,Clinician,Treatment recommendation in blinded vignette,PROFESSIONAL_GUIDELINE,CLINICAL_DEVELOPMENTAL,MULTILEVEL_HIERARCHICAL_MODEL;RANDOMISED_AB_TEST;PROCESS_TRACING,Repeated,research experiment,PROVENANCE_VERIFIED;TIMING_RELATIVE_TO_TIME_ZERO;LONGITUDINAL_MEASUREMENT_CONSISTENCY,Not evidence of causation by itself
CLN-010,Clinician,Decision confidence,PROFESSIONAL_GUIDELINE,CLINICAL_DEVELOPMENTAL,MULTILEVEL_HIERARCHICAL_MODEL;RANDOMISED_AB_TEST;PROCESS_TRACING,Repeated,research experiment,PROVENANCE_VERIFIED;TIMING_RELATIVE_TO_TIME_ZERO;LONGITUDINAL_MEASUREMENT_CONSISTENCY,Not evidence of causation by itself
CLN-011,Clinician,Inter-rater agreement,PROFESSIONAL_GUIDELINE,CLINICAL_DEVELOPMENTAL,MULTILEVEL_HIERARCHICAL_MODEL;RANDOMISED_AB_TEST;PROCESS_TRACING,Analysis,derived,PROVENANCE_VERIFIED;TIMING_RELATIVE_TO_TIME_ZERO,Not evidence of causation by itself
CLN-012,Clinician,Outcome feedback available to clinician,PROFESSIONAL_GUIDELINE,CLINICAL_DEVELOPMENTAL,MULTILEVEL_HIERARCHICAL_MODEL;RANDOMISED_AB_TEST;PROCESS_TRACING,Repeated,service data,PROVENANCE_VERIFIED;TIMING_RELATIVE_TO_TIME_ZERO;LONGITUDINAL_MEASUREMENT_CONSISTENCY,Not evidence of causation by itself
CLN-013,Clinician,Training programme exposure,PROFESSIONAL_GUIDELINE,CLINICAL_DEVELOPMENTAL,MULTILEVEL_HIERARCHICAL_MODEL;RANDOMISED_AB_TEST;PROCESS_TRACING,Repeated,workforce data,PROVENANCE_VERIFIED;TIMING_RELATIVE_TO_TIME_ZERO;LONGITUDINAL_MEASUREMENT_CONSISTENCY,Not evidence of causation by itself
CLN-014,Clinician,Declared relevant conflict/affiliation,PROFESSIONAL_GUIDELINE,CLINICAL_DEVELOPMENTAL,MULTILEVEL_HIERARCHICAL_MODEL;RANDOMISED_AB_TEST;PROCESS_TRACING,Repeated,public/declaration,PROVENANCE_VERIFIED;TIMING_RELATIVE_TO_TIME_ZERO;LONGITUDINAL_MEASUREMENT_CONSISTENCY,Not evidence of causation by itself
INS-001,Institutional/service,Clinic/service identity,SERVICE_REFERRAL_ASCERTAINMENT,PROFESSIONAL_GUIDELINE,INTERRUPTED_TIME_SERIES;STANDARDISATION_DECOMPOSITION;CONTRIBUTION_ANALYSIS,Repeated,service data,PROVENANCE_VERIFIED;TIMING_RELATIVE_TO_TIME_ZERO;LONGITUDINAL_MEASUREMENT_CONSISTENCY,Not evidence of causation by itself
INS-002,Institutional/service,Service model,SERVICE_REFERRAL_ASCERTAINMENT,PROFESSIONAL_GUIDELINE,INTERRUPTED_TIME_SERIES;STANDARDISATION_DECOMPOSITION;CONTRIBUTION_ANALYSIS,Repeated,service spec,PROVENANCE_VERIFIED;TIMING_RELATIVE_TO_TIME_ZERO;LONGITUDINAL_MEASUREMENT_CONSISTENCY,Not evidence of causation by itself
INS-003,Institutional/service,Local pathway version,SERVICE_REFERRAL_ASCERTAINMENT,PROFESSIONAL_GUIDELINE,INTERRUPTED_TIME_SERIES;STANDARDISATION_DECOMPOSITION;CONTRIBUTION_ANALYSIS,Repeated,service data,PROVENANCE_VERIFIED;TIMING_RELATIVE_TO_TIME_ZERO;LONGITUDINAL_MEASUREMENT_CONSISTENCY,Not evidence of causation by itself
INS-004,Institutional/service,Staffing ratio,SERVICE_REFERRAL_ASCERTAINMENT,PROFESSIONAL_GUIDELINE,INTERRUPTED_TIME_SERIES;STANDARDISATION_DECOMPOSITION;CONTRIBUTION_ANALYSIS,Repeated,service data,PROVENANCE_VERIFIED;TIMING_RELATIVE_TO_TIME_ZERO;LONGITUDINAL_MEASUREMENT_CONSISTENCY,Not evidence of causation by itself
INS-005,Institutional/service,Caseload pressure,SERVICE_REFERRAL_ASCERTAINMENT,PROFESSIONAL_GUIDELINE,INTERRUPTED_TIME_SERIES;STANDARDISATION_DECOMPOSITION;CONTRIBUTION_ANALYSIS,Repeated,service data,PROVENANCE_VERIFIED;TIMING_RELATIVE_TO_TIME_ZERO;LONGITUDINAL_MEASUREMENT_CONSISTENCY,Not evidence of causation by itself
INS-006,Institutional/service,Waiting-list size,SERVICE_REFERRAL_ASCERTAINMENT,PROFESSIONAL_GUIDELINE,INTERRUPTED_TIME_SERIES;STANDARDISATION_DECOMPOSITION;CONTRIBUTION_ANALYSIS,Repeated,service data,PROVENANCE_VERIFIED;TIMING_RELATIVE_TO_TIME_ZERO;LONGITUDINAL_MEASUREMENT_CONSISTENCY,Not evidence of causation by itself
INS-007,Institutional/service,Assessment template version,SERVICE_REFERRAL_ASCERTAINMENT,PROFESSIONAL_GUIDELINE,INTERRUPTED_TIME_SERIES;STANDARDISATION_DECOMPOSITION;CONTRIBUTION_ANALYSIS,Repeated,service data,PROVENANCE_VERIFIED;TIMING_RELATIVE_TO_TIME_ZERO;LONGITUDINAL_MEASUREMENT_CONSISTENCY,Not evidence of causation by itself
INS-008,Institutional/service,MDT composition,SERVICE_REFERRAL_ASCERTAINMENT,PROFESSIONAL_GUIDELINE,INTERRUPTED_TIME_SERIES;STANDARDISATION_DECOMPOSITION;CONTRIBUTION_ANALYSIS,Repeated,service data,PROVENANCE_VERIFIED;TIMING_RELATIVE_TO_TIME_ZERO;LONGITUDINAL_MEASUREMENT_CONSISTENCY,Not evidence of causation by itself
INS-009,Institutional/service,Audit/research maturity,SERVICE_REFERRAL_ASCERTAINMENT,PROFESSIONAL_GUIDELINE,INTERRUPTED_TIME_SERIES;STANDARDISATION_DECOMPOSITION;CONTRIBUTION_ANALYSIS,Repeated,service audit,PROVENANCE_VERIFIED;TIMING_RELATIVE_TO_TIME_ZERO;LONGITUDINAL_MEASUREMENT_CONSISTENCY,Not evidence of causation by itself
INS-010,Institutional/service,Outcome follow-up completeness,SERVICE_REFERRAL_ASCERTAINMENT,PROFESSIONAL_GUIDELINE,INTERRUPTED_TIME_SERIES;STANDARDISATION_DECOMPOSITION;CONTRIBUTION_ANALYSIS,Repeated,service data,PROVENANCE_VERIFIED;TIMING_RELATIVE_TO_TIME_ZERO;LONGITUDINAL_MEASUREMENT_CONSISTENCY,Not evidence of causation by itself
INS-011,Institutional/service,Referral threshold,SERVICE_REFERRAL_ASCERTAINMENT,PROFESSIONAL_GUIDELINE,INTERRUPTED_TIME_SERIES;STANDARDISATION_DECOMPOSITION;CONTRIBUTION_ANALYSIS,Repeated,service data,PROVENANCE_VERIFIED;TIMING_RELATIVE_TO_TIME_ZERO;LONGITUDINAL_MEASUREMENT_CONSISTENCY,Not evidence of causation by itself
INS-012,Institutional/service,Eligibility criteria,SERVICE_REFERRAL_ASCERTAINMENT,PROFESSIONAL_GUIDELINE,INTERRUPTED_TIME_SERIES;STANDARDISATION_DECOMPOSITION;CONTRIBUTION_ANALYSIS,Repeated,service data,PROVENANCE_VERIFIED;TIMING_RELATIVE_TO_TIME_ZERO;LONGITUDINAL_MEASUREMENT_CONSISTENCY,Not evidence of causation by itself
INS-013,Institutional/service,Commissioning policy version,SERVICE_REFERRAL_ASCERTAINMENT,PROFESSIONAL_GUIDELINE,INTERRUPTED_TIME_SERIES;STANDARDISATION_DECOMPOSITION;CONTRIBUTION_ANALYSIS,Repeated,public/service,PROVENANCE_VERIFIED;TIMING_RELATIVE_TO_TIME_ZERO;LONGITUDINAL_MEASUREMENT_CONSISTENCY,Not evidence of causation by itself
INS-014,Institutional/service,Clinical governance incident history,SERVICE_REFERRAL_ASCERTAINMENT,PROFESSIONAL_GUIDELINE,INTERRUPTED_TIME_SERIES;STANDARDISATION_DECOMPOSITION;CONTRIBUTION_ANALYSIS,Repeated,service records,PROVENANCE_VERIFIED;TIMING_RELATIVE_TO_TIME_ZERO;LONGITUDINAL_MEASUREMENT_CONSISTENCY,Not evidence of causation by itself
POL-001,Government/policy,DSM/ICD classification version/date,LEGAL_POLICY,HISTORICAL_NOSOLOGY,PROCESS_TRACING;DIFFERENCE_IN_DIFFERENCES;INTERRUPTED_TIME_SERIES,Repeated,public record,PROVENANCE_VERIFIED;TIMING_RELATIVE_TO_TIME_ZERO;LONGITUDINAL_MEASUREMENT_CONSISTENCY,Not evidence of causation by itself
POL-002,Government/policy,NHS service specification version/date,LEGAL_POLICY,HISTORICAL_NOSOLOGY,PROCESS_TRACING;DIFFERENCE_IN_DIFFERENCES;INTERRUPTED_TIME_SERIES,Repeated,public record,PROVENANCE_VERIFIED;TIMING_RELATIVE_TO_TIME_ZERO;LONGITUDINAL_MEASUREMENT_CONSISTENCY,Not evidence of causation by itself
POL-003,Government/policy,Prescribing policy version/date,LEGAL_POLICY,HISTORICAL_NOSOLOGY,PROCESS_TRACING;DIFFERENCE_IN_DIFFERENCES;INTERRUPTED_TIME_SERIES,Repeated,public record,PROVENANCE_VERIFIED;TIMING_RELATIVE_TO_TIME_ZERO;LONGITUDINAL_MEASUREMENT_CONSISTENCY,Not evidence of causation by itself
POL-004,Government/policy,Referral policy version/date,LEGAL_POLICY,HISTORICAL_NOSOLOGY,PROCESS_TRACING;DIFFERENCE_IN_DIFFERENCES;INTERRUPTED_TIME_SERIES,Repeated,public record,PROVENANCE_VERIFIED;TIMING_RELATIVE_TO_TIME_ZERO;LONGITUDINAL_MEASUREMENT_CONSISTENCY,Not evidence of causation by itself
POL-005,Government/policy,School guidance version/date,LEGAL_POLICY,HISTORICAL_NOSOLOGY,PROCESS_TRACING;DIFFERENCE_IN_DIFFERENCES;INTERRUPTED_TIME_SERIES,Repeated,public record,PROVENANCE_VERIFIED;TIMING_RELATIVE_TO_TIME_ZERO;LONGITUDINAL_MEASUREMENT_CONSISTENCY,Not evidence of causation by itself
POL-006,Government/policy,Regulatory/legal change,LEGAL_POLICY,HISTORICAL_NOSOLOGY,PROCESS_TRACING;DIFFERENCE_IN_DIFFERENCES;INTERRUPTED_TIME_SERIES,Repeated,public record,PROVENANCE_VERIFIED;TIMING_RELATIVE_TO_TIME_ZERO;LONGITUDINAL_MEASUREMENT_CONSISTENCY,Not evidence of causation by itself
POL-007,Government/policy,Clinic opening/closure,LEGAL_POLICY,HISTORICAL_NOSOLOGY,PROCESS_TRACING;DIFFERENCE_IN_DIFFERENCES;INTERRUPTED_TIME_SERIES,Repeated,public record,PROVENANCE_VERIFIED;TIMING_RELATIVE_TO_TIME_ZERO;LONGITUDINAL_MEASUREMENT_CONSISTENCY,Not evidence of causation by itself
POL-008,Government/policy,Commissioning change,LEGAL_POLICY,HISTORICAL_NOSOLOGY,PROCESS_TRACING;DIFFERENCE_IN_DIFFERENCES;INTERRUPTED_TIME_SERIES,Repeated,public record,PROVENANCE_VERIFIED;TIMING_RELATIVE_TO_TIME_ZERO;LONGITUDINAL_MEASUREMENT_CONSISTENCY,Not evidence of causation by itself
POL-009,Government/policy,Public policy announcement salience,LEGAL_POLICY,HISTORICAL_NOSOLOGY,PROCESS_TRACING;DIFFERENCE_IN_DIFFERENCES;INTERRUPTED_TIME_SERIES,Repeated,public/media,PROVENANCE_VERIFIED;TIMING_RELATIVE_TO_TIME_ZERO;LONGITUDINAL_MEASUREMENT_CONSISTENCY,Not evidence of causation by itself
POL-010,Government/policy,Research trial availability,LEGAL_POLICY,HISTORICAL_NOSOLOGY,PROCESS_TRACING;DIFFERENCE_IN_DIFFERENCES;INTERRUPTED_TIME_SERIES,Repeated,public/service,PROVENANCE_VERIFIED;TIMING_RELATIVE_TO_TIME_ZERO;LONGITUDINAL_MEASUREMENT_CONSISTENCY,Not evidence of causation by itself
DX-001,Diagnostic measurement,DSM item-level criteria,METHODS_META_RESEARCH,PSYCHIATRIC_PSYCHOLOGICAL,ITEM_RESPONSE_THEORY;MEASUREMENT_INVARIANCE;DIFFERENTIAL_ITEM_FUNCTIONING,Repeated,clinical/research,PROVENANCE_VERIFIED;TIMING_RELATIVE_TO_TIME_ZERO;VALIDATED_MEASUREMENT_OR_MEASUREMENT_MODEL;LONGITUDINAL_MEASUREMENT_CONSISTENCY,Not evidence of causation by itself
DX-002,Diagnostic measurement,ICD item-level criteria,METHODS_META_RESEARCH,PSYCHIATRIC_PSYCHOLOGICAL,ITEM_RESPONSE_THEORY;MEASUREMENT_INVARIANCE;DIFFERENTIAL_ITEM_FUNCTIONING,Repeated,clinical/research,PROVENANCE_VERIFIED;TIMING_RELATIVE_TO_TIME_ZERO;VALIDATED_MEASUREMENT_OR_MEASUREMENT_MODEL;LONGITUDINAL_MEASUREMENT_CONSISTENCY,Not evidence of causation by itself
DX-003,Diagnostic measurement,Gender-related distress severity,METHODS_META_RESEARCH,PSYCHIATRIC_PSYCHOLOGICAL,ITEM_RESPONSE_THEORY;MEASUREMENT_INVARIANCE;DIFFERENTIAL_ITEM_FUNCTIONING,Repeated,PRO,PROVENANCE_VERIFIED;TIMING_RELATIVE_TO_TIME_ZERO;VALIDATED_MEASUREMENT_OR_MEASUREMENT_MODEL;LONGITUDINAL_MEASUREMENT_CONSISTENCY,Not evidence of causation by itself
DX-004,Diagnostic measurement,Functional impairment,METHODS_META_RESEARCH,PSYCHIATRIC_PSYCHOLOGICAL,ITEM_RESPONSE_THEORY;MEASUREMENT_INVARIANCE;DIFFERENTIAL_ITEM_FUNCTIONING,Repeated,PRO/EHR,PROVENANCE_VERIFIED;TIMING_RELATIVE_TO_TIME_ZERO;VALIDATED_MEASUREMENT_OR_MEASUREMENT_MODEL;LONGITUDINAL_MEASUREMENT_CONSISTENCY,Not evidence of causation by itself
DX-005,Diagnostic measurement,Duration/persistence,METHODS_META_RESEARCH,PSYCHIATRIC_PSYCHOLOGICAL,ITEM_RESPONSE_THEORY;MEASUREMENT_INVARIANCE;DIFFERENTIAL_ITEM_FUNCTIONING,Repeated,EHR/PRO,PROVENANCE_VERIFIED;TIMING_RELATIVE_TO_TIME_ZERO;LONGITUDINAL_MEASUREMENT_CONSISTENCY,Not evidence of causation by itself
DX-006,Diagnostic measurement,Clarity/consistency over time,METHODS_META_RESEARCH,PSYCHIATRIC_PSYCHOLOGICAL,ITEM_RESPONSE_THEORY;MEASUREMENT_INVARIANCE;DIFFERENTIAL_ITEM_FUNCTIONING,Repeated,EHR/PRO,PROVENANCE_VERIFIED;TIMING_RELATIVE_TO_TIME_ZERO;LONGITUDINAL_MEASUREMENT_CONSISTENCY,Not evidence of causation by itself
DX-007,Diagnostic measurement,Measure version,METHODS_META_RESEARCH,PSYCHIATRIC_PSYCHOLOGICAL,ITEM_RESPONSE_THEORY;MEASUREMENT_INVARIANCE;DIFFERENTIAL_ITEM_FUNCTIONING,Repeated,metadata,PROVENANCE_VERIFIED;TIMING_RELATIVE_TO_TIME_ZERO;LONGITUDINAL_MEASUREMENT_CONSISTENCY,Not evidence of causation by itself
DX-008,Diagnostic measurement,Informant source,METHODS_META_RESEARCH,PSYCHIATRIC_PSYCHOLOGICAL,ITEM_RESPONSE_THEORY;MEASUREMENT_INVARIANCE;DIFFERENTIAL_ITEM_FUNCTIONING,Repeated,metadata,PROVENANCE_VERIFIED;TIMING_RELATIVE_TO_TIME_ZERO;LONGITUDINAL_MEASUREMENT_CONSISTENCY,Not evidence of causation by itself
DX-009,Diagnostic measurement,Diagnostic disagreement,METHODS_META_RESEARCH,PSYCHIATRIC_PSYCHOLOGICAL,ITEM_RESPONSE_THEORY;MEASUREMENT_INVARIANCE;DIFFERENTIAL_ITEM_FUNCTIONING,Repeated,multi-rater,PROVENANCE_VERIFIED;TIMING_RELATIVE_TO_TIME_ZERO;LONGITUDINAL_MEASUREMENT_CONSISTENCY,Not evidence of causation by itself
DX-010,Diagnostic measurement,Missing criterion items,METHODS_META_RESEARCH,PSYCHIATRIC_PSYCHOLOGICAL,ITEM_RESPONSE_THEORY;MEASUREMENT_INVARIANCE;DIFFERENTIAL_ITEM_FUNCTIONING,Repeated,metadata,PROVENANCE_VERIFIED;TIMING_RELATIVE_TO_TIME_ZERO;LONGITUDINAL_MEASUREMENT_CONSISTENCY,Not evidence of causation by itself
DX-011,Diagnostic measurement,Inter-rater reliability,METHODS_META_RESEARCH,PSYCHIATRIC_PSYCHOLOGICAL,ITEM_RESPONSE_THEORY;MEASUREMENT_INVARIANCE;DIFFERENTIAL_ITEM_FUNCTIONING,Analysis,derived,PROVENANCE_VERIFIED;TIMING_RELATIVE_TO_TIME_ZERO,Not evidence of causation by itself
DX-012,Diagnostic measurement,Measurement invariance statistic,METHODS_META_RESEARCH,PSYCHIATRIC_PSYCHOLOGICAL,ITEM_RESPONSE_THEORY;MEASUREMENT_INVARIANCE;DIFFERENTIAL_ITEM_FUNCTIONING,Analysis,derived,PROVENANCE_VERIFIED;TIMING_RELATIVE_TO_TIME_ZERO,Not evidence of causation by itself
DX-013,Diagnostic measurement,Discriminant validity statistic,METHODS_META_RESEARCH,PSYCHIATRIC_PSYCHOLOGICAL,ITEM_RESPONSE_THEORY;MEASUREMENT_INVARIANCE;DIFFERENTIAL_ITEM_FUNCTIONING,Analysis,derived,PROVENANCE_VERIFIED;TIMING_RELATIVE_TO_TIME_ZERO,Not evidence of causation by itself
DX-014,Diagnostic measurement,Incremental predictive value,METHODS_META_RESEARCH,PSYCHIATRIC_PSYCHOLOGICAL,ITEM_RESPONSE_THEORY;MEASUREMENT_INVARIANCE;DIFFERENTIAL_ITEM_FUNCTIONING,Analysis,derived,PROVENANCE_VERIFIED;TIMING_RELATIVE_TO_TIME_ZERO,Not evidence of causation by itself
TRT-001,Treatment,No medical intervention comparator,TREATMENT_OUTCOMES,CLINICAL_DEVELOPMENTAL,TARGET_TRIAL_EMULATION;G_METHODS;SURVIVAL_EVENT_HISTORY,Repeated,EHR/PRO,PROVENANCE_VERIFIED;TIMING_RELATIVE_TO_TIME_ZERO;LONGITUDINAL_MEASUREMENT_CONSISTENCY,Not evidence of causation by itself
TRT-002,Treatment,Biopsychosocial/psychological support,TREATMENT_OUTCOMES,CLINICAL_DEVELOPMENTAL,TARGET_TRIAL_EMULATION;G_METHODS;SURVIVAL_EVENT_HISTORY,Repeated,EHR,PROVENANCE_VERIFIED;TIMING_RELATIVE_TO_TIME_ZERO;LONGITUDINAL_MEASUREMENT_CONSISTENCY,Not evidence of causation by itself
TRT-003,Treatment,Psychotherapy modality,TREATMENT_OUTCOMES,CLINICAL_DEVELOPMENTAL,TARGET_TRIAL_EMULATION;G_METHODS;SURVIVAL_EVENT_HISTORY,Repeated,EHR,PROVENANCE_VERIFIED;TIMING_RELATIVE_TO_TIME_ZERO;LONGITUDINAL_MEASUREMENT_CONSISTENCY,Not evidence of causation by itself
TRT-004,Treatment,Social transition,TREATMENT_OUTCOMES,CLINICAL_DEVELOPMENTAL,TARGET_TRIAL_EMULATION;G_METHODS;SURVIVAL_EVENT_HISTORY,Repeated,PRO/EHR,PROVENANCE_VERIFIED;TIMING_RELATIVE_TO_TIME_ZERO;LONGITUDINAL_MEASUREMENT_CONSISTENCY,Not evidence of causation by itself
TRT-005,Treatment,Puberty suppression historical/research exposure,TREATMENT_OUTCOMES,CLINICAL_DEVELOPMENTAL,TARGET_TRIAL_EMULATION;G_METHODS;SURVIVAL_EVENT_HISTORY,Repeated,EHR,PROVENANCE_VERIFIED;TIMING_RELATIVE_TO_TIME_ZERO;LONGITUDINAL_MEASUREMENT_CONSISTENCY,Not evidence of causation by itself
TRT-006,Treatment,Gender-affirming hormone exposure,TREATMENT_OUTCOMES,CLINICAL_DEVELOPMENTAL,TARGET_TRIAL_EMULATION;G_METHODS;SURVIVAL_EVENT_HISTORY,Repeated,EHR,PROVENANCE_VERIFIED;TIMING_RELATIVE_TO_TIME_ZERO;LONGITUDINAL_MEASUREMENT_CONSISTENCY,Not evidence of causation by itself
TRT-007,Treatment,Surgical intervention,TREATMENT_OUTCOMES,CLINICAL_DEVELOPMENTAL,TARGET_TRIAL_EMULATION;G_METHODS;SURVIVAL_EVENT_HISTORY,Repeated,EHR,PROVENANCE_VERIFIED;TIMING_RELATIVE_TO_TIME_ZERO;LONGITUDINAL_MEASUREMENT_CONSISTENCY,Not evidence of causation by itself
TRT-008,Treatment,Concurrent psychiatric treatment,TREATMENT_OUTCOMES,CLINICAL_DEVELOPMENTAL,TARGET_TRIAL_EMULATION;G_METHODS;SURVIVAL_EVENT_HISTORY,Repeated,EHR,PROVENANCE_VERIFIED;TIMING_RELATIVE_TO_TIME_ZERO;LONGITUDINAL_MEASUREMENT_CONSISTENCY,Not evidence of causation by itself
TRT-009,Treatment,Treatment adherence,TREATMENT_OUTCOMES,CLINICAL_DEVELOPMENTAL,TARGET_TRIAL_EMULATION;G_METHODS;SURVIVAL_EVENT_HISTORY,Repeated,EHR/PRO,PROVENANCE_VERIFIED;TIMING_RELATIVE_TO_TIME_ZERO;LONGITUDINAL_MEASUREMENT_CONSISTENCY,Not evidence of causation by itself
TRT-010,Treatment,Treatment discontinuation reason,TREATMENT_OUTCOMES,CLINICAL_DEVELOPMENTAL,TARGET_TRIAL_EMULATION;G_METHODS;SURVIVAL_EVENT_HISTORY,Repeated,EHR/PRO,PROVENANCE_VERIFIED;TIMING_RELATIVE_TO_TIME_ZERO;LONGITUDINAL_MEASUREMENT_CONSISTENCY,Not evidence of causation by itself
TRT-011,Treatment,Treatment change/reversal,TREATMENT_OUTCOMES,CLINICAL_DEVELOPMENTAL,TARGET_TRIAL_EMULATION;G_METHODS;SURVIVAL_EVENT_HISTORY,Repeated,EHR/PRO,PROVENANCE_VERIFIED;TIMING_RELATIVE_TO_TIME_ZERO;LONGITUDINAL_MEASUREMENT_CONSISTENCY,Not evidence of causation by itself
TRT-012,Treatment,Adverse treatment effects,TREATMENT_OUTCOMES,CLINICAL_DEVELOPMENTAL,TARGET_TRIAL_EMULATION;G_METHODS;SURVIVAL_EVENT_HISTORY,Repeated,EHR/PRO,PROVENANCE_VERIFIED;TIMING_RELATIVE_TO_TIME_ZERO;LONGITUDINAL_MEASUREMENT_CONSISTENCY,Not evidence of causation by itself
TRT-013,Treatment,Monitoring completeness,TREATMENT_OUTCOMES,CLINICAL_DEVELOPMENTAL,TARGET_TRIAL_EMULATION;G_METHODS;SURVIVAL_EVENT_HISTORY,Repeated,EHR,PROVENANCE_VERIFIED;TIMING_RELATIVE_TO_TIME_ZERO;LONGITUDINAL_MEASUREMENT_CONSISTENCY,Not evidence of causation by itself
OUT-001,Outcomes,Gender-related distress trajectory,TREATMENT_OUTCOMES,POPULATION_EPIDEMIOLOGY,SURVIVAL_EVENT_HISTORY;MULTILEVEL_HIERARCHICAL_MODEL;OUT_OF_SAMPLE_CALIBRATION_VALIDATION,Repeated,PRO,PROVENANCE_VERIFIED;TIMING_RELATIVE_TO_TIME_ZERO;VALIDATED_MEASUREMENT_OR_MEASUREMENT_MODEL;LONGITUDINAL_MEASUREMENT_CONSISTENCY,Not evidence of causation by itself
OUT-002,Outcomes,General psychological distress,TREATMENT_OUTCOMES,POPULATION_EPIDEMIOLOGY,SURVIVAL_EVENT_HISTORY;MULTILEVEL_HIERARCHICAL_MODEL;OUT_OF_SAMPLE_CALIBRATION_VALIDATION,Repeated,PRO,PROVENANCE_VERIFIED;TIMING_RELATIVE_TO_TIME_ZERO;VALIDATED_MEASUREMENT_OR_MEASUREMENT_MODEL;LONGITUDINAL_MEASUREMENT_CONSISTENCY,Not evidence of causation by itself
OUT-003,Outcomes,Depression severity,TREATMENT_OUTCOMES,POPULATION_EPIDEMIOLOGY,SURVIVAL_EVENT_HISTORY;MULTILEVEL_HIERARCHICAL_MODEL;OUT_OF_SAMPLE_CALIBRATION_VALIDATION,Repeated,PRO,PROVENANCE_VERIFIED;TIMING_RELATIVE_TO_TIME_ZERO;VALIDATED_MEASUREMENT_OR_MEASUREMENT_MODEL;LONGITUDINAL_MEASUREMENT_CONSISTENCY,Not evidence of causation by itself
OUT-004,Outcomes,Anxiety severity,TREATMENT_OUTCOMES,POPULATION_EPIDEMIOLOGY,SURVIVAL_EVENT_HISTORY;MULTILEVEL_HIERARCHICAL_MODEL;OUT_OF_SAMPLE_CALIBRATION_VALIDATION,Repeated,PRO,PROVENANCE_VERIFIED;TIMING_RELATIVE_TO_TIME_ZERO;VALIDATED_MEASUREMENT_OR_MEASUREMENT_MODEL;LONGITUDINAL_MEASUREMENT_CONSISTENCY,Not evidence of causation by itself
OUT-005,Outcomes,Self-harm events,TREATMENT_OUTCOMES,POPULATION_EPIDEMIOLOGY,SURVIVAL_EVENT_HISTORY;MULTILEVEL_HIERARCHICAL_MODEL;OUT_OF_SAMPLE_CALIBRATION_VALIDATION,Repeated,EHR,PROVENANCE_VERIFIED;TIMING_RELATIVE_TO_TIME_ZERO;LONGITUDINAL_MEASUREMENT_CONSISTENCY,Not evidence of causation by itself
OUT-006,Outcomes,Suicidal ideation/attempts,TREATMENT_OUTCOMES,POPULATION_EPIDEMIOLOGY,SURVIVAL_EVENT_HISTORY;MULTILEVEL_HIERARCHICAL_MODEL;OUT_OF_SAMPLE_CALIBRATION_VALIDATION,Repeated,EHR/PRO,PROVENANCE_VERIFIED;TIMING_RELATIVE_TO_TIME_ZERO;VALIDATED_MEASUREMENT_OR_MEASUREMENT_MODEL;LONGITUDINAL_MEASUREMENT_CONSISTENCY,Not evidence of causation by itself
OUT-007,Outcomes,Psychiatric hospitalisation,TREATMENT_OUTCOMES,POPULATION_EPIDEMIOLOGY,SURVIVAL_EVENT_HISTORY;MULTILEVEL_HIERARCHICAL_MODEL;OUT_OF_SAMPLE_CALIBRATION_VALIDATION,Repeated,EHR,PROVENANCE_VERIFIED;TIMING_RELATIVE_TO_TIME_ZERO;LONGITUDINAL_MEASUREMENT_CONSISTENCY,Not evidence of causation by itself
OUT-008,Outcomes,School attendance,TREATMENT_OUTCOMES,POPULATION_EPIDEMIOLOGY,SURVIVAL_EVENT_HISTORY;MULTILEVEL_HIERARCHICAL_MODEL;OUT_OF_SAMPLE_CALIBRATION_VALIDATION,Repeated,education,PROVENANCE_VERIFIED;TIMING_RELATIVE_TO_TIME_ZERO;LONGITUDINAL_MEASUREMENT_CONSISTENCY,Not evidence of causation by itself
OUT-009,Outcomes,Academic attainment,TREATMENT_OUTCOMES,POPULATION_EPIDEMIOLOGY,SURVIVAL_EVENT_HISTORY;MULTILEVEL_HIERARCHICAL_MODEL;OUT_OF_SAMPLE_CALIBRATION_VALIDATION,Repeated,education,PROVENANCE_VERIFIED;TIMING_RELATIVE_TO_TIME_ZERO;LONGITUDINAL_MEASUREMENT_CONSISTENCY,Not evidence of causation by itself
OUT-010,Outcomes,Employment status,TREATMENT_OUTCOMES,POPULATION_EPIDEMIOLOGY,SURVIVAL_EVENT_HISTORY;MULTILEVEL_HIERARCHICAL_MODEL;OUT_OF_SAMPLE_CALIBRATION_VALIDATION,Repeated,admin/PRO,PROVENANCE_VERIFIED;TIMING_RELATIVE_TO_TIME_ZERO;LONGITUDINAL_MEASUREMENT_CONSISTENCY,Not evidence of causation by itself
OUT-011,Outcomes,Relationship/social functioning,TREATMENT_OUTCOMES,POPULATION_EPIDEMIOLOGY,SURVIVAL_EVENT_HISTORY;MULTILEVEL_HIERARCHICAL_MODEL;OUT_OF_SAMPLE_CALIBRATION_VALIDATION,Repeated,PRO,PROVENANCE_VERIFIED;TIMING_RELATIVE_TO_TIME_ZERO;VALIDATED_MEASUREMENT_OR_MEASUREMENT_MODEL;LONGITUDINAL_MEASUREMENT_CONSISTENCY,Not evidence of causation by itself
OUT-012,Outcomes,Independent living/function,TREATMENT_OUTCOMES,POPULATION_EPIDEMIOLOGY,SURVIVAL_EVENT_HISTORY;MULTILEVEL_HIERARCHICAL_MODEL;OUT_OF_SAMPLE_CALIBRATION_VALIDATION,Repeated,PRO/admin,PROVENANCE_VERIFIED;TIMING_RELATIVE_TO_TIME_ZERO;VALIDATED_MEASUREMENT_OR_MEASUREMENT_MODEL;LONGITUDINAL_MEASUREMENT_CONSISTENCY,Not evidence of causation by itself
OUT-013,Outcomes,Healthcare utilisation,TREATMENT_OUTCOMES,POPULATION_EPIDEMIOLOGY,SURVIVAL_EVENT_HISTORY;MULTILEVEL_HIERARCHICAL_MODEL;OUT_OF_SAMPLE_CALIBRATION_VALIDATION,Repeated,EHR,PROVENANCE_VERIFIED;TIMING_RELATIVE_TO_TIME_ZERO;LONGITUDINAL_MEASUREMENT_CONSISTENCY,Not evidence of causation by itself
OUT-014,Outcomes,Quality of life,TREATMENT_OUTCOMES,POPULATION_EPIDEMIOLOGY,SURVIVAL_EVENT_HISTORY;MULTILEVEL_HIERARCHICAL_MODEL;OUT_OF_SAMPLE_CALIBRATION_VALIDATION,Repeated,PRO,PROVENANCE_VERIFIED;TIMING_RELATIVE_TO_TIME_ZERO;LONGITUDINAL_MEASUREMENT_CONSISTENCY,Not evidence of causation by itself
OUT-015,Outcomes,Wellbeing,TREATMENT_OUTCOMES,POPULATION_EPIDEMIOLOGY,SURVIVAL_EVENT_HISTORY;MULTILEVEL_HIERARCHICAL_MODEL;OUT_OF_SAMPLE_CALIBRATION_VALIDATION,Repeated,PRO,PROVENANCE_VERIFIED;TIMING_RELATIVE_TO_TIME_ZERO;LONGITUDINAL_MEASUREMENT_CONSISTENCY,Not evidence of causation by itself
OUT-016,Outcomes,Treatment satisfaction,TREATMENT_OUTCOMES,POPULATION_EPIDEMIOLOGY,SURVIVAL_EVENT_HISTORY;MULTILEVEL_HIERARCHICAL_MODEL;OUT_OF_SAMPLE_CALIBRATION_VALIDATION,Repeated,PRO,PROVENANCE_VERIFIED;TIMING_RELATIVE_TO_TIME_ZERO;VALIDATED_MEASUREMENT_OR_MEASUREMENT_MODEL;LONGITUDINAL_MEASUREMENT_CONSISTENCY,Not evidence of causation by itself
OUT-017,Outcomes,Decisional regret,TREATMENT_OUTCOMES,POPULATION_EPIDEMIOLOGY,SURVIVAL_EVENT_HISTORY;MULTILEVEL_HIERARCHICAL_MODEL;OUT_OF_SAMPLE_CALIBRATION_VALIDATION,Repeated,PRO,PROVENANCE_VERIFIED;TIMING_RELATIVE_TO_TIME_ZERO;VALIDATED_MEASUREMENT_OR_MEASUREMENT_MODEL;LONGITUDINAL_MEASUREMENT_CONSISTENCY,Not evidence of causation by itself
OUT-018,Outcomes,Treatment-goal change,TREATMENT_OUTCOMES,POPULATION_EPIDEMIOLOGY,SURVIVAL_EVENT_HISTORY;MULTILEVEL_HIERARCHICAL_MODEL;OUT_OF_SAMPLE_CALIBRATION_VALIDATION,Repeated,PRO/EHR,PROVENANCE_VERIFIED;TIMING_RELATIVE_TO_TIME_ZERO;LONGITUDINAL_MEASUREMENT_CONSISTENCY,Not evidence of causation by itself
OUT-019,Outcomes,Detransition/treatment reversal as participant-defined,TREATMENT_OUTCOMES,POPULATION_EPIDEMIOLOGY,SURVIVAL_EVENT_HISTORY;MULTILEVEL_HIERARCHICAL_MODEL;OUT_OF_SAMPLE_CALIBRATION_VALIDATION,Repeated,PRO/EHR,PROVENANCE_VERIFIED;TIMING_RELATIVE_TO_TIME_ZERO;LONGITUDINAL_MEASUREMENT_CONSISTENCY,Not evidence of causation by itself
OUT-020,Outcomes,Bone health where relevant,TREATMENT_OUTCOMES,POPULATION_EPIDEMIOLOGY,SURVIVAL_EVENT_HISTORY;MULTILEVEL_HIERARCHICAL_MODEL;OUT_OF_SAMPLE_CALIBRATION_VALIDATION,Repeated,EHR,PROVENANCE_VERIFIED;TIMING_RELATIVE_TO_TIME_ZERO;LONGITUDINAL_MEASUREMENT_CONSISTENCY,Not evidence of causation by itself
OUT-021,Outcomes,Metabolic/cardiovascular outcomes,TREATMENT_OUTCOMES,POPULATION_EPIDEMIOLOGY,SURVIVAL_EVENT_HISTORY;MULTILEVEL_HIERARCHICAL_MODEL;OUT_OF_SAMPLE_CALIBRATION_VALIDATION,Repeated,EHR,PROVENANCE_VERIFIED;TIMING_RELATIVE_TO_TIME_ZERO;LONGITUDINAL_MEASUREMENT_CONSISTENCY,Not evidence of causation by itself
OUT-022,Outcomes,Sexual function,TREATMENT_OUTCOMES,POPULATION_EPIDEMIOLOGY,SURVIVAL_EVENT_HISTORY;MULTILEVEL_HIERARCHICAL_MODEL;OUT_OF_SAMPLE_CALIBRATION_VALIDATION,Repeated,PRO,PROVENANCE_VERIFIED;TIMING_RELATIVE_TO_TIME_ZERO;LONGITUDINAL_MEASUREMENT_CONSISTENCY,Not evidence of causation by itself
OUT-023,Outcomes,Fertility outcomes/concerns,TREATMENT_OUTCOMES,POPULATION_EPIDEMIOLOGY,SURVIVAL_EVENT_HISTORY;MULTILEVEL_HIERARCHICAL_MODEL;OUT_OF_SAMPLE_CALIBRATION_VALIDATION,Repeated,EHR/PRO,PROVENANCE_VERIFIED;TIMING_RELATIVE_TO_TIME_ZERO;LONGITUDINAL_MEASUREMENT_CONSISTENCY,Not evidence of causation by itself
OUT-024,Outcomes,Surgical complications,TREATMENT_OUTCOMES,POPULATION_EPIDEMIOLOGY,SURVIVAL_EVENT_HISTORY;MULTILEVEL_HIERARCHICAL_MODEL;OUT_OF_SAMPLE_CALIBRATION_VALIDATION,Repeated,EHR,PROVENANCE_VERIFIED;TIMING_RELATIVE_TO_TIME_ZERO;LONGITUDINAL_MEASUREMENT_CONSISTENCY,Not evidence of causation by itself
OUT-025,Outcomes,Perceived benefit,TREATMENT_OUTCOMES,POPULATION_EPIDEMIOLOGY,SURVIVAL_EVENT_HISTORY;MULTILEVEL_HIERARCHICAL_MODEL;OUT_OF_SAMPLE_CALIBRATION_VALIDATION,Repeated,PRO,PROVENANCE_VERIFIED;TIMING_RELATIVE_TO_TIME_ZERO;LONGITUDINAL_MEASUREMENT_CONSISTENCY,Not evidence of causation by itself
OUT-026,Outcomes,Perceived harm,TREATMENT_OUTCOMES,POPULATION_EPIDEMIOLOGY,SURVIVAL_EVENT_HISTORY;MULTILEVEL_HIERARCHICAL_MODEL;OUT_OF_SAMPLE_CALIBRATION_VALIDATION,Repeated,PRO,PROVENANCE_VERIFIED;TIMING_RELATIVE_TO_TIME_ZERO;LONGITUDINAL_MEASUREMENT_CONSISTENCY,Not evidence of causation by itself
OUT-027,Outcomes,Treatment burden,TREATMENT_OUTCOMES,POPULATION_EPIDEMIOLOGY,SURVIVAL_EVENT_HISTORY;MULTILEVEL_HIERARCHICAL_MODEL;OUT_OF_SAMPLE_CALIBRATION_VALIDATION,Repeated,PRO,PROVENANCE_VERIFIED;TIMING_RELATIVE_TO_TIME_ZERO;LONGITUDINAL_MEASUREMENT_CONSISTENCY,Not evidence of causation by itself
ND-013,Neurodevelopmental,Age at autism diagnosis,CLINICAL_DEVELOPMENTAL,PSYCHIATRIC_PSYCHOLOGICAL,MEASUREMENT_INVARIANCE;DIFFERENTIAL_ITEM_FUNCTIONING;CAUSAL_FOREST_HTE,Repeated,EHR / validated PRO / neurodevelopmental assessment,PROVENANCE_VERIFIED;TIMING_RELATIVE_TO_TIME_ZERO;LONGITUDINAL_MEASUREMENT_CONSISTENCY;SENSITIVE_DATA_GOVERNANCE,Not evidence of causation by itself
ND-014,Neurodevelopmental,Age at ADHD diagnosis,CLINICAL_DEVELOPMENTAL,PSYCHIATRIC_PSYCHOLOGICAL,MEASUREMENT_INVARIANCE;DIFFERENTIAL_ITEM_FUNCTIONING;CAUSAL_FOREST_HTE,Repeated,EHR / validated PRO / neurodevelopmental assessment,PROVENANCE_VERIFIED;TIMING_RELATIVE_TO_TIME_ZERO;LONGITUDINAL_MEASUREMENT_CONSISTENCY;SENSITIVE_DATA_GOVERNANCE,Not evidence of causation by itself
ND-015,Neurodevelopmental,Autism diagnostic pathway and assessor,CLINICAL_DEVELOPMENTAL,PSYCHIATRIC_PSYCHOLOGICAL,MEASUREMENT_INVARIANCE;DIFFERENTIAL_ITEM_FUNCTIONING;CAUSAL_FOREST_HTE,Repeated,EHR / validated PRO / neurodevelopmental assessment,PROVENANCE_VERIFIED;TIMING_RELATIVE_TO_TIME_ZERO;LONGITUDINAL_MEASUREMENT_CONSISTENCY;SENSITIVE_DATA_GOVERNANCE,Not evidence of causation by itself
ND-016,Neurodevelopmental,Autism diagnostic instrument/version,CLINICAL_DEVELOPMENTAL,PSYCHIATRIC_PSYCHOLOGICAL,MEASUREMENT_INVARIANCE;DIFFERENTIAL_ITEM_FUNCTIONING;CAUSAL_FOREST_HTE,Repeated,EHR / validated PRO / neurodevelopmental assessment,PROVENANCE_VERIFIED;TIMING_RELATIVE_TO_TIME_ZERO;LONGITUDINAL_MEASUREMENT_CONSISTENCY;SENSITIVE_DATA_GOVERNANCE,Not evidence of causation by itself
ND-017,Neurodevelopmental,Autistic trait severity/domain scores,CLINICAL_DEVELOPMENTAL,PSYCHIATRIC_PSYCHOLOGICAL,MEASUREMENT_INVARIANCE;DIFFERENTIAL_ITEM_FUNCTIONING;CAUSAL_FOREST_HTE,Repeated,EHR / validated PRO / neurodevelopmental assessment,PROVENANCE_VERIFIED;TIMING_RELATIVE_TO_TIME_ZERO;LONGITUDINAL_MEASUREMENT_CONSISTENCY;SENSITIVE_DATA_GOVERNANCE,Not evidence of causation by itself
ND-018,Neurodevelopmental,Social-communication differences,CLINICAL_DEVELOPMENTAL,PSYCHIATRIC_PSYCHOLOGICAL,MEASUREMENT_INVARIANCE;DIFFERENTIAL_ITEM_FUNCTIONING;CAUSAL_FOREST_HTE,Repeated,EHR / validated PRO / neurodevelopmental assessment,PROVENANCE_VERIFIED;TIMING_RELATIVE_TO_TIME_ZERO;LONGITUDINAL_MEASUREMENT_CONSISTENCY;SENSITIVE_DATA_GOVERNANCE,Not evidence of causation by itself
ND-019,Neurodevelopmental,Restricted/repetitive behaviour profile,CLINICAL_DEVELOPMENTAL,PSYCHIATRIC_PSYCHOLOGICAL,MEASUREMENT_INVARIANCE;DIFFERENTIAL_ITEM_FUNCTIONING;CAUSAL_FOREST_HTE,Repeated,EHR / validated PRO / neurodevelopmental assessment,PROVENANCE_VERIFIED;TIMING_RELATIVE_TO_TIME_ZERO;LONGITUDINAL_MEASUREMENT_CONSISTENCY;SENSITIVE_DATA_GOVERNANCE,Not evidence of causation by itself
ND-020,Neurodevelopmental,Sensory hyper-reactivity,CLINICAL_DEVELOPMENTAL,PSYCHIATRIC_PSYCHOLOGICAL,MEASUREMENT_INVARIANCE;DIFFERENTIAL_ITEM_FUNCTIONING;CAUSAL_FOREST_HTE,Repeated,EHR / validated PRO / neurodevelopmental assessment,PROVENANCE_VERIFIED;TIMING_RELATIVE_TO_TIME_ZERO;LONGITUDINAL_MEASUREMENT_CONSISTENCY;SENSITIVE_DATA_GOVERNANCE,Not evidence of causation by itself
ND-021,Neurodevelopmental,Sensory hypo-reactivity,CLINICAL_DEVELOPMENTAL,PSYCHIATRIC_PSYCHOLOGICAL,MEASUREMENT_INVARIANCE;DIFFERENTIAL_ITEM_FUNCTIONING;CAUSAL_FOREST_HTE,Repeated,EHR / validated PRO / neurodevelopmental assessment,PROVENANCE_VERIFIED;TIMING_RELATIVE_TO_TIME_ZERO;LONGITUDINAL_MEASUREMENT_CONSISTENCY;SENSITIVE_DATA_GOVERNANCE,Not evidence of causation by itself
ND-022,Neurodevelopmental,Interoceptive awareness/differences,CLINICAL_DEVELOPMENTAL,PSYCHIATRIC_PSYCHOLOGICAL,MEASUREMENT_INVARIANCE;DIFFERENTIAL_ITEM_FUNCTIONING;CAUSAL_FOREST_HTE,Repeated,EHR / validated PRO / neurodevelopmental assessment,PROVENANCE_VERIFIED;TIMING_RELATIVE_TO_TIME_ZERO;LONGITUDINAL_MEASUREMENT_CONSISTENCY;SENSITIVE_DATA_GOVERNANCE,Not evidence of causation by itself
ND-023,Neurodevelopmental,Alexithymia score/traits,CLINICAL_DEVELOPMENTAL,PSYCHIATRIC_PSYCHOLOGICAL,MEASUREMENT_INVARIANCE;DIFFERENTIAL_ITEM_FUNCTIONING;CAUSAL_FOREST_HTE,Repeated,EHR / validated PRO / neurodevelopmental assessment,PROVENANCE_VERIFIED;TIMING_RELATIVE_TO_TIME_ZERO;LONGITUDINAL_MEASUREMENT_CONSISTENCY;SENSITIVE_DATA_GOVERNANCE,Not evidence of causation by itself
ND-024,Neurodevelopmental,Cognitive flexibility/set-shifting,CLINICAL_DEVELOPMENTAL,PSYCHIATRIC_PSYCHOLOGICAL,MEASUREMENT_INVARIANCE;DIFFERENTIAL_ITEM_FUNCTIONING;CAUSAL_FOREST_HTE,Repeated,EHR / validated PRO / neurodevelopmental assessment,PROVENANCE_VERIFIED;TIMING_RELATIVE_TO_TIME_ZERO;LONGITUDINAL_MEASUREMENT_CONSISTENCY;SENSITIVE_DATA_GOVERNANCE,Not evidence of causation by itself
ND-025,Neurodevelopmental,Intolerance of uncertainty,CLINICAL_DEVELOPMENTAL,PSYCHIATRIC_PSYCHOLOGICAL,MEASUREMENT_INVARIANCE;DIFFERENTIAL_ITEM_FUNCTIONING;CAUSAL_FOREST_HTE,Repeated,EHR / validated PRO / neurodevelopmental assessment,PROVENANCE_VERIFIED;TIMING_RELATIVE_TO_TIME_ZERO;LONGITUDINAL_MEASUREMENT_CONSISTENCY;SENSITIVE_DATA_GOVERNANCE,Not evidence of causation by itself
ND-026,Neurodevelopmental,Executive-function profile,CLINICAL_DEVELOPMENTAL,PSYCHIATRIC_PSYCHOLOGICAL,MEASUREMENT_INVARIANCE;DIFFERENTIAL_ITEM_FUNCTIONING;CAUSAL_FOREST_HTE,Repeated,EHR / validated PRO / neurodevelopmental assessment,PROVENANCE_VERIFIED;TIMING_RELATIVE_TO_TIME_ZERO;LONGITUDINAL_MEASUREMENT_CONSISTENCY;SENSITIVE_DATA_GOVERNANCE,Not evidence of causation by itself
ND-027,Neurodevelopmental,Attention regulation profile,CLINICAL_DEVELOPMENTAL,PSYCHIATRIC_PSYCHOLOGICAL,MEASUREMENT_INVARIANCE;DIFFERENTIAL_ITEM_FUNCTIONING;CAUSAL_FOREST_HTE,Repeated,EHR / validated PRO / neurodevelopmental assessment,PROVENANCE_VERIFIED;TIMING_RELATIVE_TO_TIME_ZERO;LONGITUDINAL_MEASUREMENT_CONSISTENCY;SENSITIVE_DATA_GOVERNANCE,Not evidence of causation by itself
ND-028,Neurodevelopmental,Impulsivity profile,CLINICAL_DEVELOPMENTAL,PSYCHIATRIC_PSYCHOLOGICAL,MEASUREMENT_INVARIANCE;DIFFERENTIAL_ITEM_FUNCTIONING;CAUSAL_FOREST_HTE,Repeated,EHR / validated PRO / neurodevelopmental assessment,PROVENANCE_VERIFIED;TIMING_RELATIVE_TO_TIME_ZERO;LONGITUDINAL_MEASUREMENT_CONSISTENCY;SENSITIVE_DATA_GOVERNANCE,Not evidence of causation by itself
ND-029,Neurodevelopmental,Hyperfocus/special-interest intensity,CLINICAL_DEVELOPMENTAL,PSYCHIATRIC_PSYCHOLOGICAL,MEASUREMENT_INVARIANCE;DIFFERENTIAL_ITEM_FUNCTIONING;CAUSAL_FOREST_HTE,Repeated,EHR / validated PRO / neurodevelopmental assessment,PROVENANCE_VERIFIED;TIMING_RELATIVE_TO_TIME_ZERO;LONGITUDINAL_MEASUREMENT_CONSISTENCY;SENSITIVE_DATA_GOVERNANCE,Not evidence of causation by itself
ND-030,Neurodevelopmental,Monotropic attention profile where measured,CLINICAL_DEVELOPMENTAL,PSYCHIATRIC_PSYCHOLOGICAL,MEASUREMENT_INVARIANCE;DIFFERENTIAL_ITEM_FUNCTIONING;CAUSAL_FOREST_HTE,Repeated,EHR / validated PRO / neurodevelopmental assessment,PROVENANCE_VERIFIED;TIMING_RELATIVE_TO_TIME_ZERO;LONGITUDINAL_MEASUREMENT_CONSISTENCY;SENSITIVE_DATA_GOVERNANCE,Not evidence of causation by itself
ND-031,Neurodevelopmental,Pragmatic-language profile,CLINICAL_DEVELOPMENTAL,PSYCHIATRIC_PSYCHOLOGICAL,MEASUREMENT_INVARIANCE;DIFFERENTIAL_ITEM_FUNCTIONING;CAUSAL_FOREST_HTE,Repeated,EHR / validated PRO / neurodevelopmental assessment,PROVENANCE_VERIFIED;TIMING_RELATIVE_TO_TIME_ZERO;LONGITUDINAL_MEASUREMENT_CONSISTENCY;SENSITIVE_DATA_GOVERNANCE,Not evidence of causation by itself
ND-032,Neurodevelopmental,Literal language interpretation tendency,CLINICAL_DEVELOPMENTAL,PSYCHIATRIC_PSYCHOLOGICAL,MEASUREMENT_INVARIANCE;DIFFERENTIAL_ITEM_FUNCTIONING;CAUSAL_FOREST_HTE,Repeated,EHR / validated PRO / neurodevelopmental assessment,PROVENANCE_VERIFIED;TIMING_RELATIVE_TO_TIME_ZERO;LONGITUDINAL_MEASUREMENT_CONSISTENCY;SENSITIVE_DATA_GOVERNANCE,Not evidence of causation by itself
ND-033,Neurodevelopmental,Nonverbal communication differences,CLINICAL_DEVELOPMENTAL,PSYCHIATRIC_PSYCHOLOGICAL,MEASUREMENT_INVARIANCE;DIFFERENTIAL_ITEM_FUNCTIONING;CAUSAL_FOREST_HTE,Repeated,EHR / validated PRO / neurodevelopmental assessment,PROVENANCE_VERIFIED;TIMING_RELATIVE_TO_TIME_ZERO;LONGITUDINAL_MEASUREMENT_CONSISTENCY;SENSITIVE_DATA_GOVERNANCE,Not evidence of causation by itself
ND-034,Neurodevelopmental,Social masking/camouflaging,CLINICAL_DEVELOPMENTAL,PSYCHIATRIC_PSYCHOLOGICAL,MEASUREMENT_INVARIANCE;DIFFERENTIAL_ITEM_FUNCTIONING;CAUSAL_FOREST_HTE,Repeated,EHR / validated PRO / neurodevelopmental assessment,PROVENANCE_VERIFIED;TIMING_RELATIVE_TO_TIME_ZERO;LONGITUDINAL_MEASUREMENT_CONSISTENCY;SENSITIVE_DATA_GOVERNANCE,Not evidence of causation by itself
ND-035,Neurodevelopmental,Masking-related exhaustion/distress,CLINICAL_DEVELOPMENTAL,PSYCHIATRIC_PSYCHOLOGICAL,MEASUREMENT_INVARIANCE;DIFFERENTIAL_ITEM_FUNCTIONING;CAUSAL_FOREST_HTE,Repeated,EHR / validated PRO / neurodevelopmental assessment,PROVENANCE_VERIFIED;TIMING_RELATIVE_TO_TIME_ZERO;LONGITUDINAL_MEASUREMENT_CONSISTENCY;SENSITIVE_DATA_GOVERNANCE,Not evidence of causation by itself
ND-036,Neurodevelopmental,Rejection sensitivity/social threat sensitivity,CLINICAL_DEVELOPMENTAL,PSYCHIATRIC_PSYCHOLOGICAL,MEASUREMENT_INVARIANCE;DIFFERENTIAL_ITEM_FUNCTIONING;CAUSAL_FOREST_HTE,Repeated,EHR / validated PRO / neurodevelopmental assessment,PROVENANCE_VERIFIED;TIMING_RELATIVE_TO_TIME_ZERO;LONGITUDINAL_MEASUREMENT_CONSISTENCY;SENSITIVE_DATA_GOVERNANCE,Not evidence of causation by itself
ND-037,Neurodevelopmental,Need for predictability/routine,CLINICAL_DEVELOPMENTAL,PSYCHIATRIC_PSYCHOLOGICAL,MEASUREMENT_INVARIANCE;DIFFERENTIAL_ITEM_FUNCTIONING;CAUSAL_FOREST_HTE,Repeated,EHR / validated PRO / neurodevelopmental assessment,PROVENANCE_VERIFIED;TIMING_RELATIVE_TO_TIME_ZERO;LONGITUDINAL_MEASUREMENT_CONSISTENCY;SENSITIVE_DATA_GOVERNANCE,Not evidence of causation by itself
ND-038,Neurodevelopmental,Developmental coordination disorder,CLINICAL_DEVELOPMENTAL,PSYCHIATRIC_PSYCHOLOGICAL,MEASUREMENT_INVARIANCE;DIFFERENTIAL_ITEM_FUNCTIONING;CAUSAL_FOREST_HTE,Repeated,EHR / validated PRO / neurodevelopmental assessment,PROVENANCE_VERIFIED;TIMING_RELATIVE_TO_TIME_ZERO;LONGITUDINAL_MEASUREMENT_CONSISTENCY;SENSITIVE_DATA_GOVERNANCE,Not evidence of causation by itself
ND-039,Neurodevelopmental,Dyslexia/specific learning disorder,CLINICAL_DEVELOPMENTAL,PSYCHIATRIC_PSYCHOLOGICAL,MEASUREMENT_INVARIANCE;DIFFERENTIAL_ITEM_FUNCTIONING;CAUSAL_FOREST_HTE,Repeated,EHR / validated PRO / neurodevelopmental assessment,PROVENANCE_VERIFIED;TIMING_RELATIVE_TO_TIME_ZERO;LONGITUDINAL_MEASUREMENT_CONSISTENCY;SENSITIVE_DATA_GOVERNANCE,Not evidence of causation by itself
ND-040,Neurodevelopmental,Intellectual disability/learning disability,CLINICAL_DEVELOPMENTAL,PSYCHIATRIC_PSYCHOLOGICAL,MEASUREMENT_INVARIANCE;DIFFERENTIAL_ITEM_FUNCTIONING;CAUSAL_FOREST_HTE,Repeated,EHR / validated PRO / neurodevelopmental assessment,PROVENANCE_VERIFIED;TIMING_RELATIVE_TO_TIME_ZERO;LONGITUDINAL_MEASUREMENT_CONSISTENCY;SENSITIVE_DATA_GOVERNANCE,Not evidence of causation by itself
ND-041,Neurodevelopmental,Late-recognised neurodivergence,CLINICAL_DEVELOPMENTAL,PSYCHIATRIC_PSYCHOLOGICAL,MEASUREMENT_INVARIANCE;DIFFERENTIAL_ITEM_FUNCTIONING;CAUSAL_FOREST_HTE,Repeated,EHR / validated PRO / neurodevelopmental assessment,PROVENANCE_VERIFIED;TIMING_RELATIVE_TO_TIME_ZERO;LONGITUDINAL_MEASUREMENT_CONSISTENCY;SENSITIVE_DATA_GOVERNANCE,Not evidence of causation by itself
ND-042,Neurodevelopmental,Sex-related diagnostic ascertainment delay in autism,CLINICAL_DEVELOPMENTAL,PSYCHIATRIC_PSYCHOLOGICAL,MEASUREMENT_INVARIANCE;DIFFERENTIAL_ITEM_FUNCTIONING;CAUSAL_FOREST_HTE,Repeated,EHR / validated PRO / neurodevelopmental assessment,PROVENANCE_VERIFIED;TIMING_RELATIVE_TO_TIME_ZERO;LONGITUDINAL_MEASUREMENT_CONSISTENCY;SENSITIVE_DATA_GOVERNANCE,Not evidence of causation by itself
ND-043,Neurodevelopmental,Neurodevelopmental diagnostic overshadowing,CLINICAL_DEVELOPMENTAL,PSYCHIATRIC_PSYCHOLOGICAL,MEASUREMENT_INVARIANCE;DIFFERENTIAL_ITEM_FUNCTIONING;CAUSAL_FOREST_HTE,Repeated,EHR / validated PRO / neurodevelopmental assessment,PROVENANCE_VERIFIED;TIMING_RELATIVE_TO_TIME_ZERO;LONGITUDINAL_MEASUREMENT_CONSISTENCY;SENSITIVE_DATA_GOVERNANCE,Not evidence of causation by itself
ND-044,Neurodevelopmental,Autism-informed clinical assessment provided,CLINICAL_DEVELOPMENTAL,PSYCHIATRIC_PSYCHOLOGICAL,MEASUREMENT_INVARIANCE;DIFFERENTIAL_ITEM_FUNCTIONING;CAUSAL_FOREST_HTE,Repeated,EHR / validated PRO / neurodevelopmental assessment,PROVENANCE_VERIFIED;TIMING_RELATIVE_TO_TIME_ZERO;LONGITUDINAL_MEASUREMENT_CONSISTENCY;SENSITIVE_DATA_GOVERNANCE,Not evidence of causation by itself
ND-045,Neurodevelopmental,ADHD-informed clinical assessment provided,CLINICAL_DEVELOPMENTAL,PSYCHIATRIC_PSYCHOLOGICAL,MEASUREMENT_INVARIANCE;DIFFERENTIAL_ITEM_FUNCTIONING;CAUSAL_FOREST_HTE,Repeated,EHR / validated PRO / neurodevelopmental assessment,PROVENANCE_VERIFIED;TIMING_RELATIVE_TO_TIME_ZERO;LONGITUDINAL_MEASUREMENT_CONSISTENCY;SENSITIVE_DATA_GOVERNANCE,Not evidence of causation by itself
ND-046,Neurodevelopmental,Communication accommodations offered,CLINICAL_DEVELOPMENTAL,PSYCHIATRIC_PSYCHOLOGICAL,MEASUREMENT_INVARIANCE;DIFFERENTIAL_ITEM_FUNCTIONING;CAUSAL_FOREST_HTE,Repeated,EHR / validated PRO / neurodevelopmental assessment,PROVENANCE_VERIFIED;TIMING_RELATIVE_TO_TIME_ZERO;LONGITUDINAL_MEASUREMENT_CONSISTENCY;SENSITIVE_DATA_GOVERNANCE,Not evidence of causation by itself
ND-047,Neurodevelopmental,Sensory accommodations offered,CLINICAL_DEVELOPMENTAL,PSYCHIATRIC_PSYCHOLOGICAL,MEASUREMENT_INVARIANCE;DIFFERENTIAL_ITEM_FUNCTIONING;CAUSAL_FOREST_HTE,Repeated,EHR / validated PRO / neurodevelopmental assessment,PROVENANCE_VERIFIED;TIMING_RELATIVE_TO_TIME_ZERO;LONGITUDINAL_MEASUREMENT_CONSISTENCY;SENSITIVE_DATA_GOVERNANCE,Not evidence of causation by itself
ND-048,Neurodevelopmental,Decision-support accommodations offered,CLINICAL_DEVELOPMENTAL,PSYCHIATRIC_PSYCHOLOGICAL,MEASUREMENT_INVARIANCE;DIFFERENTIAL_ITEM_FUNCTIONING;CAUSAL_FOREST_HTE,Repeated,EHR / validated PRO / neurodevelopmental assessment,PROVENANCE_VERIFIED;TIMING_RELATIVE_TO_TIME_ZERO;LONGITUDINAL_MEASUREMENT_CONSISTENCY;SENSITIVE_DATA_GOVERNANCE,Not evidence of causation by itself
ND-049,Neurodevelopmental,Neurodivergent peer-network exposure,CLINICAL_DEVELOPMENTAL,PSYCHIATRIC_PSYCHOLOGICAL,MEASUREMENT_INVARIANCE;DIFFERENTIAL_ITEM_FUNCTIONING;CAUSAL_FOREST_HTE,Repeated,EHR / validated PRO / neurodevelopmental assessment,PROVENANCE_VERIFIED;TIMING_RELATIVE_TO_TIME_ZERO;LONGITUDINAL_MEASUREMENT_CONSISTENCY;SENSITIVE_DATA_GOVERNANCE,Not evidence of causation by itself
ND-050,Neurodevelopmental,Autistic community/social-media participation,CLINICAL_DEVELOPMENTAL,PSYCHIATRIC_PSYCHOLOGICAL,MEASUREMENT_INVARIANCE;DIFFERENTIAL_ITEM_FUNCTIONING;CAUSAL_FOREST_HTE,Repeated,EHR / validated PRO / neurodevelopmental assessment,PROVENANCE_VERIFIED;TIMING_RELATIVE_TO_TIME_ZERO;LONGITUDINAL_MEASUREMENT_CONSISTENCY;SENSITIVE_DATA_GOVERNANCE,Not evidence of causation by itself
ND-051,Neurodevelopmental,Neurodivergent identity salience,CLINICAL_DEVELOPMENTAL,PSYCHIATRIC_PSYCHOLOGICAL,MEASUREMENT_INVARIANCE;DIFFERENTIAL_ITEM_FUNCTIONING;CAUSAL_FOREST_HTE,Repeated,EHR / validated PRO / neurodevelopmental assessment,PROVENANCE_VERIFIED;TIMING_RELATIVE_TO_TIME_ZERO;LONGITUDINAL_MEASUREMENT_CONSISTENCY;SENSITIVE_DATA_GOVERNANCE,Not evidence of causation by itself
ND-052,Neurodevelopmental,Neurodivergence-related bullying/rejection history,CLINICAL_DEVELOPMENTAL,PSYCHIATRIC_PSYCHOLOGICAL,MEASUREMENT_INVARIANCE;DIFFERENTIAL_ITEM_FUNCTIONING;CAUSAL_FOREST_HTE,Repeated,EHR / validated PRO / neurodevelopmental assessment,PROVENANCE_VERIFIED;TIMING_RELATIVE_TO_TIME_ZERO;LONGITUDINAL_MEASUREMENT_CONSISTENCY;SENSITIVE_DATA_GOVERNANCE,Not evidence of causation by itself
ACA-001,Academic influence / bibliometrics,Annual publication count by predefined proposition,ACADEMIC_EPISTEMIC,,BIBLIOMETRIC_NETWORK_ANALYSIS;CITATION_LINEAGE_DEPENDENCY;REGISTRY_PUBLICATION_COMPARISON;PUBLICATION_SELECTION_MODEL,Time series,OpenAlex / Crossref / Europe PMC / PubMed / guideline corpus,PROVENANCE_VERIFIED;TIMING_RELATIVE_TO_TIME_ZERO,Measures academic diffusion/influence; not truth or causal validity
ACA-002,Academic influence / bibliometrics,Annual citation count by predefined proposition,ACADEMIC_EPISTEMIC,,BIBLIOMETRIC_NETWORK_ANALYSIS;CITATION_LINEAGE_DEPENDENCY;REGISTRY_PUBLICATION_COMPARISON;PUBLICATION_SELECTION_MODEL,Time series,OpenAlex / Crossref / Europe PMC / PubMed / guideline corpus,PROVENANCE_VERIFIED;TIMING_RELATIVE_TO_TIME_ZERO,Measures academic diffusion/influence; not truth or causal validity
ACA-003,Academic influence / bibliometrics,Field-normalised citation impact,ACADEMIC_EPISTEMIC,,BIBLIOMETRIC_NETWORK_ANALYSIS;CITATION_LINEAGE_DEPENDENCY;REGISTRY_PUBLICATION_COMPARISON;PUBLICATION_SELECTION_MODEL,Time series,OpenAlex / Crossref / Europe PMC / PubMed / guideline corpus,PROVENANCE_VERIFIED;TIMING_RELATIVE_TO_TIME_ZERO,Measures academic diffusion/influence; not truth or causal validity
ACA-004,Academic influence / bibliometrics,Number of independent primary datasets,ACADEMIC_EPISTEMIC,,BIBLIOMETRIC_NETWORK_ANALYSIS;CITATION_LINEAGE_DEPENDENCY;REGISTRY_PUBLICATION_COMPARISON;PUBLICATION_SELECTION_MODEL,Time series,OpenAlex / Crossref / Europe PMC / PubMed / guideline corpus,PROVENANCE_VERIFIED;TIMING_RELATIVE_TO_TIME_ZERO,Measures academic diffusion/influence; not truth or causal validity
ACA-005,Academic influence / bibliometrics,Number of systematic reviews/meta-analyses,ACADEMIC_EPISTEMIC,,BIBLIOMETRIC_NETWORK_ANALYSIS;CITATION_LINEAGE_DEPENDENCY;REGISTRY_PUBLICATION_COMPARISON;PUBLICATION_SELECTION_MODEL,Time series,OpenAlex / Crossref / Europe PMC / PubMed / guideline corpus,PROVENANCE_VERIFIED;TIMING_RELATIVE_TO_TIME_ZERO,Measures academic diffusion/influence; not truth or causal validity
ACA-006,Academic influence / bibliometrics,Number of guidelines citing each paper,ACADEMIC_EPISTEMIC,,BIBLIOMETRIC_NETWORK_ANALYSIS;CITATION_LINEAGE_DEPENDENCY;REGISTRY_PUBLICATION_COMPARISON;PUBLICATION_SELECTION_MODEL,Time series,OpenAlex / Crossref / Europe PMC / PubMed / guideline corpus,PROVENANCE_VERIFIED;TIMING_RELATIVE_TO_TIME_ZERO,Measures academic diffusion/influence; not truth or causal validity
ACA-007,Academic influence / bibliometrics,Guideline citation centrality,ACADEMIC_EPISTEMIC,,BIBLIOMETRIC_NETWORK_ANALYSIS;CITATION_LINEAGE_DEPENDENCY;REGISTRY_PUBLICATION_COMPARISON;PUBLICATION_SELECTION_MODEL,Time series,OpenAlex / Crossref / Europe PMC / PubMed / guideline corpus,PROVENANCE_VERIFIED;TIMING_RELATIVE_TO_TIME_ZERO,Measures academic diffusion/influence; not truth or causal validity
ACA-008,Academic influence / bibliometrics,Policy document citation centrality,ACADEMIC_EPISTEMIC,,BIBLIOMETRIC_NETWORK_ANALYSIS;CITATION_LINEAGE_DEPENDENCY;REGISTRY_PUBLICATION_COMPARISON;PUBLICATION_SELECTION_MODEL,Time series,OpenAlex / Crossref / Europe PMC / PubMed / guideline corpus,PROVENANCE_VERIFIED;TIMING_RELATIVE_TO_TIME_ZERO,Measures academic diffusion/influence; not truth or causal validity
ACA-009,Academic influence / bibliometrics,Author co-authorship network centrality,ACADEMIC_EPISTEMIC,,BIBLIOMETRIC_NETWORK_ANALYSIS;CITATION_LINEAGE_DEPENDENCY;REGISTRY_PUBLICATION_COMPARISON;PUBLICATION_SELECTION_MODEL,Time series,OpenAlex / Crossref / Europe PMC / PubMed / guideline corpus,PROVENANCE_VERIFIED;TIMING_RELATIVE_TO_TIME_ZERO,Measures academic diffusion/influence; not truth or causal validity
ACA-010,Academic influence / bibliometrics,Institution collaboration network centrality,ACADEMIC_EPISTEMIC,,BIBLIOMETRIC_NETWORK_ANALYSIS;CITATION_LINEAGE_DEPENDENCY;REGISTRY_PUBLICATION_COMPARISON;PUBLICATION_SELECTION_MODEL,Time series,OpenAlex / Crossref / Europe PMC / PubMed / guideline corpus,PROVENANCE_VERIFIED;TIMING_RELATIVE_TO_TIME_ZERO,Measures academic diffusion/influence; not truth or causal validity
ACA-011,Academic influence / bibliometrics,Funder network centrality,ACADEMIC_EPISTEMIC,,BIBLIOMETRIC_NETWORK_ANALYSIS;CITATION_LINEAGE_DEPENDENCY;REGISTRY_PUBLICATION_COMPARISON;PUBLICATION_SELECTION_MODEL,Time series,OpenAlex / Crossref / Europe PMC / PubMed / guideline corpus,PROVENANCE_VERIFIED;TIMING_RELATIVE_TO_TIME_ZERO,Measures academic diffusion/influence; not truth or causal validity
ACA-012,Academic influence / bibliometrics,Proportion of corpus by study design,ACADEMIC_EPISTEMIC,,BIBLIOMETRIC_NETWORK_ANALYSIS;CITATION_LINEAGE_DEPENDENCY;REGISTRY_PUBLICATION_COMPARISON;PUBLICATION_SELECTION_MODEL,Time series,OpenAlex / Crossref / Europe PMC / PubMed / guideline corpus,PROVENANCE_VERIFIED;TIMING_RELATIVE_TO_TIME_ZERO,Measures academic diffusion/influence; not truth or causal validity
ACA-013,Academic influence / bibliometrics,Proportion of corpus with prospective design,ACADEMIC_EPISTEMIC,,BIBLIOMETRIC_NETWORK_ANALYSIS;CITATION_LINEAGE_DEPENDENCY;REGISTRY_PUBLICATION_COMPARISON;PUBLICATION_SELECTION_MODEL,Time series,OpenAlex / Crossref / Europe PMC / PubMed / guideline corpus,PROVENANCE_VERIFIED;TIMING_RELATIVE_TO_TIME_ZERO,Measures academic diffusion/influence; not truth or causal validity
ACA-014,Academic influence / bibliometrics,Proportion with comparator/control group,ACADEMIC_EPISTEMIC,,BIBLIOMETRIC_NETWORK_ANALYSIS;CITATION_LINEAGE_DEPENDENCY;REGISTRY_PUBLICATION_COMPARISON;PUBLICATION_SELECTION_MODEL,Time series,OpenAlex / Crossref / Europe PMC / PubMed / guideline corpus,PROVENANCE_VERIFIED;TIMING_RELATIVE_TO_TIME_ZERO,Measures academic diffusion/influence; not truth or causal validity
ACA-015,Academic influence / bibliometrics,Proportion with preregistration,ACADEMIC_EPISTEMIC,,BIBLIOMETRIC_NETWORK_ANALYSIS;CITATION_LINEAGE_DEPENDENCY;REGISTRY_PUBLICATION_COMPARISON;PUBLICATION_SELECTION_MODEL,Time series,OpenAlex / Crossref / Europe PMC / PubMed / guideline corpus,PROVENANCE_VERIFIED;TIMING_RELATIVE_TO_TIME_ZERO,Measures academic diffusion/influence; not truth or causal validity
ACA-016,Academic influence / bibliometrics,Proportion with open data/code,ACADEMIC_EPISTEMIC,,BIBLIOMETRIC_NETWORK_ANALYSIS;CITATION_LINEAGE_DEPENDENCY;REGISTRY_PUBLICATION_COMPARISON;PUBLICATION_SELECTION_MODEL,Time series,OpenAlex / Crossref / Europe PMC / PubMed / guideline corpus,PROVENANCE_VERIFIED;TIMING_RELATIVE_TO_TIME_ZERO,Measures academic diffusion/influence; not truth or causal validity
ACA-017,Academic influence / bibliometrics,Proportion with disclosed conflicts of interest,ACADEMIC_EPISTEMIC,,BIBLIOMETRIC_NETWORK_ANALYSIS;CITATION_LINEAGE_DEPENDENCY;REGISTRY_PUBLICATION_COMPARISON;PUBLICATION_SELECTION_MODEL,Time series,OpenAlex / Crossref / Europe PMC / PubMed / guideline corpus,PROVENANCE_VERIFIED;TIMING_RELATIVE_TO_TIME_ZERO,Measures academic diffusion/influence; not truth or causal validity
ACA-018,Academic influence / bibliometrics,Proportion with industry/advocacy/government funding,ACADEMIC_EPISTEMIC,,BIBLIOMETRIC_NETWORK_ANALYSIS;CITATION_LINEAGE_DEPENDENCY;REGISTRY_PUBLICATION_COMPARISON;PUBLICATION_SELECTION_MODEL,Time series,OpenAlex / Crossref / Europe PMC / PubMed / guideline corpus,PROVENANCE_VERIFIED;TIMING_RELATIVE_TO_TIME_ZERO,Measures academic diffusion/influence; not truth or causal validity
ACA-019,Academic influence / bibliometrics,Retraction/correction/expression-of-concern status,ACADEMIC_EPISTEMIC,,BIBLIOMETRIC_NETWORK_ANALYSIS;CITATION_LINEAGE_DEPENDENCY;REGISTRY_PUBLICATION_COMPARISON;PUBLICATION_SELECTION_MODEL,Time series,OpenAlex / Crossref / Europe PMC / PubMed / guideline corpus,PROVENANCE_VERIFIED;TIMING_RELATIVE_TO_TIME_ZERO,Measures academic diffusion/influence; not truth or causal validity
ACA-020,Academic influence / bibliometrics,Replication count,ACADEMIC_EPISTEMIC,,BIBLIOMETRIC_NETWORK_ANALYSIS;CITATION_LINEAGE_DEPENDENCY;REGISTRY_PUBLICATION_COMPARISON;PUBLICATION_SELECTION_MODEL,Time series,OpenAlex / Crossref / Europe PMC / PubMed / guideline corpus,PROVENANCE_VERIFIED;TIMING_RELATIVE_TO_TIME_ZERO,Measures academic diffusion/influence; not truth or causal validity
ACA-021,Academic influence / bibliometrics,Independent replication count,ACADEMIC_EPISTEMIC,,BIBLIOMETRIC_NETWORK_ANALYSIS;CITATION_LINEAGE_DEPENDENCY;REGISTRY_PUBLICATION_COMPARISON;PUBLICATION_SELECTION_MODEL,Time series,OpenAlex / Crossref / Europe PMC / PubMed / guideline corpus,PROVENANCE_VERIFIED;TIMING_RELATIVE_TO_TIME_ZERO,Measures academic diffusion/influence; not truth or causal validity
ACA-022,Academic influence / bibliometrics,Data-set reuse/dependence count,ACADEMIC_EPISTEMIC,,BIBLIOMETRIC_NETWORK_ANALYSIS;CITATION_LINEAGE_DEPENDENCY;REGISTRY_PUBLICATION_COMPARISON;PUBLICATION_SELECTION_MODEL,Time series,OpenAlex / Crossref / Europe PMC / PubMed / guideline corpus,PROVENANCE_VERIFIED;TIMING_RELATIVE_TO_TIME_ZERO,Measures academic diffusion/influence; not truth or causal validity
ACA-023,Academic influence / bibliometrics,Guideline ancestry/dependency graph,ACADEMIC_EPISTEMIC,,BIBLIOMETRIC_NETWORK_ANALYSIS;CITATION_LINEAGE_DEPENDENCY;REGISTRY_PUBLICATION_COMPARISON;PUBLICATION_SELECTION_MODEL,Time series,OpenAlex / Crossref / Europe PMC / PubMed / guideline corpus,PROVENANCE_VERIFIED;TIMING_RELATIVE_TO_TIME_ZERO,Measures academic diffusion/influence; not truth or causal validity
ACA-024,Academic influence / bibliometrics,Self-citation rate,ACADEMIC_EPISTEMIC,,BIBLIOMETRIC_NETWORK_ANALYSIS;CITATION_LINEAGE_DEPENDENCY;REGISTRY_PUBLICATION_COMPARISON;PUBLICATION_SELECTION_MODEL,Time series,OpenAlex / Crossref / Europe PMC / PubMed / guideline corpus,PROVENANCE_VERIFIED;TIMING_RELATIVE_TO_TIME_ZERO,Measures academic diffusion/influence; not truth or causal validity
ACA-025,Academic influence / bibliometrics,Citation-cluster modularity/echo-chamber index,ACADEMIC_EPISTEMIC,,BIBLIOMETRIC_NETWORK_ANALYSIS;CITATION_LINEAGE_DEPENDENCY;REGISTRY_PUBLICATION_COMPARISON;PUBLICATION_SELECTION_MODEL,Time series,OpenAlex / Crossref / Europe PMC / PubMed / guideline corpus,PROVENANCE_VERIFIED;TIMING_RELATIVE_TO_TIME_ZERO,Measures academic diffusion/influence; not truth or causal validity
ACA-026,Academic influence / bibliometrics,Stance toward proposition: supports/challenges/mixed/method-only,ACADEMIC_EPISTEMIC,,BIBLIOMETRIC_NETWORK_ANALYSIS;CITATION_LINEAGE_DEPENDENCY;REGISTRY_PUBLICATION_COMPARISON;PUBLICATION_SELECTION_MODEL,Time series,OpenAlex / Crossref / Europe PMC / PubMed / guideline corpus,PROVENANCE_VERIFIED;TIMING_RELATIVE_TO_TIME_ZERO,Measures academic diffusion/influence; not truth or causal validity
ACA-027,Academic influence / bibliometrics,Epistemic-certainty language score,ACADEMIC_EPISTEMIC,,BIBLIOMETRIC_NETWORK_ANALYSIS;CITATION_LINEAGE_DEPENDENCY;REGISTRY_PUBLICATION_COMPARISON;PUBLICATION_SELECTION_MODEL,Time series,OpenAlex / Crossref / Europe PMC / PubMed / guideline corpus,PROVENANCE_VERIFIED;TIMING_RELATIVE_TO_TIME_ZERO,Measures academic diffusion/influence; not truth or causal validity
ACA-028,Academic influence / bibliometrics,Causal-language overstatement score,ACADEMIC_EPISTEMIC,,BIBLIOMETRIC_NETWORK_ANALYSIS;CITATION_LINEAGE_DEPENDENCY;REGISTRY_PUBLICATION_COMPARISON;PUBLICATION_SELECTION_MODEL,Time series,OpenAlex / Crossref / Europe PMC / PubMed / guideline corpus,PROVENANCE_VERIFIED;TIMING_RELATIVE_TO_TIME_ZERO,Measures academic diffusion/influence; not truth or causal validity
ACA-029,Academic influence / bibliometrics,Abstract-to-full-text conclusion consistency,ACADEMIC_EPISTEMIC,,BIBLIOMETRIC_NETWORK_ANALYSIS;CITATION_LINEAGE_DEPENDENCY;REGISTRY_PUBLICATION_COMPARISON;PUBLICATION_SELECTION_MODEL,Time series,OpenAlex / Crossref / Europe PMC / PubMed / guideline corpus,PROVENANCE_VERIFIED;TIMING_RELATIVE_TO_TIME_ZERO,Measures academic diffusion/influence; not truth or causal validity
ACA-030,Academic influence / bibliometrics,Media/policy amplification lag after publication,ACADEMIC_EPISTEMIC,,BIBLIOMETRIC_NETWORK_ANALYSIS;CITATION_LINEAGE_DEPENDENCY;REGISTRY_PUBLICATION_COMPARISON;PUBLICATION_SELECTION_MODEL,Time series,OpenAlex / Crossref / Europe PMC / PubMed / guideline corpus,PROVENANCE_VERIFIED;TIMING_RELATIVE_TO_TIME_ZERO,Measures academic diffusion/influence; not truth or causal validity
ACA-031,Academic influence / bibliometrics,Time from publication to guideline incorporation,ACADEMIC_EPISTEMIC,,BIBLIOMETRIC_NETWORK_ANALYSIS;CITATION_LINEAGE_DEPENDENCY;REGISTRY_PUBLICATION_COMPARISON;PUBLICATION_SELECTION_MODEL,Time series,OpenAlex / Crossref / Europe PMC / PubMed / guideline corpus,PROVENANCE_VERIFIED;TIMING_RELATIVE_TO_TIME_ZERO,Measures academic diffusion/influence; not truth or causal validity
ACA-032,Academic influence / bibliometrics,Contrary-evidence citation rate,ACADEMIC_EPISTEMIC,,BIBLIOMETRIC_NETWORK_ANALYSIS;CITATION_LINEAGE_DEPENDENCY;REGISTRY_PUBLICATION_COMPARISON;PUBLICATION_SELECTION_MODEL,Time series,OpenAlex / Crossref / Europe PMC / PubMed / guideline corpus,PROVENANCE_VERIFIED;TIMING_RELATIVE_TO_TIME_ZERO,Measures academic diffusion/influence; not truth or causal validity
ACA-033,Academic influence / bibliometrics,Citation asymmetry toward supportive vs challenging evidence,ACADEMIC_EPISTEMIC,,BIBLIOMETRIC_NETWORK_ANALYSIS;CITATION_LINEAGE_DEPENDENCY;REGISTRY_PUBLICATION_COMPARISON;PUBLICATION_SELECTION_MODEL,Time series,OpenAlex / Crossref / Europe PMC / PubMed / guideline corpus,PROVENANCE_VERIFIED;TIMING_RELATIVE_TO_TIME_ZERO,Measures academic diffusion/influence; not truth or causal validity
ACA-034,Academic influence / bibliometrics,Research-topic prevalence over time,ACADEMIC_EPISTEMIC,,BIBLIOMETRIC_NETWORK_ANALYSIS;CITATION_LINEAGE_DEPENDENCY;REGISTRY_PUBLICATION_COMPARISON;PUBLICATION_SELECTION_MODEL,Time series,OpenAlex / Crossref / Europe PMC / PubMed / guideline corpus,PROVENANCE_VERIFIED;TIMING_RELATIVE_TO_TIME_ZERO,Measures academic diffusion/influence; not truth or causal validity
ACA-035,Academic influence / bibliometrics,Discipline composition over time,ACADEMIC_EPISTEMIC,,BIBLIOMETRIC_NETWORK_ANALYSIS;CITATION_LINEAGE_DEPENDENCY;REGISTRY_PUBLICATION_COMPARISON;PUBLICATION_SELECTION_MODEL,Time series,OpenAlex / Crossref / Europe PMC / PubMed / guideline corpus,PROVENANCE_VERIFIED;TIMING_RELATIVE_TO_TIME_ZERO,Measures academic diffusion/influence; not truth or causal validity
ACA-036,Academic influence / bibliometrics,Geographical origin of evidence,ACADEMIC_EPISTEMIC,,BIBLIOMETRIC_NETWORK_ANALYSIS;CITATION_LINEAGE_DEPENDENCY;REGISTRY_PUBLICATION_COMPARISON;PUBLICATION_SELECTION_MODEL,Time series,OpenAlex / Crossref / Europe PMC / PubMed / guideline corpus,PROVENANCE_VERIFIED;TIMING_RELATIVE_TO_TIME_ZERO,Measures academic diffusion/influence; not truth or causal validity
ACA-037,Academic influence / bibliometrics,Population representativeness of evidence base,ACADEMIC_EPISTEMIC,,BIBLIOMETRIC_NETWORK_ANALYSIS;CITATION_LINEAGE_DEPENDENCY;REGISTRY_PUBLICATION_COMPARISON;PUBLICATION_SELECTION_MODEL,Time series,OpenAlex / Crossref / Europe PMC / PubMed / guideline corpus,PROVENANCE_VERIFIED;TIMING_RELATIVE_TO_TIME_ZERO,Measures academic diffusion/influence; not truth or causal validity
ACA-038,Academic influence / bibliometrics,Autism/neurodiversity-specific publication share,ACADEMIC_EPISTEMIC,,BIBLIOMETRIC_NETWORK_ANALYSIS;CITATION_LINEAGE_DEPENDENCY;REGISTRY_PUBLICATION_COMPARISON;PUBLICATION_SELECTION_MODEL,Time series,OpenAlex / Crossref / Europe PMC / PubMed / guideline corpus,PROVENANCE_VERIFIED;TIMING_RELATIVE_TO_TIME_ZERO,Measures academic diffusion/influence; not truth or causal validity
ACA-039,Academic influence / bibliometrics,Gender-dysphoria measure-validation publication share,ACADEMIC_EPISTEMIC,,BIBLIOMETRIC_NETWORK_ANALYSIS;CITATION_LINEAGE_DEPENDENCY;REGISTRY_PUBLICATION_COMPARISON;PUBLICATION_SELECTION_MODEL,Time series,OpenAlex / Crossref / Europe PMC / PubMed / guideline corpus,PROVENANCE_VERIFIED;TIMING_RELATIVE_TO_TIME_ZERO,Measures academic diffusion/influence; not truth or causal validity
LING-001,Clinical conversation / linguistic dynamics,Recording/transcript consent state,PUBLIC_DISCOURSE,PSYCHIATRIC_PSYCHOLOGICAL,CONVERSATION_ANALYSIS;PRAGMATICS_SPEECH_ACT_ANALYSIS;STANCE_EPISTEMIC_MODALITY_ANALYSIS;RANDOMISED_AB_TEST,Encounter/repeated,Consented audio/video transcript + NLP + human coding,PROVENANCE_VERIFIED;TIMING_RELATIVE_TO_TIME_ZERO;SENSITIVE_DATA_GOVERNANCE,Linguistic correlation does not prove persuasion or causation
LING-002,Clinical conversation / linguistic dynamics,Speaker identity/role diarisation,PUBLIC_DISCOURSE,PSYCHIATRIC_PSYCHOLOGICAL,CONVERSATION_ANALYSIS;PRAGMATICS_SPEECH_ACT_ANALYSIS;STANCE_EPISTEMIC_MODALITY_ANALYSIS;RANDOMISED_AB_TEST,Encounter/repeated,Consented audio/video transcript + NLP + human coding,PROVENANCE_VERIFIED;TIMING_RELATIVE_TO_TIME_ZERO;SENSITIVE_DATA_GOVERNANCE,Linguistic correlation does not prove persuasion or causation
LING-003,Clinical conversation / linguistic dynamics,Speaking-time ratio clinician/patient/parent,PUBLIC_DISCOURSE,PSYCHIATRIC_PSYCHOLOGICAL,CONVERSATION_ANALYSIS;PRAGMATICS_SPEECH_ACT_ANALYSIS;STANCE_EPISTEMIC_MODALITY_ANALYSIS;RANDOMISED_AB_TEST,Encounter/repeated,Consented audio/video transcript + NLP + human coding,PROVENANCE_VERIFIED;TIMING_RELATIVE_TO_TIME_ZERO;SENSITIVE_DATA_GOVERNANCE,Linguistic correlation does not prove persuasion or causation
LING-004,Clinical conversation / linguistic dynamics,Turn-taking balance,PUBLIC_DISCOURSE,PSYCHIATRIC_PSYCHOLOGICAL,CONVERSATION_ANALYSIS;PRAGMATICS_SPEECH_ACT_ANALYSIS;STANCE_EPISTEMIC_MODALITY_ANALYSIS;RANDOMISED_AB_TEST,Encounter/repeated,Consented audio/video transcript + NLP + human coding,PROVENANCE_VERIFIED;TIMING_RELATIVE_TO_TIME_ZERO;SENSITIVE_DATA_GOVERNANCE,Linguistic correlation does not prove persuasion or causation
LING-005,Clinical conversation / linguistic dynamics,Interruption frequency by speaker,PUBLIC_DISCOURSE,PSYCHIATRIC_PSYCHOLOGICAL,CONVERSATION_ANALYSIS;PRAGMATICS_SPEECH_ACT_ANALYSIS;STANCE_EPISTEMIC_MODALITY_ANALYSIS;RANDOMISED_AB_TEST,Encounter/repeated,Consented audio/video transcript + NLP + human coding,PROVENANCE_VERIFIED;TIMING_RELATIVE_TO_TIME_ZERO;SENSITIVE_DATA_GOVERNANCE,Linguistic correlation does not prove persuasion or causation
LING-006,Clinical conversation / linguistic dynamics,Question count by speaker,PUBLIC_DISCOURSE,PSYCHIATRIC_PSYCHOLOGICAL,CONVERSATION_ANALYSIS;PRAGMATICS_SPEECH_ACT_ANALYSIS;STANCE_EPISTEMIC_MODALITY_ANALYSIS;RANDOMISED_AB_TEST,Encounter/repeated,Consented audio/video transcript + NLP + human coding,PROVENANCE_VERIFIED;TIMING_RELATIVE_TO_TIME_ZERO;SENSITIVE_DATA_GOVERNANCE,Linguistic correlation does not prove persuasion or causation
LING-007,Clinical conversation / linguistic dynamics,Open-question proportion,PUBLIC_DISCOURSE,PSYCHIATRIC_PSYCHOLOGICAL,CONVERSATION_ANALYSIS;PRAGMATICS_SPEECH_ACT_ANALYSIS;STANCE_EPISTEMIC_MODALITY_ANALYSIS;RANDOMISED_AB_TEST,Encounter/repeated,Consented audio/video transcript + NLP + human coding,PROVENANCE_VERIFIED;TIMING_RELATIVE_TO_TIME_ZERO;SENSITIVE_DATA_GOVERNANCE,Linguistic correlation does not prove persuasion or causation
LING-008,Clinical conversation / linguistic dynamics,Closed-question proportion,PUBLIC_DISCOURSE,PSYCHIATRIC_PSYCHOLOGICAL,CONVERSATION_ANALYSIS;PRAGMATICS_SPEECH_ACT_ANALYSIS;STANCE_EPISTEMIC_MODALITY_ANALYSIS;RANDOMISED_AB_TEST,Encounter/repeated,Consented audio/video transcript + NLP + human coding,PROVENANCE_VERIFIED;TIMING_RELATIVE_TO_TIME_ZERO;SENSITIVE_DATA_GOVERNANCE,Linguistic correlation does not prove persuasion or causation
LING-009,Clinical conversation / linguistic dynamics,Leading-question frequency,PUBLIC_DISCOURSE,PSYCHIATRIC_PSYCHOLOGICAL,CONVERSATION_ANALYSIS;PRAGMATICS_SPEECH_ACT_ANALYSIS;STANCE_EPISTEMIC_MODALITY_ANALYSIS;RANDOMISED_AB_TEST,Encounter/repeated,Consented audio/video transcript + NLP + human coding,PROVENANCE_VERIFIED;TIMING_RELATIVE_TO_TIME_ZERO;SENSITIVE_DATA_GOVERNANCE,Linguistic correlation does not prove persuasion or causation
LING-010,Clinical conversation / linguistic dynamics,Presupposition frequency,PUBLIC_DISCOURSE,PSYCHIATRIC_PSYCHOLOGICAL,CONVERSATION_ANALYSIS;PRAGMATICS_SPEECH_ACT_ANALYSIS;STANCE_EPISTEMIC_MODALITY_ANALYSIS;RANDOMISED_AB_TEST,Encounter/repeated,Consented audio/video transcript + NLP + human coding,PROVENANCE_VERIFIED;TIMING_RELATIVE_TO_TIME_ZERO;SENSITIVE_DATA_GOVERNANCE,Linguistic correlation does not prove persuasion or causation
LING-011,Clinical conversation / linguistic dynamics,Option-framing balance,PUBLIC_DISCOURSE,PSYCHIATRIC_PSYCHOLOGICAL,CONVERSATION_ANALYSIS;PRAGMATICS_SPEECH_ACT_ANALYSIS;STANCE_EPISTEMIC_MODALITY_ANALYSIS;RANDOMISED_AB_TEST,Encounter/repeated,Consented audio/video transcript + NLP + human coding,PROVENANCE_VERIFIED;TIMING_RELATIVE_TO_TIME_ZERO;SENSITIVE_DATA_GOVERNANCE,Linguistic correlation does not prove persuasion or causation
LING-012,Clinical conversation / linguistic dynamics,Gain-versus-loss framing,PUBLIC_DISCOURSE,PSYCHIATRIC_PSYCHOLOGICAL,CONVERSATION_ANALYSIS;PRAGMATICS_SPEECH_ACT_ANALYSIS;STANCE_EPISTEMIC_MODALITY_ANALYSIS;RANDOMISED_AB_TEST,Encounter/repeated,Consented audio/video transcript + NLP + human coding,PROVENANCE_VERIFIED;TIMING_RELATIVE_TO_TIME_ZERO;SENSITIVE_DATA_GOVERNANCE,Linguistic correlation does not prove persuasion or causation
LING-013,Clinical conversation / linguistic dynamics,Risk-frequency versus percentage framing,PUBLIC_DISCOURSE,PSYCHIATRIC_PSYCHOLOGICAL,CONVERSATION_ANALYSIS;PRAGMATICS_SPEECH_ACT_ANALYSIS;STANCE_EPISTEMIC_MODALITY_ANALYSIS;RANDOMISED_AB_TEST,Encounter/repeated,Consented audio/video transcript + NLP + human coding,PROVENANCE_VERIFIED;TIMING_RELATIVE_TO_TIME_ZERO;SENSITIVE_DATA_GOVERNANCE,Linguistic correlation does not prove persuasion or causation
LING-014,Clinical conversation / linguistic dynamics,Order in which treatment options are presented,PUBLIC_DISCOURSE,PSYCHIATRIC_PSYCHOLOGICAL,CONVERSATION_ANALYSIS;PRAGMATICS_SPEECH_ACT_ANALYSIS;STANCE_EPISTEMIC_MODALITY_ANALYSIS;RANDOMISED_AB_TEST,Encounter/repeated,Consented audio/video transcript + NLP + human coding,PROVENANCE_VERIFIED;TIMING_RELATIVE_TO_TIME_ZERO;SENSITIVE_DATA_GOVERNANCE,Linguistic correlation does not prove persuasion or causation
LING-015,Clinical conversation / linguistic dynamics,Number of options presented,PUBLIC_DISCOURSE,PSYCHIATRIC_PSYCHOLOGICAL,CONVERSATION_ANALYSIS;PRAGMATICS_SPEECH_ACT_ANALYSIS;STANCE_EPISTEMIC_MODALITY_ANALYSIS;RANDOMISED_AB_TEST,Encounter/repeated,Consented audio/video transcript + NLP + human coding,PROVENANCE_VERIFIED;TIMING_RELATIVE_TO_TIME_ZERO;SENSITIVE_DATA_GOVERNANCE,Linguistic correlation does not prove persuasion or causation
LING-016,Clinical conversation / linguistic dynamics,Material options omitted from discussion,PUBLIC_DISCOURSE,PSYCHIATRIC_PSYCHOLOGICAL,CONVERSATION_ANALYSIS;PRAGMATICS_SPEECH_ACT_ANALYSIS;STANCE_EPISTEMIC_MODALITY_ANALYSIS;RANDOMISED_AB_TEST,Encounter/repeated,Consented audio/video transcript + NLP + human coding,PROVENANCE_VERIFIED;TIMING_RELATIVE_TO_TIME_ZERO;SENSITIVE_DATA_GOVERNANCE,Linguistic correlation does not prove persuasion or causation
LING-017,Clinical conversation / linguistic dynamics,Clinician certainty/epistemic modality,PUBLIC_DISCOURSE,PSYCHIATRIC_PSYCHOLOGICAL,CONVERSATION_ANALYSIS;PRAGMATICS_SPEECH_ACT_ANALYSIS;STANCE_EPISTEMIC_MODALITY_ANALYSIS;RANDOMISED_AB_TEST,Encounter/repeated,Consented audio/video transcript + NLP + human coding,PROVENANCE_VERIFIED;TIMING_RELATIVE_TO_TIME_ZERO;SENSITIVE_DATA_GOVERNANCE,Linguistic correlation does not prove persuasion or causation
LING-018,Clinical conversation / linguistic dynamics,Patient certainty/epistemic modality,PUBLIC_DISCOURSE,PSYCHIATRIC_PSYCHOLOGICAL,CONVERSATION_ANALYSIS;PRAGMATICS_SPEECH_ACT_ANALYSIS;STANCE_EPISTEMIC_MODALITY_ANALYSIS;RANDOMISED_AB_TEST,Encounter/repeated,Consented audio/video transcript + NLP + human coding,PROVENANCE_VERIFIED;TIMING_RELATIVE_TO_TIME_ZERO;SENSITIVE_DATA_GOVERNANCE,Linguistic correlation does not prove persuasion or causation
LING-019,Clinical conversation / linguistic dynamics,Hedging frequency,PUBLIC_DISCOURSE,PSYCHIATRIC_PSYCHOLOGICAL,CONVERSATION_ANALYSIS;PRAGMATICS_SPEECH_ACT_ANALYSIS;STANCE_EPISTEMIC_MODALITY_ANALYSIS;RANDOMISED_AB_TEST,Encounter/repeated,Consented audio/video transcript + NLP + human coding,PROVENANCE_VERIFIED;TIMING_RELATIVE_TO_TIME_ZERO;SENSITIVE_DATA_GOVERNANCE,Linguistic correlation does not prove persuasion or causation
LING-020,Clinical conversation / linguistic dynamics,Directive/paternalistic language score,PUBLIC_DISCOURSE,PSYCHIATRIC_PSYCHOLOGICAL,CONVERSATION_ANALYSIS;PRAGMATICS_SPEECH_ACT_ANALYSIS;STANCE_EPISTEMIC_MODALITY_ANALYSIS;RANDOMISED_AB_TEST,Encounter/repeated,Consented audio/video transcript + NLP + human coding,PROVENANCE_VERIFIED;TIMING_RELATIVE_TO_TIME_ZERO;SENSITIVE_DATA_GOVERNANCE,Linguistic correlation does not prove persuasion or causation
LING-021,Clinical conversation / linguistic dynamics,Shared-decision language score,PUBLIC_DISCOURSE,PSYCHIATRIC_PSYCHOLOGICAL,CONVERSATION_ANALYSIS;PRAGMATICS_SPEECH_ACT_ANALYSIS;STANCE_EPISTEMIC_MODALITY_ANALYSIS;RANDOMISED_AB_TEST,Encounter/repeated,Consented audio/video transcript + NLP + human coding,PROVENANCE_VERIFIED;TIMING_RELATIVE_TO_TIME_ZERO;SENSITIVE_DATA_GOVERNANCE,Linguistic correlation does not prove persuasion or causation
LING-022,Clinical conversation / linguistic dynamics,Empathy/validation language score,PUBLIC_DISCOURSE,PSYCHIATRIC_PSYCHOLOGICAL,CONVERSATION_ANALYSIS;PRAGMATICS_SPEECH_ACT_ANALYSIS;STANCE_EPISTEMIC_MODALITY_ANALYSIS;RANDOMISED_AB_TEST,Encounter/repeated,Consented audio/video transcript + NLP + human coding,PROVENANCE_VERIFIED;TIMING_RELATIVE_TO_TIME_ZERO;SENSITIVE_DATA_GOVERNANCE,Linguistic correlation does not prove persuasion or causation
LING-023,Clinical conversation / linguistic dynamics,Affiliation/rapport language markers,PUBLIC_DISCOURSE,PSYCHIATRIC_PSYCHOLOGICAL,CONVERSATION_ANALYSIS;PRAGMATICS_SPEECH_ACT_ANALYSIS;STANCE_EPISTEMIC_MODALITY_ANALYSIS;RANDOMISED_AB_TEST,Encounter/repeated,Consented audio/video transcript + NLP + human coding,PROVENANCE_VERIFIED;TIMING_RELATIVE_TO_TIME_ZERO;SENSITIVE_DATA_GOVERNANCE,Linguistic correlation does not prove persuasion or causation
LING-024,Clinical conversation / linguistic dynamics,Authority/clout language markers,PUBLIC_DISCOURSE,PSYCHIATRIC_PSYCHOLOGICAL,CONVERSATION_ANALYSIS;PRAGMATICS_SPEECH_ACT_ANALYSIS;STANCE_EPISTEMIC_MODALITY_ANALYSIS;RANDOMISED_AB_TEST,Encounter/repeated,Consented audio/video transcript + NLP + human coding,PROVENANCE_VERIFIED;TIMING_RELATIVE_TO_TIME_ZERO;SENSITIVE_DATA_GOVERNANCE,Linguistic correlation does not prove persuasion or causation
LING-025,Clinical conversation / linguistic dynamics,Causal-language frequency,PUBLIC_DISCOURSE,PSYCHIATRIC_PSYCHOLOGICAL,CONVERSATION_ANALYSIS;PRAGMATICS_SPEECH_ACT_ANALYSIS;STANCE_EPISTEMIC_MODALITY_ANALYSIS;RANDOMISED_AB_TEST,Encounter/repeated,Consented audio/video transcript + NLP + human coding,PROVENANCE_VERIFIED;TIMING_RELATIVE_TO_TIME_ZERO;SENSITIVE_DATA_GOVERNANCE,Linguistic correlation does not prove persuasion or causation
LING-026,Clinical conversation / linguistic dynamics,Diagnostic-label introduction timing,PUBLIC_DISCOURSE,PSYCHIATRIC_PSYCHOLOGICAL,CONVERSATION_ANALYSIS;PRAGMATICS_SPEECH_ACT_ANALYSIS;STANCE_EPISTEMIC_MODALITY_ANALYSIS;RANDOMISED_AB_TEST,Encounter/repeated,Consented audio/video transcript + NLP + human coding,PROVENANCE_VERIFIED;TIMING_RELATIVE_TO_TIME_ZERO;SENSITIVE_DATA_GOVERNANCE,Linguistic correlation does not prove persuasion or causation
LING-027,Clinical conversation / linguistic dynamics,Identity-label introduction timing and speaker,PUBLIC_DISCOURSE,PSYCHIATRIC_PSYCHOLOGICAL,CONVERSATION_ANALYSIS;PRAGMATICS_SPEECH_ACT_ANALYSIS;STANCE_EPISTEMIC_MODALITY_ANALYSIS;RANDOMISED_AB_TEST,Encounter/repeated,Consented audio/video transcript + NLP + human coding,PROVENANCE_VERIFIED;TIMING_RELATIVE_TO_TIME_ZERO;SENSITIVE_DATA_GOVERNANCE,Linguistic correlation does not prove persuasion or causation
LING-028,Clinical conversation / linguistic dynamics,Terminology adoption/convergence over consultation,PUBLIC_DISCOURSE,PSYCHIATRIC_PSYCHOLOGICAL,CONVERSATION_ANALYSIS;PRAGMATICS_SPEECH_ACT_ANALYSIS;STANCE_EPISTEMIC_MODALITY_ANALYSIS;RANDOMISED_AB_TEST,Encounter/repeated,Consented audio/video transcript + NLP + human coding,PROVENANCE_VERIFIED;TIMING_RELATIVE_TO_TIME_ZERO;SENSITIVE_DATA_GOVERNANCE,Linguistic correlation does not prove persuasion or causation
LING-029,Clinical conversation / linguistic dynamics,Lexical entrainment/accommodation,PUBLIC_DISCOURSE,PSYCHIATRIC_PSYCHOLOGICAL,CONVERSATION_ANALYSIS;PRAGMATICS_SPEECH_ACT_ANALYSIS;STANCE_EPISTEMIC_MODALITY_ANALYSIS;RANDOMISED_AB_TEST,Encounter/repeated,Consented audio/video transcript + NLP + human coding,PROVENANCE_VERIFIED;TIMING_RELATIVE_TO_TIME_ZERO;SENSITIVE_DATA_GOVERNANCE,Linguistic correlation does not prove persuasion or causation
LING-030,Clinical conversation / linguistic dynamics,Repetition/priming of key labels,PUBLIC_DISCOURSE,PSYCHIATRIC_PSYCHOLOGICAL,CONVERSATION_ANALYSIS;PRAGMATICS_SPEECH_ACT_ANALYSIS;STANCE_EPISTEMIC_MODALITY_ANALYSIS;RANDOMISED_AB_TEST,Encounter/repeated,Consented audio/video transcript + NLP + human coding,PROVENANCE_VERIFIED;TIMING_RELATIVE_TO_TIME_ZERO;SENSITIVE_DATA_GOVERNANCE,Linguistic correlation does not prove persuasion or causation
LING-031,Clinical conversation / linguistic dynamics,Reflective-listening frequency,PUBLIC_DISCOURSE,PSYCHIATRIC_PSYCHOLOGICAL,CONVERSATION_ANALYSIS;PRAGMATICS_SPEECH_ACT_ANALYSIS;STANCE_EPISTEMIC_MODALITY_ANALYSIS;RANDOMISED_AB_TEST,Encounter/repeated,Consented audio/video transcript + NLP + human coding,PROVENANCE_VERIFIED;TIMING_RELATIVE_TO_TIME_ZERO;SENSITIVE_DATA_GOVERNANCE,Linguistic correlation does not prove persuasion or causation
LING-032,Clinical conversation / linguistic dynamics,Challenge/disconfirmation questions asked,PUBLIC_DISCOURSE,PSYCHIATRIC_PSYCHOLOGICAL,CONVERSATION_ANALYSIS;PRAGMATICS_SPEECH_ACT_ANALYSIS;STANCE_EPISTEMIC_MODALITY_ANALYSIS;RANDOMISED_AB_TEST,Encounter/repeated,Consented audio/video transcript + NLP + human coding,PROVENANCE_VERIFIED;TIMING_RELATIVE_TO_TIME_ZERO;SENSITIVE_DATA_GOVERNANCE,Linguistic correlation does not prove persuasion or causation
LING-033,Clinical conversation / linguistic dynamics,Alternative-explanation exploration count,PUBLIC_DISCOURSE,PSYCHIATRIC_PSYCHOLOGICAL,CONVERSATION_ANALYSIS;PRAGMATICS_SPEECH_ACT_ANALYSIS;STANCE_EPISTEMIC_MODALITY_ANALYSIS;RANDOMISED_AB_TEST,Encounter/repeated,Consented audio/video transcript + NLP + human coding,PROVENANCE_VERIFIED;TIMING_RELATIVE_TO_TIME_ZERO;SENSITIVE_DATA_GOVERNANCE,Linguistic correlation does not prove persuasion or causation
LING-034,Clinical conversation / linguistic dynamics,Checking-understanding frequency,PUBLIC_DISCOURSE,PSYCHIATRIC_PSYCHOLOGICAL,CONVERSATION_ANALYSIS;PRAGMATICS_SPEECH_ACT_ANALYSIS;STANCE_EPISTEMIC_MODALITY_ANALYSIS;RANDOMISED_AB_TEST,Encounter/repeated,Consented audio/video transcript + NLP + human coding,PROVENANCE_VERIFIED;TIMING_RELATIVE_TO_TIME_ZERO;SENSITIVE_DATA_GOVERNANCE,Linguistic correlation does not prove persuasion or causation
LING-035,Clinical conversation / linguistic dynamics,Teach-back use,PUBLIC_DISCOURSE,PSYCHIATRIC_PSYCHOLOGICAL,CONVERSATION_ANALYSIS;PRAGMATICS_SPEECH_ACT_ANALYSIS;STANCE_EPISTEMIC_MODALITY_ANALYSIS;RANDOMISED_AB_TEST,Encounter/repeated,Consented audio/video transcript + NLP + human coding,PROVENANCE_VERIFIED;TIMING_RELATIVE_TO_TIME_ZERO;SENSITIVE_DATA_GOVERNANCE,Linguistic correlation does not prove persuasion or causation
LING-036,Clinical conversation / linguistic dynamics,Explicit uncertainty communication,PUBLIC_DISCOURSE,PSYCHIATRIC_PSYCHOLOGICAL,CONVERSATION_ANALYSIS;PRAGMATICS_SPEECH_ACT_ANALYSIS;STANCE_EPISTEMIC_MODALITY_ANALYSIS;RANDOMISED_AB_TEST,Encounter/repeated,Consented audio/video transcript + NLP + human coding,PROVENANCE_VERIFIED;TIMING_RELATIVE_TO_TIME_ZERO;SENSITIVE_DATA_GOVERNANCE,Linguistic correlation does not prove persuasion or causation
LING-037,Clinical conversation / linguistic dynamics,Explicit discussion of evidence quality,PUBLIC_DISCOURSE,PSYCHIATRIC_PSYCHOLOGICAL,CONVERSATION_ANALYSIS;PRAGMATICS_SPEECH_ACT_ANALYSIS;STANCE_EPISTEMIC_MODALITY_ANALYSIS;RANDOMISED_AB_TEST,Encounter/repeated,Consented audio/video transcript + NLP + human coding,PROVENANCE_VERIFIED;TIMING_RELATIVE_TO_TIME_ZERO;SENSITIVE_DATA_GOVERNANCE,Linguistic correlation does not prove persuasion or causation
LING-038,Clinical conversation / linguistic dynamics,Explicit discussion of reversibility/irreversibility,PUBLIC_DISCOURSE,PSYCHIATRIC_PSYCHOLOGICAL,CONVERSATION_ANALYSIS;PRAGMATICS_SPEECH_ACT_ANALYSIS;STANCE_EPISTEMIC_MODALITY_ANALYSIS;RANDOMISED_AB_TEST,Encounter/repeated,Consented audio/video transcript + NLP + human coding,PROVENANCE_VERIFIED;TIMING_RELATIVE_TO_TIME_ZERO;SENSITIVE_DATA_GOVERNANCE,Linguistic correlation does not prove persuasion or causation
LING-039,Clinical conversation / linguistic dynamics,Patient baseline preference before consultation,PUBLIC_DISCOURSE,PSYCHIATRIC_PSYCHOLOGICAL,CONVERSATION_ANALYSIS;PRAGMATICS_SPEECH_ACT_ANALYSIS;STANCE_EPISTEMIC_MODALITY_ANALYSIS;RANDOMISED_AB_TEST,Encounter/repeated,Consented audio/video transcript + NLP + human coding,PROVENANCE_VERIFIED;TIMING_RELATIVE_TO_TIME_ZERO;SENSITIVE_DATA_GOVERNANCE,Linguistic correlation does not prove persuasion or causation
LING-040,Clinical conversation / linguistic dynamics,Patient preference after consultation,PUBLIC_DISCOURSE,PSYCHIATRIC_PSYCHOLOGICAL,CONVERSATION_ANALYSIS;PRAGMATICS_SPEECH_ACT_ANALYSIS;STANCE_EPISTEMIC_MODALITY_ANALYSIS;RANDOMISED_AB_TEST,Encounter/repeated,Consented audio/video transcript + NLP + human coding,PROVENANCE_VERIFIED;TIMING_RELATIVE_TO_TIME_ZERO;SENSITIVE_DATA_GOVERNANCE,Linguistic correlation does not prove persuasion or causation
LING-041,Clinical conversation / linguistic dynamics,Preference-change magnitude,PUBLIC_DISCOURSE,PSYCHIATRIC_PSYCHOLOGICAL,CONVERSATION_ANALYSIS;PRAGMATICS_SPEECH_ACT_ANALYSIS;STANCE_EPISTEMIC_MODALITY_ANALYSIS;RANDOMISED_AB_TEST,Encounter/repeated,Consented audio/video transcript + NLP + human coding,PROVENANCE_VERIFIED;TIMING_RELATIVE_TO_TIME_ZERO;SENSITIVE_DATA_GOVERNANCE,Linguistic correlation does not prove persuasion or causation
LING-042,Clinical conversation / linguistic dynamics,Parent/carer preference before/after consultation,PUBLIC_DISCOURSE,PSYCHIATRIC_PSYCHOLOGICAL,CONVERSATION_ANALYSIS;PRAGMATICS_SPEECH_ACT_ANALYSIS;STANCE_EPISTEMIC_MODALITY_ANALYSIS;RANDOMISED_AB_TEST,Encounter/repeated,Consented audio/video transcript + NLP + human coding,PROVENANCE_VERIFIED;TIMING_RELATIVE_TO_TIME_ZERO;SENSITIVE_DATA_GOVERNANCE,Linguistic correlation does not prove persuasion or causation
LING-043,Clinical conversation / linguistic dynamics,Clinician recommendation before/after MDT input,PUBLIC_DISCOURSE,PSYCHIATRIC_PSYCHOLOGICAL,CONVERSATION_ANALYSIS;PRAGMATICS_SPEECH_ACT_ANALYSIS;STANCE_EPISTEMIC_MODALITY_ANALYSIS;RANDOMISED_AB_TEST,Encounter/repeated,Consented audio/video transcript + NLP + human coding,PROVENANCE_VERIFIED;TIMING_RELATIVE_TO_TIME_ZERO;SENSITIVE_DATA_GOVERNANCE,Linguistic correlation does not prove persuasion or causation
LING-044,Clinical conversation / linguistic dynamics,Emotional valence/arousal trajectory,PUBLIC_DISCOURSE,PSYCHIATRIC_PSYCHOLOGICAL,CONVERSATION_ANALYSIS;PRAGMATICS_SPEECH_ACT_ANALYSIS;STANCE_EPISTEMIC_MODALITY_ANALYSIS;RANDOMISED_AB_TEST,Encounter/repeated,Consented audio/video transcript + NLP + human coding,PROVENANCE_VERIFIED;TIMING_RELATIVE_TO_TIME_ZERO;SENSITIVE_DATA_GOVERNANCE,Linguistic correlation does not prove persuasion or causation
LING-045,Clinical conversation / linguistic dynamics,Silence/non-fluency markers,PUBLIC_DISCOURSE,PSYCHIATRIC_PSYCHOLOGICAL,CONVERSATION_ANALYSIS;PRAGMATICS_SPEECH_ACT_ANALYSIS;STANCE_EPISTEMIC_MODALITY_ANALYSIS;RANDOMISED_AB_TEST,Encounter/repeated,Consented audio/video transcript + NLP + human coding,PROVENANCE_VERIFIED;TIMING_RELATIVE_TO_TIME_ZERO;SENSITIVE_DATA_GOVERNANCE,Linguistic correlation does not prove persuasion or causation
LING-046,Clinical conversation / linguistic dynamics,Pronoun/use-of-self markers,PUBLIC_DISCOURSE,PSYCHIATRIC_PSYCHOLOGICAL,CONVERSATION_ANALYSIS;PRAGMATICS_SPEECH_ACT_ANALYSIS;STANCE_EPISTEMIC_MODALITY_ANALYSIS;RANDOMISED_AB_TEST,Encounter/repeated,Consented audio/video transcript + NLP + human coding,PROVENANCE_VERIFIED;TIMING_RELATIVE_TO_TIME_ZERO;SENSITIVE_DATA_GOVERNANCE,Linguistic correlation does not prove persuasion or causation
LING-047,Clinical conversation / linguistic dynamics,Narrative coherence change across sessions,PUBLIC_DISCOURSE,PSYCHIATRIC_PSYCHOLOGICAL,CONVERSATION_ANALYSIS;PRAGMATICS_SPEECH_ACT_ANALYSIS;STANCE_EPISTEMIC_MODALITY_ANALYSIS;RANDOMISED_AB_TEST,Encounter/repeated,Consented audio/video transcript + NLP + human coding,PROVENANCE_VERIFIED;TIMING_RELATIVE_TO_TIME_ZERO;SENSITIVE_DATA_GOVERNANCE,Linguistic correlation does not prove persuasion or causation
LING-048,Clinical conversation / linguistic dynamics,Language shift before and after diagnosis/referral,PUBLIC_DISCOURSE,PSYCHIATRIC_PSYCHOLOGICAL,CONVERSATION_ANALYSIS;PRAGMATICS_SPEECH_ACT_ANALYSIS;STANCE_EPISTEMIC_MODALITY_ANALYSIS;RANDOMISED_AB_TEST,Encounter/repeated,Consented audio/video transcript + NLP + human coding,PROVENANCE_VERIFIED;TIMING_RELATIVE_TO_TIME_ZERO;SENSITIVE_DATA_GOVERNANCE,Linguistic correlation does not prove persuasion or causation
LING-049,Clinical conversation / linguistic dynamics,Language shift before and after social transition,PUBLIC_DISCOURSE,PSYCHIATRIC_PSYCHOLOGICAL,CONVERSATION_ANALYSIS;PRAGMATICS_SPEECH_ACT_ANALYSIS;STANCE_EPISTEMIC_MODALITY_ANALYSIS;RANDOMISED_AB_TEST,Encounter/repeated,Consented audio/video transcript + NLP + human coding,PROVENANCE_VERIFIED;TIMING_RELATIVE_TO_TIME_ZERO;SENSITIVE_DATA_GOVERNANCE,Linguistic correlation does not prove persuasion or causation
LING-050,Clinical conversation / linguistic dynamics,Conversation-derived influence score held as research-only,PUBLIC_DISCOURSE,PSYCHIATRIC_PSYCHOLOGICAL,CONVERSATION_ANALYSIS;PRAGMATICS_SPEECH_ACT_ANALYSIS;STANCE_EPISTEMIC_MODALITY_ANALYSIS;RANDOMISED_AB_TEST,Encounter/repeated,Consented audio/video transcript + NLP + human coding,PROVENANCE_VERIFIED;TIMING_RELATIVE_TO_TIME_ZERO;SENSITIVE_DATA_GOVERNANCE,Linguistic correlation does not prove persuasion or causation
PER-001,Persuasion / marketing / exposure dynamics,Gender-related content exposure frequency,DIGITAL_MEDIA_PEER,PUBLIC_DISCOURSE,RANDOMISED_AB_TEST;FACTORIAL_RANDOMISED;FRAME_ANALYSIS;STANCE_EPISTEMIC_MODALITY_ANALYSIS,Time-varying,Consented digital trace / surveys / content corpus,PROVENANCE_VERIFIED;TIMING_RELATIVE_TO_TIME_ZERO;SENSITIVE_DATA_GOVERNANCE,Exposure is probabilistic and cannot determine individual identity/outcome
PER-002,Persuasion / marketing / exposure dynamics,Content exposure duration,DIGITAL_MEDIA_PEER,PUBLIC_DISCOURSE,RANDOMISED_AB_TEST;FACTORIAL_RANDOMISED;FRAME_ANALYSIS;STANCE_EPISTEMIC_MODALITY_ANALYSIS,Time-varying,Consented digital trace / surveys / content corpus,PROVENANCE_VERIFIED;TIMING_RELATIVE_TO_TIME_ZERO;SENSITIVE_DATA_GOVERNANCE,Exposure is probabilistic and cannot determine individual identity/outcome
PER-003,Persuasion / marketing / exposure dynamics,Active engagement versus passive exposure,DIGITAL_MEDIA_PEER,PUBLIC_DISCOURSE,RANDOMISED_AB_TEST;FACTORIAL_RANDOMISED;FRAME_ANALYSIS;STANCE_EPISTEMIC_MODALITY_ANALYSIS,Time-varying,Consented digital trace / surveys / content corpus,PROVENANCE_VERIFIED;TIMING_RELATIVE_TO_TIME_ZERO;SENSITIVE_DATA_GOVERNANCE,Exposure is probabilistic and cannot determine individual identity/outcome
PER-004,Persuasion / marketing / exposure dynamics,First age of relevant exposure,DIGITAL_MEDIA_PEER,PUBLIC_DISCOURSE,RANDOMISED_AB_TEST;FACTORIAL_RANDOMISED;FRAME_ANALYSIS;STANCE_EPISTEMIC_MODALITY_ANALYSIS,Time-varying,Consented digital trace / surveys / content corpus,PROVENANCE_VERIFIED;TIMING_RELATIVE_TO_TIME_ZERO;SENSITIVE_DATA_GOVERNANCE,Exposure is probabilistic and cannot determine individual identity/outcome
PER-005,Persuasion / marketing / exposure dynamics,Exposure before versus after first reported distress,DIGITAL_MEDIA_PEER,PUBLIC_DISCOURSE,RANDOMISED_AB_TEST;FACTORIAL_RANDOMISED;FRAME_ANALYSIS;STANCE_EPISTEMIC_MODALITY_ANALYSIS,Time-varying,Consented digital trace / surveys / content corpus,PROVENANCE_VERIFIED;TIMING_RELATIVE_TO_TIME_ZERO;SENSITIVE_DATA_GOVERNANCE,Exposure is probabilistic and cannot determine individual identity/outcome
PER-006,Persuasion / marketing / exposure dynamics,Message repetition frequency,DIGITAL_MEDIA_PEER,PUBLIC_DISCOURSE,RANDOMISED_AB_TEST;FACTORIAL_RANDOMISED;FRAME_ANALYSIS;STANCE_EPISTEMIC_MODALITY_ANALYSIS,Time-varying,Consented digital trace / surveys / content corpus,PROVENANCE_VERIFIED;TIMING_RELATIVE_TO_TIME_ZERO;SENSITIVE_DATA_GOVERNANCE,Exposure is probabilistic and cannot determine individual identity/outcome
PER-007,Persuasion / marketing / exposure dynamics,Mere-exposure index,DIGITAL_MEDIA_PEER,PUBLIC_DISCOURSE,RANDOMISED_AB_TEST;FACTORIAL_RANDOMISED;FRAME_ANALYSIS;STANCE_EPISTEMIC_MODALITY_ANALYSIS,Time-varying,Consented digital trace / surveys / content corpus,PROVENANCE_VERIFIED;TIMING_RELATIVE_TO_TIME_ZERO;SENSITIVE_DATA_GOVERNANCE,Exposure is probabilistic and cannot determine individual identity/outcome
PER-008,Persuasion / marketing / exposure dynamics,Source-credibility cue exposure,DIGITAL_MEDIA_PEER,PUBLIC_DISCOURSE,RANDOMISED_AB_TEST;FACTORIAL_RANDOMISED;FRAME_ANALYSIS;STANCE_EPISTEMIC_MODALITY_ANALYSIS,Time-varying,Consented digital trace / surveys / content corpus,PROVENANCE_VERIFIED;TIMING_RELATIVE_TO_TIME_ZERO;SENSITIVE_DATA_GOVERNANCE,Exposure is probabilistic and cannot determine individual identity/outcome
PER-009,Persuasion / marketing / exposure dynamics,Expert/authority cue exposure,DIGITAL_MEDIA_PEER,PUBLIC_DISCOURSE,RANDOMISED_AB_TEST;FACTORIAL_RANDOMISED;FRAME_ANALYSIS;STANCE_EPISTEMIC_MODALITY_ANALYSIS,Time-varying,Consented digital trace / surveys / content corpus,PROVENANCE_VERIFIED;TIMING_RELATIVE_TO_TIME_ZERO;SENSITIVE_DATA_GOVERNANCE,Exposure is probabilistic and cannot determine individual identity/outcome
PER-010,Persuasion / marketing / exposure dynamics,Social-proof cue exposure,DIGITAL_MEDIA_PEER,PUBLIC_DISCOURSE,RANDOMISED_AB_TEST;FACTORIAL_RANDOMISED;FRAME_ANALYSIS;STANCE_EPISTEMIC_MODALITY_ANALYSIS,Time-varying,Consented digital trace / surveys / content corpus,PROVENANCE_VERIFIED;TIMING_RELATIVE_TO_TIME_ZERO;SENSITIVE_DATA_GOVERNANCE,Exposure is probabilistic and cannot determine individual identity/outcome
PER-011,Persuasion / marketing / exposure dynamics,Normative-consensus cue exposure,DIGITAL_MEDIA_PEER,PUBLIC_DISCOURSE,RANDOMISED_AB_TEST;FACTORIAL_RANDOMISED;FRAME_ANALYSIS;STANCE_EPISTEMIC_MODALITY_ANALYSIS,Time-varying,Consented digital trace / surveys / content corpus,PROVENANCE_VERIFIED;TIMING_RELATIVE_TO_TIME_ZERO;SENSITIVE_DATA_GOVERNANCE,Exposure is probabilistic and cannot determine individual identity/outcome
PER-012,Persuasion / marketing / exposure dynamics,Influencer/celebrity exposure,DIGITAL_MEDIA_PEER,PUBLIC_DISCOURSE,RANDOMISED_AB_TEST;FACTORIAL_RANDOMISED;FRAME_ANALYSIS;STANCE_EPISTEMIC_MODALITY_ANALYSIS,Time-varying,Consented digital trace / surveys / content corpus,PROVENANCE_VERIFIED;TIMING_RELATIVE_TO_TIME_ZERO;SENSITIVE_DATA_GOVERNANCE,Exposure is probabilistic and cannot determine individual identity/outcome
PER-013,Persuasion / marketing / exposure dynamics,Parasocial relationship intensity,DIGITAL_MEDIA_PEER,PUBLIC_DISCOURSE,RANDOMISED_AB_TEST;FACTORIAL_RANDOMISED;FRAME_ANALYSIS;STANCE_EPISTEMIC_MODALITY_ANALYSIS,Time-varying,Consented digital trace / surveys / content corpus,PROVENANCE_VERIFIED;TIMING_RELATIVE_TO_TIME_ZERO;SENSITIVE_DATA_GOVERNANCE,Exposure is probabilistic and cannot determine individual identity/outcome
PER-014,Persuasion / marketing / exposure dynamics,Peer endorsement exposure,DIGITAL_MEDIA_PEER,PUBLIC_DISCOURSE,RANDOMISED_AB_TEST;FACTORIAL_RANDOMISED;FRAME_ANALYSIS;STANCE_EPISTEMIC_MODALITY_ANALYSIS,Time-varying,Consented digital trace / surveys / content corpus,PROVENANCE_VERIFIED;TIMING_RELATIVE_TO_TIME_ZERO;SENSITIVE_DATA_GOVERNANCE,Exposure is probabilistic and cannot determine individual identity/outcome
PER-015,Persuasion / marketing / exposure dynamics,Identity-based message framing,DIGITAL_MEDIA_PEER,PUBLIC_DISCOURSE,RANDOMISED_AB_TEST;FACTORIAL_RANDOMISED;FRAME_ANALYSIS;STANCE_EPISTEMIC_MODALITY_ANALYSIS,Time-varying,Consented digital trace / surveys / content corpus,PROVENANCE_VERIFIED;TIMING_RELATIVE_TO_TIME_ZERO;SENSITIVE_DATA_GOVERNANCE,Exposure is probabilistic and cannot determine individual identity/outcome
PER-016,Persuasion / marketing / exposure dynamics,Moral/emotional framing,DIGITAL_MEDIA_PEER,PUBLIC_DISCOURSE,RANDOMISED_AB_TEST;FACTORIAL_RANDOMISED;FRAME_ANALYSIS;STANCE_EPISTEMIC_MODALITY_ANALYSIS,Time-varying,Consented digital trace / surveys / content corpus,PROVENANCE_VERIFIED;TIMING_RELATIVE_TO_TIME_ZERO;SENSITIVE_DATA_GOVERNANCE,Exposure is probabilistic and cannot determine individual identity/outcome
PER-017,Persuasion / marketing / exposure dynamics,Fear/threat framing,DIGITAL_MEDIA_PEER,PUBLIC_DISCOURSE,RANDOMISED_AB_TEST;FACTORIAL_RANDOMISED;FRAME_ANALYSIS;STANCE_EPISTEMIC_MODALITY_ANALYSIS,Time-varying,Consented digital trace / surveys / content corpus,PROVENANCE_VERIFIED;TIMING_RELATIVE_TO_TIME_ZERO;SENSITIVE_DATA_GOVERNANCE,Exposure is probabilistic and cannot determine individual identity/outcome
PER-018,Persuasion / marketing / exposure dynamics,Hope/relief framing,DIGITAL_MEDIA_PEER,PUBLIC_DISCOURSE,RANDOMISED_AB_TEST;FACTORIAL_RANDOMISED;FRAME_ANALYSIS;STANCE_EPISTEMIC_MODALITY_ANALYSIS,Time-varying,Consented digital trace / surveys / content corpus,PROVENANCE_VERIFIED;TIMING_RELATIVE_TO_TIME_ZERO;SENSITIVE_DATA_GOVERNANCE,Exposure is probabilistic and cannot determine individual identity/outcome
PER-019,Persuasion / marketing / exposure dynamics,Urgency/scarcity framing,DIGITAL_MEDIA_PEER,PUBLIC_DISCOURSE,RANDOMISED_AB_TEST;FACTORIAL_RANDOMISED;FRAME_ANALYSIS;STANCE_EPISTEMIC_MODALITY_ANALYSIS,Time-varying,Consented digital trace / surveys / content corpus,PROVENANCE_VERIFIED;TIMING_RELATIVE_TO_TIME_ZERO;SENSITIVE_DATA_GOVERNANCE,Exposure is probabilistic and cannot determine individual identity/outcome
PER-020,Persuasion / marketing / exposure dynamics,Call-to-action exposure,DIGITAL_MEDIA_PEER,PUBLIC_DISCOURSE,RANDOMISED_AB_TEST;FACTORIAL_RANDOMISED;FRAME_ANALYSIS;STANCE_EPISTEMIC_MODALITY_ANALYSIS,Time-varying,Consented digital trace / surveys / content corpus,PROVENANCE_VERIFIED;TIMING_RELATIVE_TO_TIME_ZERO;SENSITIVE_DATA_GOVERNANCE,Exposure is probabilistic and cannot determine individual identity/outcome
PER-021,Persuasion / marketing / exposure dynamics,Narrative/testimonial exposure,DIGITAL_MEDIA_PEER,PUBLIC_DISCOURSE,RANDOMISED_AB_TEST;FACTORIAL_RANDOMISED;FRAME_ANALYSIS;STANCE_EPISTEMIC_MODALITY_ANALYSIS,Time-varying,Consented digital trace / surveys / content corpus,PROVENANCE_VERIFIED;TIMING_RELATIVE_TO_TIME_ZERO;SENSITIVE_DATA_GOVERNANCE,Exposure is probabilistic and cannot determine individual identity/outcome
PER-022,Persuasion / marketing / exposure dynamics,Before-and-after transformation imagery exposure,DIGITAL_MEDIA_PEER,PUBLIC_DISCOURSE,RANDOMISED_AB_TEST;FACTORIAL_RANDOMISED;FRAME_ANALYSIS;STANCE_EPISTEMIC_MODALITY_ANALYSIS,Time-varying,Consented digital trace / surveys / content corpus,PROVENANCE_VERIFIED;TIMING_RELATIVE_TO_TIME_ZERO;SENSITIVE_DATA_GOVERNANCE,Exposure is probabilistic and cannot determine individual identity/outcome
PER-023,Persuasion / marketing / exposure dynamics,Sponsored-content exposure,DIGITAL_MEDIA_PEER,PUBLIC_DISCOURSE,RANDOMISED_AB_TEST;FACTORIAL_RANDOMISED;FRAME_ANALYSIS;STANCE_EPISTEMIC_MODALITY_ANALYSIS,Time-varying,Consented digital trace / surveys / content corpus,PROVENANCE_VERIFIED;TIMING_RELATIVE_TO_TIME_ZERO;SENSITIVE_DATA_GOVERNANCE,Exposure is probabilistic and cannot determine individual identity/outcome
PER-024,Persuasion / marketing / exposure dynamics,Commercial-provider marketing exposure,DIGITAL_MEDIA_PEER,PUBLIC_DISCOURSE,RANDOMISED_AB_TEST;FACTORIAL_RANDOMISED;FRAME_ANALYSIS;STANCE_EPISTEMIC_MODALITY_ANALYSIS,Time-varying,Consented digital trace / surveys / content corpus,PROVENANCE_VERIFIED;TIMING_RELATIVE_TO_TIME_ZERO;SENSITIVE_DATA_GOVERNANCE,Exposure is probabilistic and cannot determine individual identity/outcome
PER-025,Persuasion / marketing / exposure dynamics,Advocacy-campaign exposure,DIGITAL_MEDIA_PEER,PUBLIC_DISCOURSE,RANDOMISED_AB_TEST;FACTORIAL_RANDOMISED;FRAME_ANALYSIS;STANCE_EPISTEMIC_MODALITY_ANALYSIS,Time-varying,Consented digital trace / surveys / content corpus,PROVENANCE_VERIFIED;TIMING_RELATIVE_TO_TIME_ZERO;SENSITIVE_DATA_GOVERNANCE,Exposure is probabilistic and cannot determine individual identity/outcome
PER-026,Persuasion / marketing / exposure dynamics,Institutional branding/symbol exposure,DIGITAL_MEDIA_PEER,PUBLIC_DISCOURSE,RANDOMISED_AB_TEST;FACTORIAL_RANDOMISED;FRAME_ANALYSIS;STANCE_EPISTEMIC_MODALITY_ANALYSIS,Time-varying,Consented digital trace / surveys / content corpus,PROVENANCE_VERIFIED;TIMING_RELATIVE_TO_TIME_ZERO;SENSITIVE_DATA_GOVERNANCE,Exposure is probabilistic and cannot determine individual identity/outcome
PER-027,Persuasion / marketing / exposure dynamics,School/education messaging exposure,DIGITAL_MEDIA_PEER,PUBLIC_DISCOURSE,RANDOMISED_AB_TEST;FACTORIAL_RANDOMISED;FRAME_ANALYSIS;STANCE_EPISTEMIC_MODALITY_ANALYSIS,Time-varying,Consented digital trace / surveys / content corpus,PROVENANCE_VERIFIED;TIMING_RELATIVE_TO_TIME_ZERO;SENSITIVE_DATA_GOVERNANCE,Exposure is probabilistic and cannot determine individual identity/outcome
PER-028,Persuasion / marketing / exposure dynamics,Countervailing/critical information exposure,DIGITAL_MEDIA_PEER,PUBLIC_DISCOURSE,RANDOMISED_AB_TEST;FACTORIAL_RANDOMISED;FRAME_ANALYSIS;STANCE_EPISTEMIC_MODALITY_ANALYSIS,Time-varying,Consented digital trace / surveys / content corpus,PROVENANCE_VERIFIED;TIMING_RELATIVE_TO_TIME_ZERO;SENSITIVE_DATA_GOVERNANCE,Exposure is probabilistic and cannot determine individual identity/outcome
PER-029,Persuasion / marketing / exposure dynamics,Viewpoint diversity of information environment,DIGITAL_MEDIA_PEER,PUBLIC_DISCOURSE,RANDOMISED_AB_TEST;FACTORIAL_RANDOMISED;FRAME_ANALYSIS;STANCE_EPISTEMIC_MODALITY_ANALYSIS,Time-varying,Consented digital trace / surveys / content corpus,PROVENANCE_VERIFIED;TIMING_RELATIVE_TO_TIME_ZERO;SENSITIVE_DATA_GOVERNANCE,Exposure is probabilistic and cannot determine individual identity/outcome
PER-030,Persuasion / marketing / exposure dynamics,Algorithmic recommendation intensity,DIGITAL_MEDIA_PEER,PUBLIC_DISCOURSE,RANDOMISED_AB_TEST;FACTORIAL_RANDOMISED;FRAME_ANALYSIS;STANCE_EPISTEMIC_MODALITY_ANALYSIS,Time-varying,Consented digital trace / surveys / content corpus,PROVENANCE_VERIFIED;TIMING_RELATIVE_TO_TIME_ZERO;SENSITIVE_DATA_GOVERNANCE,Exposure is probabilistic and cannot determine individual identity/outcome
PER-031,Persuasion / marketing / exposure dynamics,Algorithmic rabbit-hole/concentration index,DIGITAL_MEDIA_PEER,PUBLIC_DISCOURSE,RANDOMISED_AB_TEST;FACTORIAL_RANDOMISED;FRAME_ANALYSIS;STANCE_EPISTEMIC_MODALITY_ANALYSIS,Time-varying,Consented digital trace / surveys / content corpus,PROVENANCE_VERIFIED;TIMING_RELATIVE_TO_TIME_ZERO;SENSITIVE_DATA_GOVERNANCE,Exposure is probabilistic and cannot determine individual identity/outcome
PER-032,Persuasion / marketing / exposure dynamics,Search-initiated versus algorithm-initiated exposure,DIGITAL_MEDIA_PEER,PUBLIC_DISCOURSE,RANDOMISED_AB_TEST;FACTORIAL_RANDOMISED;FRAME_ANALYSIS;STANCE_EPISTEMIC_MODALITY_ANALYSIS,Time-varying,Consented digital trace / surveys / content corpus,PROVENANCE_VERIFIED;TIMING_RELATIVE_TO_TIME_ZERO;SENSITIVE_DATA_GOVERNANCE,Exposure is probabilistic and cannot determine individual identity/outcome
PER-033,Persuasion / marketing / exposure dynamics,Network homophily index,DIGITAL_MEDIA_PEER,PUBLIC_DISCOURSE,RANDOMISED_AB_TEST;FACTORIAL_RANDOMISED;FRAME_ANALYSIS;STANCE_EPISTEMIC_MODALITY_ANALYSIS,Time-varying,Consented digital trace / surveys / content corpus,PROVENANCE_VERIFIED;TIMING_RELATIVE_TO_TIME_ZERO;SENSITIVE_DATA_GOVERNANCE,Exposure is probabilistic and cannot determine individual identity/outcome
PER-034,Persuasion / marketing / exposure dynamics,Network contagion candidate metric,DIGITAL_MEDIA_PEER,PUBLIC_DISCOURSE,RANDOMISED_AB_TEST;FACTORIAL_RANDOMISED;FRAME_ANALYSIS;STANCE_EPISTEMIC_MODALITY_ANALYSIS,Time-varying,Consented digital trace / surveys / content corpus,PROVENANCE_VERIFIED;TIMING_RELATIVE_TO_TIME_ZERO;SENSITIVE_DATA_GOVERNANCE,Exposure is probabilistic and cannot determine individual identity/outcome
PER-035,Persuasion / marketing / exposure dynamics,Persuasion-knowledge/media-literacy score,DIGITAL_MEDIA_PEER,PUBLIC_DISCOURSE,RANDOMISED_AB_TEST;FACTORIAL_RANDOMISED;FRAME_ANALYSIS;STANCE_EPISTEMIC_MODALITY_ANALYSIS,Time-varying,Consented digital trace / surveys / content corpus,PROVENANCE_VERIFIED;TIMING_RELATIVE_TO_TIME_ZERO;SENSITIVE_DATA_GOVERNANCE,Exposure is probabilistic and cannot determine individual identity/outcome
PER-036,Persuasion / marketing / exposure dynamics,Baseline susceptibility to social influence,DIGITAL_MEDIA_PEER,PUBLIC_DISCOURSE,RANDOMISED_AB_TEST;FACTORIAL_RANDOMISED;FRAME_ANALYSIS;STANCE_EPISTEMIC_MODALITY_ANALYSIS,Time-varying,Consented digital trace / surveys / content corpus,PROVENANCE_VERIFIED;TIMING_RELATIVE_TO_TIME_ZERO;SENSITIVE_DATA_GOVERNANCE,Exposure is probabilistic and cannot determine individual identity/outcome
PER-037,Persuasion / marketing / exposure dynamics,Need for social approval,DIGITAL_MEDIA_PEER,PUBLIC_DISCOURSE,RANDOMISED_AB_TEST;FACTORIAL_RANDOMISED;FRAME_ANALYSIS;STANCE_EPISTEMIC_MODALITY_ANALYSIS,Time-varying,Consented digital trace / surveys / content corpus,PROVENANCE_VERIFIED;TIMING_RELATIVE_TO_TIME_ZERO;SENSITIVE_DATA_GOVERNANCE,Exposure is probabilistic and cannot determine individual identity/outcome
PER-038,Persuasion / marketing / exposure dynamics,Conformity orientation,DIGITAL_MEDIA_PEER,PUBLIC_DISCOURSE,RANDOMISED_AB_TEST;FACTORIAL_RANDOMISED;FRAME_ANALYSIS;STANCE_EPISTEMIC_MODALITY_ANALYSIS,Time-varying,Consented digital trace / surveys / content corpus,PROVENANCE_VERIFIED;TIMING_RELATIVE_TO_TIME_ZERO;SENSITIVE_DATA_GOVERNANCE,Exposure is probabilistic and cannot determine individual identity/outcome
PER-039,Persuasion / marketing / exposure dynamics,Psychological reactance,DIGITAL_MEDIA_PEER,PUBLIC_DISCOURSE,RANDOMISED_AB_TEST;FACTORIAL_RANDOMISED;FRAME_ANALYSIS;STANCE_EPISTEMIC_MODALITY_ANALYSIS,Time-varying,Consented digital trace / surveys / content corpus,PROVENANCE_VERIFIED;TIMING_RELATIVE_TO_TIME_ZERO;SENSITIVE_DATA_GOVERNANCE,Exposure is probabilistic and cannot determine individual identity/outcome
PER-040,Persuasion / marketing / exposure dynamics,Source trust before exposure,DIGITAL_MEDIA_PEER,PUBLIC_DISCOURSE,RANDOMISED_AB_TEST;FACTORIAL_RANDOMISED;FRAME_ANALYSIS;STANCE_EPISTEMIC_MODALITY_ANALYSIS,Time-varying,Consented digital trace / surveys / content corpus,PROVENANCE_VERIFIED;TIMING_RELATIVE_TO_TIME_ZERO;SENSITIVE_DATA_GOVERNANCE,Exposure is probabilistic and cannot determine individual identity/outcome
PER-041,Persuasion / marketing / exposure dynamics,Source trust after exposure,DIGITAL_MEDIA_PEER,PUBLIC_DISCOURSE,RANDOMISED_AB_TEST;FACTORIAL_RANDOMISED;FRAME_ANALYSIS;STANCE_EPISTEMIC_MODALITY_ANALYSIS,Time-varying,Consented digital trace / surveys / content corpus,PROVENANCE_VERIFIED;TIMING_RELATIVE_TO_TIME_ZERO;SENSITIVE_DATA_GOVERNANCE,Exposure is probabilistic and cannot determine individual identity/outcome
PER-042,Persuasion / marketing / exposure dynamics,Recall of key messages,DIGITAL_MEDIA_PEER,PUBLIC_DISCOURSE,RANDOMISED_AB_TEST;FACTORIAL_RANDOMISED;FRAME_ANALYSIS;STANCE_EPISTEMIC_MODALITY_ANALYSIS,Time-varying,Consented digital trace / surveys / content corpus,PROVENANCE_VERIFIED;TIMING_RELATIVE_TO_TIME_ZERO;SENSITIVE_DATA_GOVERNANCE,Exposure is probabilistic and cannot determine individual identity/outcome
PER-043,Persuasion / marketing / exposure dynamics,Belief-change after exposure,DIGITAL_MEDIA_PEER,PUBLIC_DISCOURSE,RANDOMISED_AB_TEST;FACTORIAL_RANDOMISED;FRAME_ANALYSIS;STANCE_EPISTEMIC_MODALITY_ANALYSIS,Time-varying,Consented digital trace / surveys / content corpus,PROVENANCE_VERIFIED;TIMING_RELATIVE_TO_TIME_ZERO;SENSITIVE_DATA_GOVERNANCE,Exposure is probabilistic and cannot determine individual identity/outcome
PER-044,Persuasion / marketing / exposure dynamics,Behavioural intention after exposure,DIGITAL_MEDIA_PEER,PUBLIC_DISCOURSE,RANDOMISED_AB_TEST;FACTORIAL_RANDOMISED;FRAME_ANALYSIS;STANCE_EPISTEMIC_MODALITY_ANALYSIS,Time-varying,Consented digital trace / surveys / content corpus,PROVENANCE_VERIFIED;TIMING_RELATIVE_TO_TIME_ZERO;SENSITIVE_DATA_GOVERNANCE,Exposure is probabilistic and cannot determine individual identity/outcome
PER-045,Persuasion / marketing / exposure dynamics,Actual help-seeking after exposure,DIGITAL_MEDIA_PEER,PUBLIC_DISCOURSE,RANDOMISED_AB_TEST;FACTORIAL_RANDOMISED;FRAME_ANALYSIS;STANCE_EPISTEMIC_MODALITY_ANALYSIS,Time-varying,Consented digital trace / surveys / content corpus,PROVENANCE_VERIFIED;TIMING_RELATIVE_TO_TIME_ZERO;SENSITIVE_DATA_GOVERNANCE,Exposure is probabilistic and cannot determine individual identity/outcome
PER-046,Persuasion / marketing / exposure dynamics,Exposure-to-help-seeking lag,DIGITAL_MEDIA_PEER,PUBLIC_DISCOURSE,RANDOMISED_AB_TEST;FACTORIAL_RANDOMISED;FRAME_ANALYSIS;STANCE_EPISTEMIC_MODALITY_ANALYSIS,Time-varying,Consented digital trace / surveys / content corpus,PROVENANCE_VERIFIED;TIMING_RELATIVE_TO_TIME_ZERO;SENSITIVE_DATA_GOVERNANCE,Exposure is probabilistic and cannot determine individual identity/outcome
PER-047,Persuasion / marketing / exposure dynamics,Exposure-to-label-adoption lag,DIGITAL_MEDIA_PEER,PUBLIC_DISCOURSE,RANDOMISED_AB_TEST;FACTORIAL_RANDOMISED;FRAME_ANALYSIS;STANCE_EPISTEMIC_MODALITY_ANALYSIS,Time-varying,Consented digital trace / surveys / content corpus,PROVENANCE_VERIFIED;TIMING_RELATIVE_TO_TIME_ZERO;SENSITIVE_DATA_GOVERNANCE,Exposure is probabilistic and cannot determine individual identity/outcome
PER-048,Persuasion / marketing / exposure dynamics,Marketing/persuasion effect estimate with causal-grade metadata,DIGITAL_MEDIA_PEER,PUBLIC_DISCOURSE,RANDOMISED_AB_TEST;FACTORIAL_RANDOMISED;FRAME_ANALYSIS;STANCE_EPISTEMIC_MODALITY_ANALYSIS,Time-varying,Consented digital trace / surveys / content corpus,PROVENANCE_VERIFIED;TIMING_RELATIVE_TO_TIME_ZERO;SENSITIVE_DATA_GOVERNANCE,Exposure is probabilistic and cannot determine individual identity/outcome
HIST-001,Historical psychiatric / policy corpus,DSM edition/version in force,HISTORICAL_NOSOLOGY,PROFESSIONAL_GUIDELINE,PROCESS_TRACING;HISTORICAL_INSTITUTIONAL_CHANGE;DIACHRONIC_SEMANTIC_ANALYSIS;CHANGE_POINT_DETECTION,Historical time series,DSM/ICD/NHS/policy/professional/public corpus,PROVENANCE_VERIFIED;TIMING_RELATIVE_TO_TIME_ZERO,Semantic or policy change does not by itself prove patient-level causal effect
HIST-002,Historical psychiatric / policy corpus,ICD edition/version in force,HISTORICAL_NOSOLOGY,PROFESSIONAL_GUIDELINE,PROCESS_TRACING;HISTORICAL_INSTITUTIONAL_CHANGE;DIACHRONIC_SEMANTIC_ANALYSIS;CHANGE_POINT_DETECTION,Historical time series,DSM/ICD/NHS/policy/professional/public corpus,PROVENANCE_VERIFIED;TIMING_RELATIVE_TO_TIME_ZERO,Semantic or policy change does not by itself prove patient-level causal effect
HIST-003,Historical psychiatric / policy corpus,Historical diagnostic label in force,HISTORICAL_NOSOLOGY,PROFESSIONAL_GUIDELINE,PROCESS_TRACING;HISTORICAL_INSTITUTIONAL_CHANGE;DIACHRONIC_SEMANTIC_ANALYSIS;CHANGE_POINT_DETECTION,Historical time series,DSM/ICD/NHS/policy/professional/public corpus,PROVENANCE_VERIFIED;TIMING_RELATIVE_TO_TIME_ZERO,Semantic or policy change does not by itself prove patient-level causal effect
HIST-004,Historical psychiatric / policy corpus,Diagnostic inclusion criteria text,HISTORICAL_NOSOLOGY,PROFESSIONAL_GUIDELINE,PROCESS_TRACING;HISTORICAL_INSTITUTIONAL_CHANGE;DIACHRONIC_SEMANTIC_ANALYSIS;CHANGE_POINT_DETECTION,Historical time series,DSM/ICD/NHS/policy/professional/public corpus,PROVENANCE_VERIFIED;TIMING_RELATIVE_TO_TIME_ZERO,Semantic or policy change does not by itself prove patient-level causal effect
HIST-005,Historical psychiatric / policy corpus,Diagnostic exclusion criteria text,HISTORICAL_NOSOLOGY,PROFESSIONAL_GUIDELINE,PROCESS_TRACING;HISTORICAL_INSTITUTIONAL_CHANGE;DIACHRONIC_SEMANTIC_ANALYSIS;CHANGE_POINT_DETECTION,Historical time series,DSM/ICD/NHS/policy/professional/public corpus,PROVENANCE_VERIFIED;TIMING_RELATIVE_TO_TIME_ZERO,Semantic or policy change does not by itself prove patient-level causal effect
HIST-006,Historical psychiatric / policy corpus,Distress/impairment requirement over time,HISTORICAL_NOSOLOGY,PROFESSIONAL_GUIDELINE,PROCESS_TRACING;HISTORICAL_INSTITUTIONAL_CHANGE;DIACHRONIC_SEMANTIC_ANALYSIS;CHANGE_POINT_DETECTION,Historical time series,DSM/ICD/NHS/policy/professional/public corpus,PROVENANCE_VERIFIED;TIMING_RELATIVE_TO_TIME_ZERO,Semantic or policy change does not by itself prove patient-level causal effect
HIST-007,Historical psychiatric / policy corpus,Minimum duration requirement over time,HISTORICAL_NOSOLOGY,PROFESSIONAL_GUIDELINE,PROCESS_TRACING;HISTORICAL_INSTITUTIONAL_CHANGE;DIACHRONIC_SEMANTIC_ANALYSIS;CHANGE_POINT_DETECTION,Historical time series,DSM/ICD/NHS/policy/professional/public corpus,PROVENANCE_VERIFIED;TIMING_RELATIVE_TO_TIME_ZERO,Semantic or policy change does not by itself prove patient-level causal effect
HIST-008,Historical psychiatric / policy corpus,Age/developmental criteria over time,HISTORICAL_NOSOLOGY,PROFESSIONAL_GUIDELINE,PROCESS_TRACING;HISTORICAL_INSTITUTIONAL_CHANGE;DIACHRONIC_SEMANTIC_ANALYSIS;CHANGE_POINT_DETECTION,Historical time series,DSM/ICD/NHS/policy/professional/public corpus,PROVENANCE_VERIFIED;TIMING_RELATIVE_TO_TIME_ZERO,Semantic or policy change does not by itself prove patient-level causal effect
HIST-009,Historical psychiatric / policy corpus,Pathologisation/depathologisation language score,HISTORICAL_NOSOLOGY,PROFESSIONAL_GUIDELINE,PROCESS_TRACING;HISTORICAL_INSTITUTIONAL_CHANGE;DIACHRONIC_SEMANTIC_ANALYSIS;CHANGE_POINT_DETECTION,Historical time series,DSM/ICD/NHS/policy/professional/public corpus,PROVENANCE_VERIFIED;TIMING_RELATIVE_TO_TIME_ZERO,Semantic or policy change does not by itself prove patient-level causal effect
HIST-010,Historical psychiatric / policy corpus,Aetiological language score,HISTORICAL_NOSOLOGY,PROFESSIONAL_GUIDELINE,PROCESS_TRACING;HISTORICAL_INSTITUTIONAL_CHANGE;DIACHRONIC_SEMANTIC_ANALYSIS;CHANGE_POINT_DETECTION,Historical time series,DSM/ICD/NHS/policy/professional/public corpus,PROVENANCE_VERIFIED;TIMING_RELATIVE_TO_TIME_ZERO,Semantic or policy change does not by itself prove patient-level causal effect
HIST-011,Historical psychiatric / policy corpus,Biological explanation prevalence in corpus,HISTORICAL_NOSOLOGY,PROFESSIONAL_GUIDELINE,PROCESS_TRACING;HISTORICAL_INSTITUTIONAL_CHANGE;DIACHRONIC_SEMANTIC_ANALYSIS;CHANGE_POINT_DETECTION,Historical time series,DSM/ICD/NHS/policy/professional/public corpus,PROVENANCE_VERIFIED;TIMING_RELATIVE_TO_TIME_ZERO,Semantic or policy change does not by itself prove patient-level causal effect
HIST-012,Historical psychiatric / policy corpus,Psychosocial explanation prevalence in corpus,HISTORICAL_NOSOLOGY,PROFESSIONAL_GUIDELINE,PROCESS_TRACING;HISTORICAL_INSTITUTIONAL_CHANGE;DIACHRONIC_SEMANTIC_ANALYSIS;CHANGE_POINT_DETECTION,Historical time series,DSM/ICD/NHS/policy/professional/public corpus,PROVENANCE_VERIFIED;TIMING_RELATIVE_TO_TIME_ZERO,Semantic or policy change does not by itself prove patient-level causal effect
HIST-013,Historical psychiatric / policy corpus,Social-influence explanation prevalence in corpus,HISTORICAL_NOSOLOGY,PROFESSIONAL_GUIDELINE,PROCESS_TRACING;HISTORICAL_INSTITUTIONAL_CHANGE;DIACHRONIC_SEMANTIC_ANALYSIS;CHANGE_POINT_DETECTION,Historical time series,DSM/ICD/NHS/policy/professional/public corpus,PROVENANCE_VERIFIED;TIMING_RELATIVE_TO_TIME_ZERO,Semantic or policy change does not by itself prove patient-level causal effect
HIST-014,Historical psychiatric / policy corpus,Minority-stress explanation prevalence in corpus,HISTORICAL_NOSOLOGY,PROFESSIONAL_GUIDELINE,PROCESS_TRACING;HISTORICAL_INSTITUTIONAL_CHANGE;DIACHRONIC_SEMANTIC_ANALYSIS;CHANGE_POINT_DETECTION,Historical time series,DSM/ICD/NHS/policy/professional/public corpus,PROVENANCE_VERIFIED;TIMING_RELATIVE_TO_TIME_ZERO,Semantic or policy change does not by itself prove patient-level causal effect
HIST-015,Historical psychiatric / policy corpus,Treatment recommendation language over time,HISTORICAL_NOSOLOGY,PROFESSIONAL_GUIDELINE,PROCESS_TRACING;HISTORICAL_INSTITUTIONAL_CHANGE;DIACHRONIC_SEMANTIC_ANALYSIS;CHANGE_POINT_DETECTION,Historical time series,DSM/ICD/NHS/policy/professional/public corpus,PROVENANCE_VERIFIED;TIMING_RELATIVE_TO_TIME_ZERO,Semantic or policy change does not by itself prove patient-level causal effect
HIST-016,Historical psychiatric / policy corpus,Watchful-waiting/exploratory language prevalence,HISTORICAL_NOSOLOGY,PROFESSIONAL_GUIDELINE,PROCESS_TRACING;HISTORICAL_INSTITUTIONAL_CHANGE;DIACHRONIC_SEMANTIC_ANALYSIS;CHANGE_POINT_DETECTION,Historical time series,DSM/ICD/NHS/policy/professional/public corpus,PROVENANCE_VERIFIED;TIMING_RELATIVE_TO_TIME_ZERO,Semantic or policy change does not by itself prove patient-level causal effect
HIST-017,Historical psychiatric / policy corpus,Certainty/uncertainty language over time,HISTORICAL_NOSOLOGY,PROFESSIONAL_GUIDELINE,PROCESS_TRACING;HISTORICAL_INSTITUTIONAL_CHANGE;DIACHRONIC_SEMANTIC_ANALYSIS;CHANGE_POINT_DETECTION,Historical time series,DSM/ICD/NHS/policy/professional/public corpus,PROVENANCE_VERIFIED;TIMING_RELATIVE_TO_TIME_ZERO,Semantic or policy change does not by itself prove patient-level causal effect
HIST-018,Historical psychiatric / policy corpus,Differential-diagnosis emphasis over time,HISTORICAL_NOSOLOGY,PROFESSIONAL_GUIDELINE,PROCESS_TRACING;HISTORICAL_INSTITUTIONAL_CHANGE;DIACHRONIC_SEMANTIC_ANALYSIS;CHANGE_POINT_DETECTION,Historical time series,DSM/ICD/NHS/policy/professional/public corpus,PROVENANCE_VERIFIED;TIMING_RELATIVE_TO_TIME_ZERO,Semantic or policy change does not by itself prove patient-level causal effect
HIST-019,Historical psychiatric / policy corpus,Autism/neurodevelopment mention prevalence,HISTORICAL_NOSOLOGY,PROFESSIONAL_GUIDELINE,PROCESS_TRACING;HISTORICAL_INSTITUTIONAL_CHANGE;DIACHRONIC_SEMANTIC_ANALYSIS;CHANGE_POINT_DETECTION,Historical time series,DSM/ICD/NHS/policy/professional/public corpus,PROVENANCE_VERIFIED;TIMING_RELATIVE_TO_TIME_ZERO,Semantic or policy change does not by itself prove patient-level causal effect
HIST-020,Historical psychiatric / policy corpus,Trauma/psychiatric-comorbidity mention prevalence,HISTORICAL_NOSOLOGY,PROFESSIONAL_GUIDELINE,PROCESS_TRACING;HISTORICAL_INSTITUTIONAL_CHANGE;DIACHRONIC_SEMANTIC_ANALYSIS;CHANGE_POINT_DETECTION,Historical time series,DSM/ICD/NHS/policy/professional/public corpus,PROVENANCE_VERIFIED;TIMING_RELATIVE_TO_TIME_ZERO,Semantic or policy change does not by itself prove patient-level causal effect
HIST-021,Historical psychiatric / policy corpus,Family/social-context mention prevalence,HISTORICAL_NOSOLOGY,PROFESSIONAL_GUIDELINE,PROCESS_TRACING;HISTORICAL_INSTITUTIONAL_CHANGE;DIACHRONIC_SEMANTIC_ANALYSIS;CHANGE_POINT_DETECTION,Historical time series,DSM/ICD/NHS/policy/professional/public corpus,PROVENANCE_VERIFIED;TIMING_RELATIVE_TO_TIME_ZERO,Semantic or policy change does not by itself prove patient-level causal effect
HIST-022,Historical psychiatric / policy corpus,Shared-decision-making language prevalence,HISTORICAL_NOSOLOGY,PROFESSIONAL_GUIDELINE,PROCESS_TRACING;HISTORICAL_INSTITUTIONAL_CHANGE;DIACHRONIC_SEMANTIC_ANALYSIS;CHANGE_POINT_DETECTION,Historical time series,DSM/ICD/NHS/policy/professional/public corpus,PROVENANCE_VERIFIED;TIMING_RELATIVE_TO_TIME_ZERO,Semantic or policy change does not by itself prove patient-level causal effect
HIST-023,Historical psychiatric / policy corpus,Guideline evidence-grading standard in force,HISTORICAL_NOSOLOGY,PROFESSIONAL_GUIDELINE,PROCESS_TRACING;HISTORICAL_INSTITUTIONAL_CHANGE;DIACHRONIC_SEMANTIC_ANALYSIS;CHANGE_POINT_DETECTION,Historical time series,DSM/ICD/NHS/policy/professional/public corpus,PROVENANCE_VERIFIED;TIMING_RELATIVE_TO_TIME_ZERO,Semantic or policy change does not by itself prove patient-level causal effect
HIST-024,Historical psychiatric / policy corpus,Guideline conflict-of-interest standard in force,HISTORICAL_NOSOLOGY,PROFESSIONAL_GUIDELINE,PROCESS_TRACING;HISTORICAL_INSTITUTIONAL_CHANGE;DIACHRONIC_SEMANTIC_ANALYSIS;CHANGE_POINT_DETECTION,Historical time series,DSM/ICD/NHS/policy/professional/public corpus,PROVENANCE_VERIFIED;TIMING_RELATIVE_TO_TIME_ZERO,Semantic or policy change does not by itself prove patient-level causal effect
HIST-025,Historical psychiatric / policy corpus,Medical-school/training curriculum exposure where obtainable,HISTORICAL_NOSOLOGY,PROFESSIONAL_GUIDELINE,PROCESS_TRACING;HISTORICAL_INSTITUTIONAL_CHANGE;DIACHRONIC_SEMANTIC_ANALYSIS;CHANGE_POINT_DETECTION,Historical time series,DSM/ICD/NHS/policy/professional/public corpus,PROVENANCE_VERIFIED;TIMING_RELATIVE_TO_TIME_ZERO,Semantic or policy change does not by itself prove patient-level causal effect
HIST-026,Historical psychiatric / policy corpus,Professional training-module language over time,HISTORICAL_NOSOLOGY,PROFESSIONAL_GUIDELINE,PROCESS_TRACING;HISTORICAL_INSTITUTIONAL_CHANGE;DIACHRONIC_SEMANTIC_ANALYSIS;CHANGE_POINT_DETECTION,Historical time series,DSM/ICD/NHS/policy/professional/public corpus,PROVENANCE_VERIFIED;TIMING_RELATIVE_TO_TIME_ZERO,Semantic or policy change does not by itself prove patient-level causal effect
HIST-027,Historical psychiatric / policy corpus,NHS service-specification version,HISTORICAL_NOSOLOGY,PROFESSIONAL_GUIDELINE,PROCESS_TRACING;HISTORICAL_INSTITUTIONAL_CHANGE;DIACHRONIC_SEMANTIC_ANALYSIS;CHANGE_POINT_DETECTION,Historical time series,DSM/ICD/NHS/policy/professional/public corpus,PROVENANCE_VERIFIED;TIMING_RELATIVE_TO_TIME_ZERO,Semantic or policy change does not by itself prove patient-level causal effect
HIST-028,Historical psychiatric / policy corpus,Government policy version,HISTORICAL_NOSOLOGY,PROFESSIONAL_GUIDELINE,PROCESS_TRACING;HISTORICAL_INSTITUTIONAL_CHANGE;DIACHRONIC_SEMANTIC_ANALYSIS;CHANGE_POINT_DETECTION,Historical time series,DSM/ICD/NHS/policy/professional/public corpus,PROVENANCE_VERIFIED;TIMING_RELATIVE_TO_TIME_ZERO,Semantic or policy change does not by itself prove patient-level causal effect
HIST-029,Historical psychiatric / policy corpus,Commissioning-policy version,HISTORICAL_NOSOLOGY,PROFESSIONAL_GUIDELINE,PROCESS_TRACING;HISTORICAL_INSTITUTIONAL_CHANGE;DIACHRONIC_SEMANTIC_ANALYSIS;CHANGE_POINT_DETECTION,Historical time series,DSM/ICD/NHS/policy/professional/public corpus,PROVENANCE_VERIFIED;TIMING_RELATIVE_TO_TIME_ZERO,Semantic or policy change does not by itself prove patient-level causal effect
HIST-030,Historical psychiatric / policy corpus,Legal/judicial policy environment,HISTORICAL_NOSOLOGY,PROFESSIONAL_GUIDELINE,PROCESS_TRACING;HISTORICAL_INSTITUTIONAL_CHANGE;DIACHRONIC_SEMANTIC_ANALYSIS;CHANGE_POINT_DETECTION,Historical time series,DSM/ICD/NHS/policy/professional/public corpus,PROVENANCE_VERIFIED;TIMING_RELATIVE_TO_TIME_ZERO,Semantic or policy change does not by itself prove patient-level causal effect
HIST-031,Historical psychiatric / policy corpus,Media salience index by month/year,HISTORICAL_NOSOLOGY,PROFESSIONAL_GUIDELINE,PROCESS_TRACING;HISTORICAL_INSTITUTIONAL_CHANGE;DIACHRONIC_SEMANTIC_ANALYSIS;CHANGE_POINT_DETECTION,Historical time series,DSM/ICD/NHS/policy/professional/public corpus,PROVENANCE_VERIFIED;TIMING_RELATIVE_TO_TIME_ZERO,Semantic or policy change does not by itself prove patient-level causal effect
HIST-032,Historical psychiatric / policy corpus,Professional-body statement volume,HISTORICAL_NOSOLOGY,PROFESSIONAL_GUIDELINE,PROCESS_TRACING;HISTORICAL_INSTITUTIONAL_CHANGE;DIACHRONIC_SEMANTIC_ANALYSIS;CHANGE_POINT_DETECTION,Historical time series,DSM/ICD/NHS/policy/professional/public corpus,PROVENANCE_VERIFIED;TIMING_RELATIVE_TO_TIME_ZERO,Semantic or policy change does not by itself prove patient-level causal effect
HIST-033,Historical psychiatric / policy corpus,Terminology semantic-shift embedding distance,HISTORICAL_NOSOLOGY,PROFESSIONAL_GUIDELINE,PROCESS_TRACING;HISTORICAL_INSTITUTIONAL_CHANGE;DIACHRONIC_SEMANTIC_ANALYSIS;CHANGE_POINT_DETECTION,Historical time series,DSM/ICD/NHS/policy/professional/public corpus,PROVENANCE_VERIFIED;TIMING_RELATIVE_TO_TIME_ZERO,Semantic or policy change does not by itself prove patient-level causal effect
HIST-034,Historical psychiatric / policy corpus,Guideline semantic-shift embedding distance,HISTORICAL_NOSOLOGY,PROFESSIONAL_GUIDELINE,PROCESS_TRACING;HISTORICAL_INSTITUTIONAL_CHANGE;DIACHRONIC_SEMANTIC_ANALYSIS;CHANGE_POINT_DETECTION,Historical time series,DSM/ICD/NHS/policy/professional/public corpus,PROVENANCE_VERIFIED;TIMING_RELATIVE_TO_TIME_ZERO,Semantic or policy change does not by itself prove patient-level causal effect
HIST-035,Historical psychiatric / policy corpus,Policy-to-clinical-documentation terminology lag,HISTORICAL_NOSOLOGY,PROFESSIONAL_GUIDELINE,PROCESS_TRACING;HISTORICAL_INSTITUTIONAL_CHANGE;DIACHRONIC_SEMANTIC_ANALYSIS;CHANGE_POINT_DETECTION,Historical time series,DSM/ICD/NHS/policy/professional/public corpus,PROVENANCE_VERIFIED;TIMING_RELATIVE_TO_TIME_ZERO,Semantic or policy change does not by itself prove patient-level causal effect
HIST-036,Historical psychiatric / policy corpus,Policy-to-referral-rate lag,HISTORICAL_NOSOLOGY,PROFESSIONAL_GUIDELINE,PROCESS_TRACING;HISTORICAL_INSTITUTIONAL_CHANGE;DIACHRONIC_SEMANTIC_ANALYSIS;CHANGE_POINT_DETECTION,Historical time series,DSM/ICD/NHS/policy/professional/public corpus,PROVENANCE_VERIFIED;TIMING_RELATIVE_TO_TIME_ZERO,Semantic or policy change does not by itself prove patient-level causal effect
HIST-037,Historical psychiatric / policy corpus,Policy-to-treatment-initiation lag,HISTORICAL_NOSOLOGY,PROFESSIONAL_GUIDELINE,PROCESS_TRACING;HISTORICAL_INSTITUTIONAL_CHANGE;DIACHRONIC_SEMANTIC_ANALYSIS;CHANGE_POINT_DETECTION,Historical time series,DSM/ICD/NHS/policy/professional/public corpus,PROVENANCE_VERIFIED;TIMING_RELATIVE_TO_TIME_ZERO,Semantic or policy change does not by itself prove patient-level causal effect
HIST-038,Historical psychiatric / policy corpus,Policy-to-outcome lag,HISTORICAL_NOSOLOGY,PROFESSIONAL_GUIDELINE,PROCESS_TRACING;HISTORICAL_INSTITUTIONAL_CHANGE;DIACHRONIC_SEMANTIC_ANALYSIS;CHANGE_POINT_DETECTION,Historical time series,DSM/ICD/NHS/policy/professional/public corpus,PROVENANCE_VERIFIED;TIMING_RELATIVE_TO_TIME_ZERO,Semantic or policy change does not by itself prove patient-level causal effect
HIST-039,Historical psychiatric / policy corpus,Cross-country policy timing difference,HISTORICAL_NOSOLOGY,PROFESSIONAL_GUIDELINE,PROCESS_TRACING;HISTORICAL_INSTITUTIONAL_CHANGE;DIACHRONIC_SEMANTIC_ANALYSIS;CHANGE_POINT_DETECTION,Historical time series,DSM/ICD/NHS/policy/professional/public corpus,PROVENANCE_VERIFIED;TIMING_RELATIVE_TO_TIME_ZERO,Semantic or policy change does not by itself prove patient-level causal effect
HIST-040,Historical psychiatric / policy corpus,Historical corpus change-point date,HISTORICAL_NOSOLOGY,PROFESSIONAL_GUIDELINE,PROCESS_TRACING;HISTORICAL_INSTITUTIONAL_CHANGE;DIACHRONIC_SEMANTIC_ANALYSIS;CHANGE_POINT_DETECTION,Historical time series,DSM/ICD/NHS/policy/professional/public corpus,PROVENANCE_VERIFIED;TIMING_RELATIVE_TO_TIME_ZERO,Semantic or policy change does not by itself prove patient-level causal effect
MET-001,Methodological / statistical integrity,Primary estimand definition,METHODS_META_RESEARCH,,SPECIFICATION_CURVE_MULTIVERSE;MISSINGNESS_MECHANISM_DIAGNOSTICS;PROBABILISTIC_BIAS_ANALYSIS;MULTI_ANALYST_REPLICATION,Study-level,Protocol / statistical analysis plan / OSL trace,PROVENANCE_VERIFIED;TIMING_RELATIVE_TO_TIME_ZERO,Statistical significance or model fit cannot substitute for causal identification
MET-002,Methodological / statistical integrity,Time-zero definition,METHODS_META_RESEARCH,,SPECIFICATION_CURVE_MULTIVERSE;MISSINGNESS_MECHANISM_DIAGNOSTICS;PROBABILISTIC_BIAS_ANALYSIS;MULTI_ANALYST_REPLICATION,Study-level,Protocol / statistical analysis plan / OSL trace,PROVENANCE_VERIFIED;TIMING_RELATIVE_TO_TIME_ZERO,Statistical significance or model fit cannot substitute for causal identification
MET-003,Methodological / statistical integrity,Exposure window definition,METHODS_META_RESEARCH,,SPECIFICATION_CURVE_MULTIVERSE;MISSINGNESS_MECHANISM_DIAGNOSTICS;PROBABILISTIC_BIAS_ANALYSIS;MULTI_ANALYST_REPLICATION,Study-level,Protocol / statistical analysis plan / OSL trace,PROVENANCE_VERIFIED;TIMING_RELATIVE_TO_TIME_ZERO,Statistical significance or model fit cannot substitute for causal identification
MET-004,Methodological / statistical integrity,Outcome window definition,METHODS_META_RESEARCH,,SPECIFICATION_CURVE_MULTIVERSE;MISSINGNESS_MECHANISM_DIAGNOSTICS;PROBABILISTIC_BIAS_ANALYSIS;MULTI_ANALYST_REPLICATION,Study-level,Protocol / statistical analysis plan / OSL trace,PROVENANCE_VERIFIED;TIMING_RELATIVE_TO_TIME_ZERO,Statistical significance or model fit cannot substitute for causal identification
MET-005,Methodological / statistical integrity,Confounder set provenance,METHODS_META_RESEARCH,,SPECIFICATION_CURVE_MULTIVERSE;MISSINGNESS_MECHANISM_DIAGNOSTICS;PROBABILISTIC_BIAS_ANALYSIS;MULTI_ANALYST_REPLICATION,Study-level,Protocol / statistical analysis plan / OSL trace,PROVENANCE_VERIFIED;TIMING_RELATIVE_TO_TIME_ZERO,Statistical significance or model fit cannot substitute for causal identification
MET-006,Methodological / statistical integrity,Mediator set provenance,METHODS_META_RESEARCH,,SPECIFICATION_CURVE_MULTIVERSE;MISSINGNESS_MECHANISM_DIAGNOSTICS;PROBABILISTIC_BIAS_ANALYSIS;MULTI_ANALYST_REPLICATION,Study-level,Protocol / statistical analysis plan / OSL trace,PROVENANCE_VERIFIED;TIMING_RELATIVE_TO_TIME_ZERO,Statistical significance or model fit cannot substitute for causal identification
MET-007,Methodological / statistical integrity,Collider exclusion check,METHODS_META_RESEARCH,,SPECIFICATION_CURVE_MULTIVERSE;MISSINGNESS_MECHANISM_DIAGNOSTICS;PROBABILISTIC_BIAS_ANALYSIS;MULTI_ANALYST_REPLICATION,Study-level,Protocol / statistical analysis plan / OSL trace,PROVENANCE_VERIFIED;TIMING_RELATIVE_TO_TIME_ZERO,Statistical significance or model fit cannot substitute for causal identification
MET-008,Methodological / statistical integrity,Selection mechanism model,METHODS_META_RESEARCH,,SPECIFICATION_CURVE_MULTIVERSE;MISSINGNESS_MECHANISM_DIAGNOSTICS;PROBABILISTIC_BIAS_ANALYSIS;MULTI_ANALYST_REPLICATION,Study-level,Protocol / statistical analysis plan / OSL trace,PROVENANCE_VERIFIED;TIMING_RELATIVE_TO_TIME_ZERO,Statistical significance or model fit cannot substitute for causal identification
MET-009,Methodological / statistical integrity,Missing-data mechanism assumption,METHODS_META_RESEARCH,,SPECIFICATION_CURVE_MULTIVERSE;MISSINGNESS_MECHANISM_DIAGNOSTICS;PROBABILISTIC_BIAS_ANALYSIS;MULTI_ANALYST_REPLICATION,Study-level,Protocol / statistical analysis plan / OSL trace,PROVENANCE_VERIFIED;TIMING_RELATIVE_TO_TIME_ZERO,Statistical significance or model fit cannot substitute for causal identification
MET-010,Methodological / statistical integrity,Multiple-imputation diagnostics,METHODS_META_RESEARCH,,SPECIFICATION_CURVE_MULTIVERSE;MISSINGNESS_MECHANISM_DIAGNOSTICS;PROBABILISTIC_BIAS_ANALYSIS;MULTI_ANALYST_REPLICATION,Study-level,Protocol / statistical analysis plan / OSL trace,PROVENANCE_VERIFIED;TIMING_RELATIVE_TO_TIME_ZERO,Statistical significance or model fit cannot substitute for causal identification
MET-011,Methodological / statistical integrity,Attrition rate,METHODS_META_RESEARCH,,SPECIFICATION_CURVE_MULTIVERSE;MISSINGNESS_MECHANISM_DIAGNOSTICS;PROBABILISTIC_BIAS_ANALYSIS;MULTI_ANALYST_REPLICATION,Study-level,Protocol / statistical analysis plan / OSL trace,PROVENANCE_VERIFIED;TIMING_RELATIVE_TO_TIME_ZERO,Statistical significance or model fit cannot substitute for causal identification
MET-012,Methodological / statistical integrity,Inverse-probability weighting diagnostics,METHODS_META_RESEARCH,,SPECIFICATION_CURVE_MULTIVERSE;MISSINGNESS_MECHANISM_DIAGNOSTICS;PROBABILISTIC_BIAS_ANALYSIS;MULTI_ANALYST_REPLICATION,Study-level,Protocol / statistical analysis plan / OSL trace,PROVENANCE_VERIFIED;TIMING_RELATIVE_TO_TIME_ZERO,Statistical significance or model fit cannot substitute for causal identification
MET-013,Methodological / statistical integrity,Cluster/site intraclass correlation,METHODS_META_RESEARCH,,SPECIFICATION_CURVE_MULTIVERSE;MISSINGNESS_MECHANISM_DIAGNOSTICS;PROBABILISTIC_BIAS_ANALYSIS;MULTI_ANALYST_REPLICATION,Study-level,Protocol / statistical analysis plan / OSL trace,PROVENANCE_VERIFIED;TIMING_RELATIVE_TO_TIME_ZERO,Statistical significance or model fit cannot substitute for causal identification
MET-014,Methodological / statistical integrity,Site-level random effect,METHODS_META_RESEARCH,,SPECIFICATION_CURVE_MULTIVERSE;MISSINGNESS_MECHANISM_DIAGNOSTICS;PROBABILISTIC_BIAS_ANALYSIS;MULTI_ANALYST_REPLICATION,Study-level,Protocol / statistical analysis plan / OSL trace,PROVENANCE_VERIFIED;TIMING_RELATIVE_TO_TIME_ZERO,Statistical significance or model fit cannot substitute for causal identification
MET-015,Methodological / statistical integrity,Clinician-level random effect,METHODS_META_RESEARCH,,SPECIFICATION_CURVE_MULTIVERSE;MISSINGNESS_MECHANISM_DIAGNOSTICS;PROBABILISTIC_BIAS_ANALYSIS;MULTI_ANALYST_REPLICATION,Study-level,Protocol / statistical analysis plan / OSL trace,PROVENANCE_VERIFIED;TIMING_RELATIVE_TO_TIME_ZERO,Statistical significance or model fit cannot substitute for causal identification
MET-016,Methodological / statistical integrity,Family-level random effect,METHODS_META_RESEARCH,,SPECIFICATION_CURVE_MULTIVERSE;MISSINGNESS_MECHANISM_DIAGNOSTICS;PROBABILISTIC_BIAS_ANALYSIS;MULTI_ANALYST_REPLICATION,Study-level,Protocol / statistical analysis plan / OSL trace,PROVENANCE_VERIFIED;TIMING_RELATIVE_TO_TIME_ZERO,Statistical significance or model fit cannot substitute for causal identification
MET-017,Methodological / statistical integrity,Repeated-measures correlation,METHODS_META_RESEARCH,,SPECIFICATION_CURVE_MULTIVERSE;MISSINGNESS_MECHANISM_DIAGNOSTICS;PROBABILISTIC_BIAS_ANALYSIS;MULTI_ANALYST_REPLICATION,Study-level,Protocol / statistical analysis plan / OSL trace,PROVENANCE_VERIFIED;TIMING_RELATIVE_TO_TIME_ZERO,Statistical significance or model fit cannot substitute for causal identification
MET-018,Methodological / statistical integrity,Measurement invariance by autism status,METHODS_META_RESEARCH,,SPECIFICATION_CURVE_MULTIVERSE;MISSINGNESS_MECHANISM_DIAGNOSTICS;PROBABILISTIC_BIAS_ANALYSIS;MULTI_ANALYST_REPLICATION,Study-level,Protocol / statistical analysis plan / OSL trace,PROVENANCE_VERIFIED;TIMING_RELATIVE_TO_TIME_ZERO,Statistical significance or model fit cannot substitute for causal identification
MET-019,Methodological / statistical integrity,Measurement invariance by age,METHODS_META_RESEARCH,,SPECIFICATION_CURVE_MULTIVERSE;MISSINGNESS_MECHANISM_DIAGNOSTICS;PROBABILISTIC_BIAS_ANALYSIS;MULTI_ANALYST_REPLICATION,Study-level,Protocol / statistical analysis plan / OSL trace,PROVENANCE_VERIFIED;TIMING_RELATIVE_TO_TIME_ZERO,Statistical significance or model fit cannot substitute for causal identification
MET-020,Methodological / statistical integrity,Measurement invariance by sex recorded at birth,METHODS_META_RESEARCH,,SPECIFICATION_CURVE_MULTIVERSE;MISSINGNESS_MECHANISM_DIAGNOSTICS;PROBABILISTIC_BIAS_ANALYSIS;MULTI_ANALYST_REPLICATION,Study-level,Protocol / statistical analysis plan / OSL trace,PROVENANCE_VERIFIED;TIMING_RELATIVE_TO_TIME_ZERO,Statistical significance or model fit cannot substitute for causal identification
MET-021,Methodological / statistical integrity,Measurement invariance by language/culture,METHODS_META_RESEARCH,,SPECIFICATION_CURVE_MULTIVERSE;MISSINGNESS_MECHANISM_DIAGNOSTICS;PROBABILISTIC_BIAS_ANALYSIS;MULTI_ANALYST_REPLICATION,Study-level,Protocol / statistical analysis plan / OSL trace,PROVENANCE_VERIFIED;TIMING_RELATIVE_TO_TIME_ZERO,Statistical significance or model fit cannot substitute for causal identification
MET-022,Methodological / statistical integrity,Negative-control exposure result,METHODS_META_RESEARCH,,SPECIFICATION_CURVE_MULTIVERSE;MISSINGNESS_MECHANISM_DIAGNOSTICS;PROBABILISTIC_BIAS_ANALYSIS;MULTI_ANALYST_REPLICATION,Study-level,Protocol / statistical analysis plan / OSL trace,PROVENANCE_VERIFIED;TIMING_RELATIVE_TO_TIME_ZERO,Statistical significance or model fit cannot substitute for causal identification
MET-023,Methodological / statistical integrity,Negative-control outcome result,METHODS_META_RESEARCH,,SPECIFICATION_CURVE_MULTIVERSE;MISSINGNESS_MECHANISM_DIAGNOSTICS;PROBABILISTIC_BIAS_ANALYSIS;MULTI_ANALYST_REPLICATION,Study-level,Protocol / statistical analysis plan / OSL trace,PROVENANCE_VERIFIED;TIMING_RELATIVE_TO_TIME_ZERO,Statistical significance or model fit cannot substitute for causal identification
MET-024,Methodological / statistical integrity,Placebo-time test result,METHODS_META_RESEARCH,,SPECIFICATION_CURVE_MULTIVERSE;MISSINGNESS_MECHANISM_DIAGNOSTICS;PROBABILISTIC_BIAS_ANALYSIS;MULTI_ANALYST_REPLICATION,Study-level,Protocol / statistical analysis plan / OSL trace,PROVENANCE_VERIFIED;TIMING_RELATIVE_TO_TIME_ZERO,Statistical significance or model fit cannot substitute for causal identification
MET-025,Methodological / statistical integrity,Pretrend test result for difference-in-differences,METHODS_META_RESEARCH,,SPECIFICATION_CURVE_MULTIVERSE;MISSINGNESS_MECHANISM_DIAGNOSTICS;PROBABILISTIC_BIAS_ANALYSIS;MULTI_ANALYST_REPLICATION,Study-level,Protocol / statistical analysis plan / OSL trace,PROVENANCE_VERIFIED;TIMING_RELATIVE_TO_TIME_ZERO,Statistical significance or model fit cannot substitute for causal identification
MET-026,Methodological / statistical integrity,Sensitivity to unmeasured confounding,METHODS_META_RESEARCH,,SPECIFICATION_CURVE_MULTIVERSE;MISSINGNESS_MECHANISM_DIAGNOSTICS;PROBABILISTIC_BIAS_ANALYSIS;MULTI_ANALYST_REPLICATION,Study-level,Protocol / statistical analysis plan / OSL trace,PROVENANCE_VERIFIED;TIMING_RELATIVE_TO_TIME_ZERO,Statistical significance or model fit cannot substitute for causal identification
MET-027,Methodological / statistical integrity,E-value or equivalent sensitivity metric where appropriate,METHODS_META_RESEARCH,,SPECIFICATION_CURVE_MULTIVERSE;MISSINGNESS_MECHANISM_DIAGNOSTICS;PROBABILISTIC_BIAS_ANALYSIS;MULTI_ANALYST_REPLICATION,Study-level,Protocol / statistical analysis plan / OSL trace,PROVENANCE_VERIFIED;TIMING_RELATIVE_TO_TIME_ZERO,Statistical significance or model fit cannot substitute for causal identification
MET-028,Methodological / statistical integrity,Specification-curve robustness,METHODS_META_RESEARCH,,SPECIFICATION_CURVE_MULTIVERSE;MISSINGNESS_MECHANISM_DIAGNOSTICS;PROBABILISTIC_BIAS_ANALYSIS;MULTI_ANALYST_REPLICATION,Study-level,Protocol / statistical analysis plan / OSL trace,PROVENANCE_VERIFIED;TIMING_RELATIVE_TO_TIME_ZERO,Statistical significance or model fit cannot substitute for causal identification
MET-029,Methodological / statistical integrity,Multiverse-analysis robustness,METHODS_META_RESEARCH,,SPECIFICATION_CURVE_MULTIVERSE;MISSINGNESS_MECHANISM_DIAGNOSTICS;PROBABILISTIC_BIAS_ANALYSIS;MULTI_ANALYST_REPLICATION,Study-level,Protocol / statistical analysis plan / OSL trace,PROVENANCE_VERIFIED;TIMING_RELATIVE_TO_TIME_ZERO,Statistical significance or model fit cannot substitute for causal identification
MET-030,Methodological / statistical integrity,Alternative DAG robustness,METHODS_META_RESEARCH,,SPECIFICATION_CURVE_MULTIVERSE;MISSINGNESS_MECHANISM_DIAGNOSTICS;PROBABILISTIC_BIAS_ANALYSIS;MULTI_ANALYST_REPLICATION,Study-level,Protocol / statistical analysis plan / OSL trace,PROVENANCE_VERIFIED;TIMING_RELATIVE_TO_TIME_ZERO,Statistical significance or model fit cannot substitute for causal identification
MET-031,Methodological / statistical integrity,Propensity overlap/positivity diagnostics,METHODS_META_RESEARCH,,SPECIFICATION_CURVE_MULTIVERSE;MISSINGNESS_MECHANISM_DIAGNOSTICS;PROBABILISTIC_BIAS_ANALYSIS;MULTI_ANALYST_REPLICATION,Study-level,Protocol / statistical analysis plan / OSL trace,PROVENANCE_VERIFIED;TIMING_RELATIVE_TO_TIME_ZERO,Statistical significance or model fit cannot substitute for causal identification
MET-032,Methodological / statistical integrity,Model calibration,METHODS_META_RESEARCH,,SPECIFICATION_CURVE_MULTIVERSE;MISSINGNESS_MECHANISM_DIAGNOSTICS;PROBABILISTIC_BIAS_ANALYSIS;MULTI_ANALYST_REPLICATION,Study-level,Protocol / statistical analysis plan / OSL trace,PROVENANCE_VERIFIED;TIMING_RELATIVE_TO_TIME_ZERO,Statistical significance or model fit cannot substitute for causal identification
MET-033,Methodological / statistical integrity,Model discrimination,METHODS_META_RESEARCH,,SPECIFICATION_CURVE_MULTIVERSE;MISSINGNESS_MECHANISM_DIAGNOSTICS;PROBABILISTIC_BIAS_ANALYSIS;MULTI_ANALYST_REPLICATION,Study-level,Protocol / statistical analysis plan / OSL trace,PROVENANCE_VERIFIED;TIMING_RELATIVE_TO_TIME_ZERO,Statistical significance or model fit cannot substitute for causal identification
MET-034,Methodological / statistical integrity,Out-of-sample validation,METHODS_META_RESEARCH,,SPECIFICATION_CURVE_MULTIVERSE;MISSINGNESS_MECHANISM_DIAGNOSTICS;PROBABILISTIC_BIAS_ANALYSIS;MULTI_ANALYST_REPLICATION,Study-level,Protocol / statistical analysis plan / OSL trace,PROVENANCE_VERIFIED;TIMING_RELATIVE_TO_TIME_ZERO,Statistical significance or model fit cannot substitute for causal identification
MET-035,Methodological / statistical integrity,External replication status,METHODS_META_RESEARCH,,SPECIFICATION_CURVE_MULTIVERSE;MISSINGNESS_MECHANISM_DIAGNOSTICS;PROBABILISTIC_BIAS_ANALYSIS;MULTI_ANALYST_REPLICATION,Study-level,Protocol / statistical analysis plan / OSL trace,PROVENANCE_VERIFIED;TIMING_RELATIVE_TO_TIME_ZERO,Statistical significance or model fit cannot substitute for causal identification
MET-036,Methodological / statistical integrity,Preregistration status,METHODS_META_RESEARCH,,SPECIFICATION_CURVE_MULTIVERSE;MISSINGNESS_MECHANISM_DIAGNOSTICS;PROBABILISTIC_BIAS_ANALYSIS;MULTI_ANALYST_REPLICATION,Study-level,Protocol / statistical analysis plan / OSL trace,PROVENANCE_VERIFIED;TIMING_RELATIVE_TO_TIME_ZERO,Statistical significance or model fit cannot substitute for causal identification
MET-037,Methodological / statistical integrity,Protocol-deviation register,METHODS_META_RESEARCH,,SPECIFICATION_CURVE_MULTIVERSE;MISSINGNESS_MECHANISM_DIAGNOSTICS;PROBABILISTIC_BIAS_ANALYSIS;MULTI_ANALYST_REPLICATION,Study-level,Protocol / statistical analysis plan / OSL trace,PROVENANCE_VERIFIED;TIMING_RELATIVE_TO_TIME_ZERO,Statistical significance or model fit cannot substitute for causal identification
MET-038,Methodological / statistical integrity,Multiplicity correction method,METHODS_META_RESEARCH,,SPECIFICATION_CURVE_MULTIVERSE;MISSINGNESS_MECHANISM_DIAGNOSTICS;PROBABILISTIC_BIAS_ANALYSIS;MULTI_ANALYST_REPLICATION,Study-level,Protocol / statistical analysis plan / OSL trace,PROVENANCE_VERIFIED;TIMING_RELATIVE_TO_TIME_ZERO,Statistical significance or model fit cannot substitute for causal identification
MET-039,Methodological / statistical integrity,False-discovery rate,METHODS_META_RESEARCH,,SPECIFICATION_CURVE_MULTIVERSE;MISSINGNESS_MECHANISM_DIAGNOSTICS;PROBABILISTIC_BIAS_ANALYSIS;MULTI_ANALYST_REPLICATION,Study-level,Protocol / statistical analysis plan / OSL trace,PROVENANCE_VERIFIED;TIMING_RELATIVE_TO_TIME_ZERO,Statistical significance or model fit cannot substitute for causal identification
MET-040,Methodological / statistical integrity,Primary alpha,METHODS_META_RESEARCH,,SPECIFICATION_CURVE_MULTIVERSE;MISSINGNESS_MECHANISM_DIAGNOSTICS;PROBABILISTIC_BIAS_ANALYSIS;MULTI_ANALYST_REPLICATION,Study-level,Protocol / statistical analysis plan / OSL trace,PROVENANCE_VERIFIED;TIMING_RELATIVE_TO_TIME_ZERO,Statistical significance or model fit cannot substitute for causal identification
MET-041,Methodological / statistical integrity,Confidence interval level,METHODS_META_RESEARCH,,SPECIFICATION_CURVE_MULTIVERSE;MISSINGNESS_MECHANISM_DIAGNOSTICS;PROBABILISTIC_BIAS_ANALYSIS;MULTI_ANALYST_REPLICATION,Study-level,Protocol / statistical analysis plan / OSL trace,PROVENANCE_VERIFIED;TIMING_RELATIVE_TO_TIME_ZERO,Statistical significance or model fit cannot substitute for causal identification
MET-042,Methodological / statistical integrity,Bayesian prior specification where used,METHODS_META_RESEARCH,,SPECIFICATION_CURVE_MULTIVERSE;MISSINGNESS_MECHANISM_DIAGNOSTICS;PROBABILISTIC_BIAS_ANALYSIS;MULTI_ANALYST_REPLICATION,Study-level,Protocol / statistical analysis plan / OSL trace,PROVENANCE_VERIFIED;TIMING_RELATIVE_TO_TIME_ZERO,Statistical significance or model fit cannot substitute for causal identification
MET-043,Methodological / statistical integrity,Posterior sensitivity to prior,METHODS_META_RESEARCH,,SPECIFICATION_CURVE_MULTIVERSE;MISSINGNESS_MECHANISM_DIAGNOSTICS;PROBABILISTIC_BIAS_ANALYSIS;MULTI_ANALYST_REPLICATION,Study-level,Protocol / statistical analysis plan / OSL trace,PROVENANCE_VERIFIED;TIMING_RELATIVE_TO_TIME_ZERO,Statistical significance or model fit cannot substitute for causal identification
MET-044,Methodological / statistical integrity,Bayes factor where used,METHODS_META_RESEARCH,,SPECIFICATION_CURVE_MULTIVERSE;MISSINGNESS_MECHANISM_DIAGNOSTICS;PROBABILISTIC_BIAS_ANALYSIS;MULTI_ANALYST_REPLICATION,Study-level,Protocol / statistical analysis plan / OSL trace,PROVENANCE_VERIFIED;TIMING_RELATIVE_TO_TIME_ZERO,Statistical significance or model fit cannot substitute for causal identification
MET-045,Methodological / statistical integrity,Minimal clinically important effect,METHODS_META_RESEARCH,,SPECIFICATION_CURVE_MULTIVERSE;MISSINGNESS_MECHANISM_DIAGNOSTICS;PROBABILISTIC_BIAS_ANALYSIS;MULTI_ANALYST_REPLICATION,Study-level,Protocol / statistical analysis plan / OSL trace,PROVENANCE_VERIFIED;TIMING_RELATIVE_TO_TIME_ZERO,Statistical significance or model fit cannot substitute for causal identification
MET-046,Methodological / statistical integrity,Statistical power target,METHODS_META_RESEARCH,,SPECIFICATION_CURVE_MULTIVERSE;MISSINGNESS_MECHANISM_DIAGNOSTICS;PROBABILISTIC_BIAS_ANALYSIS;MULTI_ANALYST_REPLICATION,Study-level,Protocol / statistical analysis plan / OSL trace,PROVENANCE_VERIFIED;TIMING_RELATIVE_TO_TIME_ZERO,Statistical significance or model fit cannot substitute for causal identification
MET-047,Methodological / statistical integrity,Effective sample size,METHODS_META_RESEARCH,,SPECIFICATION_CURVE_MULTIVERSE;MISSINGNESS_MECHANISM_DIAGNOSTICS;PROBABILISTIC_BIAS_ANALYSIS;MULTI_ANALYST_REPLICATION,Study-level,Protocol / statistical analysis plan / OSL trace,PROVENANCE_VERIFIED;TIMING_RELATIVE_TO_TIME_ZERO,Statistical significance or model fit cannot substitute for causal identification
MET-048,Methodological / statistical integrity,Design effect due to clustering,METHODS_META_RESEARCH,,SPECIFICATION_CURVE_MULTIVERSE;MISSINGNESS_MECHANISM_DIAGNOSTICS;PROBABILISTIC_BIAS_ANALYSIS;MULTI_ANALYST_REPLICATION,Study-level,Protocol / statistical analysis plan / OSL trace,PROVENANCE_VERIFIED;TIMING_RELATIVE_TO_TIME_ZERO,Statistical significance or model fit cannot substitute for causal identification
MET-049,Methodological / statistical integrity,Attrition-inflated recruitment target,METHODS_META_RESEARCH,,SPECIFICATION_CURVE_MULTIVERSE;MISSINGNESS_MECHANISM_DIAGNOSTICS;PROBABILISTIC_BIAS_ANALYSIS;MULTI_ANALYST_REPLICATION,Study-level,Protocol / statistical analysis plan / OSL trace,PROVENANCE_VERIFIED;TIMING_RELATIVE_TO_TIME_ZERO,Statistical significance or model fit cannot substitute for causal identification
MET-050,Methodological / statistical integrity,Subgroup interaction power,METHODS_META_RESEARCH,,SPECIFICATION_CURVE_MULTIVERSE;MISSINGNESS_MECHANISM_DIAGNOSTICS;PROBABILISTIC_BIAS_ANALYSIS;MULTI_ANALYST_REPLICATION,Study-level,Protocol / statistical analysis plan / OSL trace,PROVENANCE_VERIFIED;TIMING_RELATIVE_TO_TIME_ZERO,Statistical significance or model fit cannot substitute for causal identification
MET-051,Methodological / statistical integrity,Rare-event count,METHODS_META_RESEARCH,,SPECIFICATION_CURVE_MULTIVERSE;MISSINGNESS_MECHANISM_DIAGNOSTICS;PROBABILISTIC_BIAS_ANALYSIS;MULTI_ANALYST_REPLICATION,Study-level,Protocol / statistical analysis plan / OSL trace,PROVENANCE_VERIFIED;TIMING_RELATIVE_TO_TIME_ZERO,Statistical significance or model fit cannot substitute for causal identification
MET-052,Methodological / statistical integrity,Events-per-parameter/effective model complexity,METHODS_META_RESEARCH,,SPECIFICATION_CURVE_MULTIVERSE;MISSINGNESS_MECHANISM_DIAGNOSTICS;PROBABILISTIC_BIAS_ANALYSIS;MULTI_ANALYST_REPLICATION,Study-level,Protocol / statistical analysis plan / OSL trace,PROVENANCE_VERIFIED;TIMING_RELATIVE_TO_TIME_ZERO,Statistical significance or model fit cannot substitute for causal identification
MET-053,Methodological / statistical integrity,Penalisation/shrinkage method,METHODS_META_RESEARCH,,SPECIFICATION_CURVE_MULTIVERSE;MISSINGNESS_MECHANISM_DIAGNOSTICS;PROBABILISTIC_BIAS_ANALYSIS;MULTI_ANALYST_REPLICATION,Study-level,Protocol / statistical analysis plan / OSL trace,PROVENANCE_VERIFIED;TIMING_RELATIVE_TO_TIME_ZERO,Statistical significance or model fit cannot substitute for causal identification
MET-054,Methodological / statistical integrity,Held-out test set status,METHODS_META_RESEARCH,,SPECIFICATION_CURVE_MULTIVERSE;MISSINGNESS_MECHANISM_DIAGNOSTICS;PROBABILISTIC_BIAS_ANALYSIS;MULTI_ANALYST_REPLICATION,Study-level,Protocol / statistical analysis plan / OSL trace,PROVENANCE_VERIFIED;TIMING_RELATIVE_TO_TIME_ZERO,Statistical significance or model fit cannot substitute for causal identification
MET-055,Methodological / statistical integrity,Data leakage audit,METHODS_META_RESEARCH,,SPECIFICATION_CURVE_MULTIVERSE;MISSINGNESS_MECHANISM_DIAGNOSTICS;PROBABILISTIC_BIAS_ANALYSIS;MULTI_ANALYST_REPLICATION,Study-level,Protocol / statistical analysis plan / OSL trace,PROVENANCE_VERIFIED;TIMING_RELATIVE_TO_TIME_ZERO,Statistical significance or model fit cannot substitute for causal identification
MET-056,Methodological / statistical integrity,Algorithmic fairness subgroup calibration,METHODS_META_RESEARCH,,SPECIFICATION_CURVE_MULTIVERSE;MISSINGNESS_MECHANISM_DIAGNOSTICS;PROBABILISTIC_BIAS_ANALYSIS;MULTI_ANALYST_REPLICATION,Study-level,Protocol / statistical analysis plan / OSL trace,PROVENANCE_VERIFIED;TIMING_RELATIVE_TO_TIME_ZERO,Statistical significance or model fit cannot substitute for causal identification
MET-057,Methodological / statistical integrity,Transportability assessment,METHODS_META_RESEARCH,,SPECIFICATION_CURVE_MULTIVERSE;MISSINGNESS_MECHANISM_DIAGNOSTICS;PROBABILISTIC_BIAS_ANALYSIS;MULTI_ANALYST_REPLICATION,Study-level,Protocol / statistical analysis plan / OSL trace,PROVENANCE_VERIFIED;TIMING_RELATIVE_TO_TIME_ZERO,Statistical significance or model fit cannot substitute for causal identification
MET-058,Methodological / statistical integrity,Causal identification grade,METHODS_META_RESEARCH,,SPECIFICATION_CURVE_MULTIVERSE;MISSINGNESS_MECHANISM_DIAGNOSTICS;PROBABILISTIC_BIAS_ANALYSIS;MULTI_ANALYST_REPLICATION,Study-level,Protocol / statistical analysis plan / OSL trace,PROVENANCE_VERIFIED;TIMING_RELATIVE_TO_TIME_ZERO,Statistical significance or model fit cannot substitute for causal identification
MET-059,Methodological / statistical integrity,Evidence-adjudication vector,METHODS_META_RESEARCH,,SPECIFICATION_CURVE_MULTIVERSE;MISSINGNESS_MECHANISM_DIAGNOSTICS;PROBABILISTIC_BIAS_ANALYSIS;MULTI_ANALYST_REPLICATION,Study-level,Protocol / statistical analysis plan / OSL trace,PROVENANCE_VERIFIED;TIMING_RELATIVE_TO_TIME_ZERO,Statistical significance or model fit cannot substitute for causal identification
MET-060,Methodological / statistical integrity,Claim ceiling based on weakest evidence dimension,METHODS_META_RESEARCH,,SPECIFICATION_CURVE_MULTIVERSE;MISSINGNESS_MECHANISM_DIAGNOSTICS;PROBABILISTIC_BIAS_ANALYSIS;MULTI_ANALYST_REPLICATION,Study-level,Protocol / statistical analysis plan / OSL trace,PROVENANCE_VERIFIED;TIMING_RELATIVE_TO_TIME_ZERO,Statistical significance or model fit cannot substitute for causal identification
PSYCHDYN-001,Psychodynamic / identity-process constructs,Attachment security/insecurity,PSYCHIATRIC_PSYCHOLOGICAL,,PSYCHODYNAMIC_FORMULATION;NARRATIVE_ANALYSIS;THEMATIC_FRAMEWORK_ANALYSIS,Baseline and repeated,PRO / structured interview / consented transcript / clinical formulation,PROVENANCE_VERIFIED;TIMING_RELATIVE_TO_TIME_ZERO;SENSITIVE_DATA_GOVERNANCE,"Psychodynamic interpretation is hypothesis-level evidence, not diagnostic fact"
PSYCHDYN-002,Psychodynamic / identity-process constructs,Identity integration versus diffusion,PSYCHIATRIC_PSYCHOLOGICAL,,PSYCHODYNAMIC_FORMULATION;NARRATIVE_ANALYSIS;THEMATIC_FRAMEWORK_ANALYSIS,Baseline and repeated,PRO / structured interview / consented transcript / clinical formulation,PROVENANCE_VERIFIED;TIMING_RELATIVE_TO_TIME_ZERO;SENSITIVE_DATA_GOVERNANCE,"Psychodynamic interpretation is hypothesis-level evidence, not diagnostic fact"
PSYCHDYN-003,Psychodynamic / identity-process constructs,Self-concept clarity,PSYCHIATRIC_PSYCHOLOGICAL,,PSYCHODYNAMIC_FORMULATION;NARRATIVE_ANALYSIS;THEMATIC_FRAMEWORK_ANALYSIS,Baseline and repeated,PRO / structured interview / consented transcript / clinical formulation,PROVENANCE_VERIFIED;TIMING_RELATIVE_TO_TIME_ZERO;SENSITIVE_DATA_GOVERNANCE,"Psychodynamic interpretation is hypothesis-level evidence, not diagnostic fact"
PSYCHDYN-004,Psychodynamic / identity-process constructs,Mentalization/reflective-function capacity,PSYCHIATRIC_PSYCHOLOGICAL,,PSYCHODYNAMIC_FORMULATION;NARRATIVE_ANALYSIS;THEMATIC_FRAMEWORK_ANALYSIS,Baseline and repeated,PRO / structured interview / consented transcript / clinical formulation,PROVENANCE_VERIFIED;TIMING_RELATIVE_TO_TIME_ZERO;SENSITIVE_DATA_GOVERNANCE,"Psychodynamic interpretation is hypothesis-level evidence, not diagnostic fact"
PSYCHDYN-005,Psychodynamic / identity-process constructs,Affect regulation style,PSYCHIATRIC_PSYCHOLOGICAL,,PSYCHODYNAMIC_FORMULATION;NARRATIVE_ANALYSIS;THEMATIC_FRAMEWORK_ANALYSIS,Baseline and repeated,PRO / structured interview / consented transcript / clinical formulation,PROVENANCE_VERIFIED;TIMING_RELATIVE_TO_TIME_ZERO;SENSITIVE_DATA_GOVERNANCE,"Psychodynamic interpretation is hypothesis-level evidence, not diagnostic fact"
PSYCHDYN-006,Psychodynamic / identity-process constructs,Experiential avoidance,PSYCHIATRIC_PSYCHOLOGICAL,,PSYCHODYNAMIC_FORMULATION;NARRATIVE_ANALYSIS;THEMATIC_FRAMEWORK_ANALYSIS,Baseline and repeated,PRO / structured interview / consented transcript / clinical formulation,PROVENANCE_VERIFIED;TIMING_RELATIVE_TO_TIME_ZERO;SENSITIVE_DATA_GOVERNANCE,"Psychodynamic interpretation is hypothesis-level evidence, not diagnostic fact"
PSYCHDYN-007,Psychodynamic / identity-process constructs,Dissociative symptoms,PSYCHIATRIC_PSYCHOLOGICAL,,PSYCHODYNAMIC_FORMULATION;NARRATIVE_ANALYSIS;THEMATIC_FRAMEWORK_ANALYSIS,Baseline and repeated,PRO / structured interview / consented transcript / clinical formulation,PROVENANCE_VERIFIED;TIMING_RELATIVE_TO_TIME_ZERO;SENSITIVE_DATA_GOVERNANCE,"Psychodynamic interpretation is hypothesis-level evidence, not diagnostic fact"
PSYCHDYN-008,Psychodynamic / identity-process constructs,Depersonalisation/derealisation,PSYCHIATRIC_PSYCHOLOGICAL,,PSYCHODYNAMIC_FORMULATION;NARRATIVE_ANALYSIS;THEMATIC_FRAMEWORK_ANALYSIS,Baseline and repeated,PRO / structured interview / consented transcript / clinical formulation,PROVENANCE_VERIFIED;TIMING_RELATIVE_TO_TIME_ZERO;SENSITIVE_DATA_GOVERNANCE,"Psychodynamic interpretation is hypothesis-level evidence, not diagnostic fact"
PSYCHDYN-009,Psychodynamic / identity-process constructs,Body-self integration,PSYCHIATRIC_PSYCHOLOGICAL,,PSYCHODYNAMIC_FORMULATION;NARRATIVE_ANALYSIS;THEMATIC_FRAMEWORK_ANALYSIS,Baseline and repeated,PRO / structured interview / consented transcript / clinical formulation,PROVENANCE_VERIFIED;TIMING_RELATIVE_TO_TIME_ZERO;SENSITIVE_DATA_GOVERNANCE,"Psychodynamic interpretation is hypothesis-level evidence, not diagnostic fact"
PSYCHDYN-010,Psychodynamic / identity-process constructs,Shame proneness,PSYCHIATRIC_PSYCHOLOGICAL,,PSYCHODYNAMIC_FORMULATION;NARRATIVE_ANALYSIS;THEMATIC_FRAMEWORK_ANALYSIS,Baseline and repeated,PRO / structured interview / consented transcript / clinical formulation,PROVENANCE_VERIFIED;TIMING_RELATIVE_TO_TIME_ZERO;SENSITIVE_DATA_GOVERNANCE,"Psychodynamic interpretation is hypothesis-level evidence, not diagnostic fact"
PSYCHDYN-011,Psychodynamic / identity-process constructs,Internalised stigma,PSYCHIATRIC_PSYCHOLOGICAL,,PSYCHODYNAMIC_FORMULATION;NARRATIVE_ANALYSIS;THEMATIC_FRAMEWORK_ANALYSIS,Baseline and repeated,PRO / structured interview / consented transcript / clinical formulation,PROVENANCE_VERIFIED;TIMING_RELATIVE_TO_TIME_ZERO;SENSITIVE_DATA_GOVERNANCE,"Psychodynamic interpretation is hypothesis-level evidence, not diagnostic fact"
PSYCHDYN-012,Psychodynamic / identity-process constructs,Defence-style profile where validly measured,PSYCHIATRIC_PSYCHOLOGICAL,,PSYCHODYNAMIC_FORMULATION;NARRATIVE_ANALYSIS;THEMATIC_FRAMEWORK_ANALYSIS,Baseline and repeated,PRO / structured interview / consented transcript / clinical formulation,PROVENANCE_VERIFIED;TIMING_RELATIVE_TO_TIME_ZERO;SENSITIVE_DATA_GOVERNANCE,"Psychodynamic interpretation is hypothesis-level evidence, not diagnostic fact"
PSYCHDYN-013,Psychodynamic / identity-process constructs,Interpersonal dependency,PSYCHIATRIC_PSYCHOLOGICAL,,PSYCHODYNAMIC_FORMULATION;NARRATIVE_ANALYSIS;THEMATIC_FRAMEWORK_ANALYSIS,Baseline and repeated,PRO / structured interview / consented transcript / clinical formulation,PROVENANCE_VERIFIED;TIMING_RELATIVE_TO_TIME_ZERO;SENSITIVE_DATA_GOVERNANCE,"Psychodynamic interpretation is hypothesis-level evidence, not diagnostic fact"
PSYCHDYN-014,Psychodynamic / identity-process constructs,Fear of abandonment,PSYCHIATRIC_PSYCHOLOGICAL,,PSYCHODYNAMIC_FORMULATION;NARRATIVE_ANALYSIS;THEMATIC_FRAMEWORK_ANALYSIS,Baseline and repeated,PRO / structured interview / consented transcript / clinical formulation,PROVENANCE_VERIFIED;TIMING_RELATIVE_TO_TIME_ZERO;SENSITIVE_DATA_GOVERNANCE,"Psychodynamic interpretation is hypothesis-level evidence, not diagnostic fact"
PSYCHDYN-015,Psychodynamic / identity-process constructs,Need for belonging,PSYCHIATRIC_PSYCHOLOGICAL,,PSYCHODYNAMIC_FORMULATION;NARRATIVE_ANALYSIS;THEMATIC_FRAMEWORK_ANALYSIS,Baseline and repeated,PRO / structured interview / consented transcript / clinical formulation,PROVENANCE_VERIFIED;TIMING_RELATIVE_TO_TIME_ZERO;SENSITIVE_DATA_GOVERNANCE,"Psychodynamic interpretation is hypothesis-level evidence, not diagnostic fact"
PSYCHDYN-016,Psychodynamic / identity-process constructs,Idealisation/devaluation tendencies where clinically assessed,PSYCHIATRIC_PSYCHOLOGICAL,,PSYCHODYNAMIC_FORMULATION;NARRATIVE_ANALYSIS;THEMATIC_FRAMEWORK_ANALYSIS,Baseline and repeated,PRO / structured interview / consented transcript / clinical formulation,PROVENANCE_VERIFIED;TIMING_RELATIVE_TO_TIME_ZERO;SENSITIVE_DATA_GOVERNANCE,"Psychodynamic interpretation is hypothesis-level evidence, not diagnostic fact"
PSYCHDYN-017,Psychodynamic / identity-process constructs,Parent-child enmeshment/autonomy balance,PSYCHIATRIC_PSYCHOLOGICAL,,PSYCHODYNAMIC_FORMULATION;NARRATIVE_ANALYSIS;THEMATIC_FRAMEWORK_ANALYSIS,Baseline and repeated,PRO / structured interview / consented transcript / clinical formulation,PROVENANCE_VERIFIED;TIMING_RELATIVE_TO_TIME_ZERO;SENSITIVE_DATA_GOVERNANCE,"Psychodynamic interpretation is hypothesis-level evidence, not diagnostic fact"
PSYCHDYN-018,Psychodynamic / identity-process constructs,Separation-individuation difficulties,PSYCHIATRIC_PSYCHOLOGICAL,,PSYCHODYNAMIC_FORMULATION;NARRATIVE_ANALYSIS;THEMATIC_FRAMEWORK_ANALYSIS,Baseline and repeated,PRO / structured interview / consented transcript / clinical formulation,PROVENANCE_VERIFIED;TIMING_RELATIVE_TO_TIME_ZERO;SENSITIVE_DATA_GOVERNANCE,"Psychodynamic interpretation is hypothesis-level evidence, not diagnostic fact"
PSYCHDYN-019,Psychodynamic / identity-process constructs,Family conflict around identity/autonomy,PSYCHIATRIC_PSYCHOLOGICAL,,PSYCHODYNAMIC_FORMULATION;NARRATIVE_ANALYSIS;THEMATIC_FRAMEWORK_ANALYSIS,Baseline and repeated,PRO / structured interview / consented transcript / clinical formulation,PROVENANCE_VERIFIED;TIMING_RELATIVE_TO_TIME_ZERO;SENSITIVE_DATA_GOVERNANCE,"Psychodynamic interpretation is hypothesis-level evidence, not diagnostic fact"
PSYCHDYN-020,Psychodynamic / identity-process constructs,Clinician countertransference rating in research setting,PSYCHIATRIC_PSYCHOLOGICAL,,PSYCHODYNAMIC_FORMULATION;NARRATIVE_ANALYSIS;THEMATIC_FRAMEWORK_ANALYSIS,Baseline and repeated,PRO / structured interview / consented transcript / clinical formulation,PROVENANCE_VERIFIED;TIMING_RELATIVE_TO_TIME_ZERO;SENSITIVE_DATA_GOVERNANCE,"Psychodynamic interpretation is hypothesis-level evidence, not diagnostic fact"
PSYCHDYN-021,Psychodynamic / identity-process constructs,Therapeutic alliance,PSYCHIATRIC_PSYCHOLOGICAL,,PSYCHODYNAMIC_FORMULATION;NARRATIVE_ANALYSIS;THEMATIC_FRAMEWORK_ANALYSIS,Baseline and repeated,PRO / structured interview / consented transcript / clinical formulation,PROVENANCE_VERIFIED;TIMING_RELATIVE_TO_TIME_ZERO;SENSITIVE_DATA_GOVERNANCE,"Psychodynamic interpretation is hypothesis-level evidence, not diagnostic fact"
PSYCHDYN-022,Psychodynamic / identity-process constructs,Alliance rupture/repair events,PSYCHIATRIC_PSYCHOLOGICAL,,PSYCHODYNAMIC_FORMULATION;NARRATIVE_ANALYSIS;THEMATIC_FRAMEWORK_ANALYSIS,Baseline and repeated,PRO / structured interview / consented transcript / clinical formulation,PROVENANCE_VERIFIED;TIMING_RELATIVE_TO_TIME_ZERO;SENSITIVE_DATA_GOVERNANCE,"Psychodynamic interpretation is hypothesis-level evidence, not diagnostic fact"
PSYCHDYN-023,Psychodynamic / identity-process constructs,Narrative identity coherence,PSYCHIATRIC_PSYCHOLOGICAL,,PSYCHODYNAMIC_FORMULATION;NARRATIVE_ANALYSIS;THEMATIC_FRAMEWORK_ANALYSIS,Baseline and repeated,PRO / structured interview / consented transcript / clinical formulation,PROVENANCE_VERIFIED;TIMING_RELATIVE_TO_TIME_ZERO;SENSITIVE_DATA_GOVERNANCE,"Psychodynamic interpretation is hypothesis-level evidence, not diagnostic fact"
PSYCHDYN-024,Psychodynamic / identity-process constructs,Narrative discontinuity across developmental periods,PSYCHIATRIC_PSYCHOLOGICAL,,PSYCHODYNAMIC_FORMULATION;NARRATIVE_ANALYSIS;THEMATIC_FRAMEWORK_ANALYSIS,Baseline and repeated,PRO / structured interview / consented transcript / clinical formulation,PROVENANCE_VERIFIED;TIMING_RELATIVE_TO_TIME_ZERO;SENSITIVE_DATA_GOVERNANCE,"Psychodynamic interpretation is hypothesis-level evidence, not diagnostic fact"
PSYCHDYN-025,Psychodynamic / identity-process constructs,Meaning attributed to bodily distress,PSYCHIATRIC_PSYCHOLOGICAL,,PSYCHODYNAMIC_FORMULATION;NARRATIVE_ANALYSIS;THEMATIC_FRAMEWORK_ANALYSIS,Baseline and repeated,PRO / structured interview / consented transcript / clinical formulation,PROVENANCE_VERIFIED;TIMING_RELATIVE_TO_TIME_ZERO;SENSITIVE_DATA_GOVERNANCE,"Psychodynamic interpretation is hypothesis-level evidence, not diagnostic fact"
PSYCHDYN-026,Psychodynamic / identity-process constructs,Meaning attributed to puberty,PSYCHIATRIC_PSYCHOLOGICAL,,PSYCHODYNAMIC_FORMULATION;NARRATIVE_ANALYSIS;THEMATIC_FRAMEWORK_ANALYSIS,Baseline and repeated,PRO / structured interview / consented transcript / clinical formulation,PROVENANCE_VERIFIED;TIMING_RELATIVE_TO_TIME_ZERO;SENSITIVE_DATA_GOVERNANCE,"Psychodynamic interpretation is hypothesis-level evidence, not diagnostic fact"
PSYCHDYN-027,Psychodynamic / identity-process constructs,Meaning attributed to gender labels,PSYCHIATRIC_PSYCHOLOGICAL,,PSYCHODYNAMIC_FORMULATION;NARRATIVE_ANALYSIS;THEMATIC_FRAMEWORK_ANALYSIS,Baseline and repeated,PRO / structured interview / consented transcript / clinical formulation,PROVENANCE_VERIFIED;TIMING_RELATIVE_TO_TIME_ZERO;SENSITIVE_DATA_GOVERNANCE,"Psychodynamic interpretation is hypothesis-level evidence, not diagnostic fact"
PSYCHDYN-028,Psychodynamic / identity-process constructs,Meaning attributed to medical transition,PSYCHIATRIC_PSYCHOLOGICAL,,PSYCHODYNAMIC_FORMULATION;NARRATIVE_ANALYSIS;THEMATIC_FRAMEWORK_ANALYSIS,Baseline and repeated,PRO / structured interview / consented transcript / clinical formulation,PROVENANCE_VERIFIED;TIMING_RELATIVE_TO_TIME_ZERO;SENSITIVE_DATA_GOVERNANCE,"Psychodynamic interpretation is hypothesis-level evidence, not diagnostic fact"
PSYCHDYN-029,Psychodynamic / identity-process constructs,Expectancy of psychological relief from intervention,PSYCHIATRIC_PSYCHOLOGICAL,,PSYCHODYNAMIC_FORMULATION;NARRATIVE_ANALYSIS;THEMATIC_FRAMEWORK_ANALYSIS,Baseline and repeated,PRO / structured interview / consented transcript / clinical formulation,PROVENANCE_VERIFIED;TIMING_RELATIVE_TO_TIME_ZERO;SENSITIVE_DATA_GOVERNANCE,"Psychodynamic interpretation is hypothesis-level evidence, not diagnostic fact"
PSYCHDYN-030,Psychodynamic / identity-process constructs,Nocebo/negative expectancy about non-intervention,PSYCHIATRIC_PSYCHOLOGICAL,,PSYCHODYNAMIC_FORMULATION;NARRATIVE_ANALYSIS;THEMATIC_FRAMEWORK_ANALYSIS,Baseline and repeated,PRO / structured interview / consented transcript / clinical formulation,PROVENANCE_VERIFIED;TIMING_RELATIVE_TO_TIME_ZERO;SENSITIVE_DATA_GOVERNANCE,"Psychodynamic interpretation is hypothesis-level evidence, not diagnostic fact"
PSYCHDYN-031,Psychodynamic / identity-process constructs,Placebo/context expectancy effects,PSYCHIATRIC_PSYCHOLOGICAL,,PSYCHODYNAMIC_FORMULATION;NARRATIVE_ANALYSIS;THEMATIC_FRAMEWORK_ANALYSIS,Baseline and repeated,PRO / structured interview / consented transcript / clinical formulation,PROVENANCE_VERIFIED;TIMING_RELATIVE_TO_TIME_ZERO;SENSITIVE_DATA_GOVERNANCE,"Psychodynamic interpretation is hypothesis-level evidence, not diagnostic fact"
PSYCHDYN-032,Psychodynamic / identity-process constructs,Prior identity instability across non-gender domains,PSYCHIATRIC_PSYCHOLOGICAL,,PSYCHODYNAMIC_FORMULATION;NARRATIVE_ANALYSIS;THEMATIC_FRAMEWORK_ANALYSIS,Baseline and repeated,PRO / structured interview / consented transcript / clinical formulation,PROVENANCE_VERIFIED;TIMING_RELATIVE_TO_TIME_ZERO;SENSITIVE_DATA_GOVERNANCE,"Psychodynamic interpretation is hypothesis-level evidence, not diagnostic fact"
PSYCHDYN-033,Psychodynamic / identity-process constructs,Trauma-related identity disruption hypothesis marker,PSYCHIATRIC_PSYCHOLOGICAL,,PSYCHODYNAMIC_FORMULATION;NARRATIVE_ANALYSIS;THEMATIC_FRAMEWORK_ANALYSIS,Baseline and repeated,PRO / structured interview / consented transcript / clinical formulation,PROVENANCE_VERIFIED;TIMING_RELATIVE_TO_TIME_ZERO;SENSITIVE_DATA_GOVERNANCE,"Psychodynamic interpretation is hypothesis-level evidence, not diagnostic fact"
PSYCHDYN-034,Psychodynamic / identity-process constructs,Psychodynamic formulation present in clinical record,PSYCHIATRIC_PSYCHOLOGICAL,,PSYCHODYNAMIC_FORMULATION;NARRATIVE_ANALYSIS;THEMATIC_FRAMEWORK_ANALYSIS,Baseline and repeated,PRO / structured interview / consented transcript / clinical formulation,PROVENANCE_VERIFIED;TIMING_RELATIVE_TO_TIME_ZERO;SENSITIVE_DATA_GOVERNANCE,"Psychodynamic interpretation is hypothesis-level evidence, not diagnostic fact"
PSYCHDYN-035,Psychodynamic / identity-process constructs,Competing psychodynamic formulation independently reviewed,PSYCHIATRIC_PSYCHOLOGICAL,,PSYCHODYNAMIC_FORMULATION;NARRATIVE_ANALYSIS;THEMATIC_FRAMEWORK_ANALYSIS,Baseline and repeated,PRO / structured interview / consented transcript / clinical formulation,PROVENANCE_VERIFIED;TIMING_RELATIVE_TO_TIME_ZERO;SENSITIVE_DATA_GOVERNANCE,"Psychodynamic interpretation is hypothesis-level evidence, not diagnostic fact"
SEL-001,"Selection, disclosure and reverse-causation falsifiers",Baseline gender-related distress before measured social/digital exposure,METHODS_META_RESEARCH,SERVICE_REFERRAL_ASCERTAINMENT,NEGATIVE_POSITIVE_CONTROLS;PLACEBO_FALSIFICATION;UNMEASURED_CONFOUNDING_SENSITIVITY;DAG_MODEL_CRITICISM,Pre-exposure,EHR / participant,PROVENANCE_VERIFIED;TIMING_RELATIVE_TO_TIME_ZERO;VALIDATED_MEASUREMENT_OR_MEASUREMENT_MODEL;SENSITIVE_DATA_GOVERNANCE,Temporal precedence or association alone does not establish causation
SEL-002,"Selection, disclosure and reverse-causation falsifiers",Baseline gender-related questioning/exploration before measured exposure,METHODS_META_RESEARCH,SERVICE_REFERRAL_ASCERTAINMENT,NEGATIVE_POSITIVE_CONTROLS;PLACEBO_FALSIFICATION;UNMEASURED_CONFOUNDING_SENSITIVITY;DAG_MODEL_CRITICISM,Pre-exposure,participant / historical record,PROVENANCE_VERIFIED;TIMING_RELATIVE_TO_TIME_ZERO;VALIDATED_MEASUREMENT_OR_MEASUREMENT_MODEL;SENSITIVE_DATA_GOVERNANCE,Temporal precedence or association alone does not establish causation
SEL-003,"Selection, disclosure and reverse-causation falsifiers",Date/time of first active search for gender-related material,METHODS_META_RESEARCH,SERVICE_REFERRAL_ASCERTAINMENT,NEGATIVE_POSITIVE_CONTROLS;PLACEBO_FALSIFICATION;UNMEASURED_CONFOUNDING_SENSITIVITY;DAG_MODEL_CRITICISM,Historical/Prospective,consented search history / participant,PROVENANCE_VERIFIED;TIMING_RELATIVE_TO_TIME_ZERO;SENSITIVE_DATA_GOVERNANCE,Temporal precedence or association alone does not establish causation
SEL-004,"Selection, disclosure and reverse-causation falsifiers",Date/time of first algorithm-initiated recommendation exposure,METHODS_META_RESEARCH,SERVICE_REFERRAL_ASCERTAINMENT,NEGATIVE_POSITIVE_CONTROLS;PLACEBO_FALSIFICATION;UNMEASURED_CONFOUNDING_SENSITIVITY;DAG_MODEL_CRITICISM,Prospective/Historical,consented platform export,PROVENANCE_VERIFIED;TIMING_RELATIVE_TO_TIME_ZERO;SENSITIVE_DATA_GOVERNANCE,Temporal precedence or association alone does not establish causation
SEL-005,"Selection, disclosure and reverse-causation falsifiers",Date/time of first peer-group contact relevant to gender-related discussion,METHODS_META_RESEARCH,SERVICE_REFERRAL_ASCERTAINMENT,NEGATIVE_POSITIVE_CONTROLS;PLACEBO_FALSIFICATION;UNMEASURED_CONFOUNDING_SENSITIVITY;DAG_MODEL_CRITICISM,Repeated,participant/network diary,PROVENANCE_VERIFIED;TIMING_RELATIVE_TO_TIME_ZERO;LONGITUDINAL_MEASUREMENT_CONSISTENCY;SENSITIVE_DATA_GOVERNANCE,Temporal precedence or association alone does not establish causation
SEL-006,"Selection, disclosure and reverse-causation falsifiers",Peer tie formation relative to symptom/identity-exploration onset,METHODS_META_RESEARCH,SERVICE_REFERRAL_ASCERTAINMENT,NEGATIVE_POSITIVE_CONTROLS;PLACEBO_FALSIFICATION;UNMEASURED_CONFOUNDING_SENSITIVITY;DAG_MODEL_CRITICISM,Repeated,network diary,PROVENANCE_VERIFIED;TIMING_RELATIVE_TO_TIME_ZERO;LONGITUDINAL_MEASUREMENT_CONSISTENCY;SENSITIVE_DATA_GOVERNANCE,Temporal precedence or association alone does not establish causation
SEL-007,"Selection, disclosure and reverse-causation falsifiers",Baseline peer-network composition,METHODS_META_RESEARCH,SERVICE_REFERRAL_ASCERTAINMENT,NEGATIVE_POSITIVE_CONTROLS;PLACEBO_FALSIFICATION;UNMEASURED_CONFOUNDING_SENSITIVITY;DAG_MODEL_CRITICISM,Baseline,network diary,PROVENANCE_VERIFIED;TIMING_RELATIVE_TO_TIME_ZERO;SENSITIVE_DATA_GOVERNANCE,Temporal precedence or association alone does not establish causation
SEL-008,"Selection, disclosure and reverse-causation falsifiers",Propensity to select peers with similar interests/experiences,METHODS_META_RESEARCH,SERVICE_REFERRAL_ASCERTAINMENT,NEGATIVE_POSITIVE_CONTROLS;PLACEBO_FALSIFICATION;UNMEASURED_CONFOUNDING_SENSITIVITY;DAG_MODEL_CRITICISM,Repeated,network model,PROVENANCE_VERIFIED;TIMING_RELATIVE_TO_TIME_ZERO;LONGITUDINAL_MEASUREMENT_CONSISTENCY;SENSITIVE_DATA_GOVERNANCE,Temporal precedence or association alone does not establish causation
SEL-009,"Selection, disclosure and reverse-causation falsifiers",Baseline social-media use intensity,METHODS_META_RESEARCH,SERVICE_REFERRAL_ASCERTAINMENT,NEGATIVE_POSITIVE_CONTROLS;PLACEBO_FALSIFICATION;UNMEASURED_CONFOUNDING_SENSITIVITY;DAG_MODEL_CRITICISM,Baseline,device/platform data,PROVENANCE_VERIFIED;TIMING_RELATIVE_TO_TIME_ZERO;SENSITIVE_DATA_GOVERNANCE,Temporal precedence or association alone does not establish causation
SEL-010,"Selection, disclosure and reverse-causation falsifiers",Baseline search propensity / information-seeking style,METHODS_META_RESEARCH,SERVICE_REFERRAL_ASCERTAINMENT,NEGATIVE_POSITIVE_CONTROLS;PLACEBO_FALSIFICATION;UNMEASURED_CONFOUNDING_SENSITIVITY;DAG_MODEL_CRITICISM,Baseline,participant/device data,PROVENANCE_VERIFIED;TIMING_RELATIVE_TO_TIME_ZERO;SENSITIVE_DATA_GOVERNANCE,Temporal precedence or association alone does not establish causation
SEL-011,"Selection, disclosure and reverse-causation falsifiers",Search-initiated versus recommendation-initiated exposure fraction,METHODS_META_RESEARCH,SERVICE_REFERRAL_ASCERTAINMENT,NEGATIVE_POSITIVE_CONTROLS;PLACEBO_FALSIFICATION;UNMEASURED_CONFOUNDING_SENSITIVITY;DAG_MODEL_CRITICISM,Repeated,platform export,PROVENANCE_VERIFIED;TIMING_RELATIVE_TO_TIME_ZERO;LONGITUDINAL_MEASUREMENT_CONSISTENCY;SENSITIVE_DATA_GOVERNANCE,Temporal precedence or association alone does not establish causation
SEL-012,"Selection, disclosure and reverse-causation falsifiers",Motivation for accessing gender-related content,METHODS_META_RESEARCH,SERVICE_REFERRAL_ASCERTAINMENT,NEGATIVE_POSITIVE_CONTROLS;PLACEBO_FALSIFICATION;UNMEASURED_CONFOUNDING_SENSITIVITY;DAG_MODEL_CRITICISM,Repeated,participant contemporaneous diary,PROVENANCE_VERIFIED;TIMING_RELATIVE_TO_TIME_ZERO;LONGITUDINAL_MEASUREMENT_CONSISTENCY;SENSITIVE_DATA_GOVERNANCE,Temporal precedence or association alone does not establish causation
SEL-013,"Selection, disclosure and reverse-causation falsifiers",First disclosure of gender-related distress or incongruence,METHODS_META_RESEARCH,SERVICE_REFERRAL_ASCERTAINMENT,NEGATIVE_POSITIVE_CONTROLS;PLACEBO_FALSIFICATION;UNMEASURED_CONFOUNDING_SENSITIVITY;DAG_MODEL_CRITICISM,Historical/Prospective,EHR / participant,PROVENANCE_VERIFIED;TIMING_RELATIVE_TO_TIME_ZERO;SENSITIVE_DATA_GOVERNANCE,Temporal precedence or association alone does not establish causation
SEL-014,"Selection, disclosure and reverse-causation falsifiers",Delay from first internal experience to first disclosure,METHODS_META_RESEARCH,SERVICE_REFERRAL_ASCERTAINMENT,NEGATIVE_POSITIVE_CONTROLS;PLACEBO_FALSIFICATION;UNMEASURED_CONFOUNDING_SENSITIVITY;DAG_MODEL_CRITICISM,Historical,participant/EHR,PROVENANCE_VERIFIED;TIMING_RELATIVE_TO_TIME_ZERO;SENSITIVE_DATA_GOVERNANCE,Temporal precedence or association alone does not establish causation
SEL-015,"Selection, disclosure and reverse-causation falsifiers",First help-seeking contact,METHODS_META_RESEARCH,SERVICE_REFERRAL_ASCERTAINMENT,NEGATIVE_POSITIVE_CONTROLS;PLACEBO_FALSIFICATION;UNMEASURED_CONFOUNDING_SENSITIVITY;DAG_MODEL_CRITICISM,Historical/Prospective,EHR,PROVENANCE_VERIFIED;TIMING_RELATIVE_TO_TIME_ZERO;SENSITIVE_DATA_GOVERNANCE,Temporal precedence or association alone does not establish causation
SEL-016,"Selection, disclosure and reverse-causation falsifiers",Referral threshold / eligibility rule in force,METHODS_META_RESEARCH,SERVICE_REFERRAL_ASCERTAINMENT,NEGATIVE_POSITIVE_CONTROLS;PLACEBO_FALSIFICATION;UNMEASURED_CONFOUNDING_SENSITIVITY;DAG_MODEL_CRITICISM,Time-varying,service record,PROVENANCE_VERIFIED;TIMING_RELATIVE_TO_TIME_ZERO;SENSITIVE_DATA_GOVERNANCE,Temporal precedence or association alone does not establish causation
SEL-017,"Selection, disclosure and reverse-causation falsifiers",Service availability / waiting-list capacity,METHODS_META_RESEARCH,SERVICE_REFERRAL_ASCERTAINMENT,NEGATIVE_POSITIVE_CONTROLS;PLACEBO_FALSIFICATION;UNMEASURED_CONFOUNDING_SENSITIVITY;DAG_MODEL_CRITICISM,Time-varying,service data,PROVENANCE_VERIFIED;TIMING_RELATIVE_TO_TIME_ZERO;SENSITIVE_DATA_GOVERNANCE,Temporal precedence or association alone does not establish causation
SEL-018,"Selection, disclosure and reverse-causation falsifiers",Referral source,METHODS_META_RESEARCH,SERVICE_REFERRAL_ASCERTAINMENT,NEGATIVE_POSITIVE_CONTROLS;PLACEBO_FALSIFICATION;UNMEASURED_CONFOUNDING_SENSITIVITY;DAG_MODEL_CRITICISM,Index,EHR,PROVENANCE_VERIFIED;TIMING_RELATIVE_TO_TIME_ZERO;SENSITIVE_DATA_GOVERNANCE,Temporal precedence or association alone does not establish causation
SEL-019,"Selection, disclosure and reverse-causation falsifiers",Clinic catchment denominator,METHODS_META_RESEARCH,SERVICE_REFERRAL_ASCERTAINMENT,NEGATIVE_POSITIVE_CONTROLS;PLACEBO_FALSIFICATION;UNMEASURED_CONFOUNDING_SENSITIVITY;DAG_MODEL_CRITICISM,Time-varying,administrative data,PROVENANCE_VERIFIED;TIMING_RELATIVE_TO_TIME_ZERO;SENSITIVE_DATA_GOVERNANCE,Temporal precedence or association alone does not establish causation
SEL-020,"Selection, disclosure and reverse-causation falsifiers",Probability of inclusion in specialist-clinic cohort,METHODS_META_RESEARCH,SERVICE_REFERRAL_ASCERTAINMENT,NEGATIVE_POSITIVE_CONTROLS;PLACEBO_FALSIFICATION;UNMEASURED_CONFOUNDING_SENSITIVITY;DAG_MODEL_CRITICISM,Index,linked administrative data,PROVENANCE_VERIFIED;TIMING_RELATIVE_TO_TIME_ZERO;SENSITIVE_DATA_GOVERNANCE,Temporal precedence or association alone does not establish causation
SEL-021,"Selection, disclosure and reverse-causation falsifiers",Probability of consenting to digital-trace sub-study,METHODS_META_RESEARCH,SERVICE_REFERRAL_ASCERTAINMENT,NEGATIVE_POSITIVE_CONTROLS;PLACEBO_FALSIFICATION;UNMEASURED_CONFOUNDING_SENSITIVITY;DAG_MODEL_CRITICISM,Baseline,study recruitment data,PROVENANCE_VERIFIED;TIMING_RELATIVE_TO_TIME_ZERO;SENSITIVE_DATA_GOVERNANCE,Temporal precedence or association alone does not establish causation
SEL-022,"Selection, disclosure and reverse-causation falsifiers",Probability of remaining under follow-up,METHODS_META_RESEARCH,SERVICE_REFERRAL_ASCERTAINMENT,NEGATIVE_POSITIVE_CONTROLS;PLACEBO_FALSIFICATION;UNMEASURED_CONFOUNDING_SENSITIVITY;DAG_MODEL_CRITICISM,Repeated,study data,PROVENANCE_VERIFIED;TIMING_RELATIVE_TO_TIME_ZERO;LONGITUDINAL_MEASUREMENT_CONSISTENCY;SENSITIVE_DATA_GOVERNANCE,Temporal precedence or association alone does not establish causation
SEL-023,"Selection, disclosure and reverse-causation falsifiers",Reason for loss to follow-up,METHODS_META_RESEARCH,SERVICE_REFERRAL_ASCERTAINMENT,NEGATIVE_POSITIVE_CONTROLS;PLACEBO_FALSIFICATION;UNMEASURED_CONFOUNDING_SENSITIVITY;DAG_MODEL_CRITICISM,Repeated,study/EHR,PROVENANCE_VERIFIED;TIMING_RELATIVE_TO_TIME_ZERO;LONGITUDINAL_MEASUREMENT_CONSISTENCY;SENSITIVE_DATA_GOVERNANCE,Temporal precedence or association alone does not establish causation
SEL-024,"Selection, disclosure and reverse-causation falsifiers",Retrospective recall discrepancy for onset/exposure dates,METHODS_META_RESEARCH,SERVICE_REFERRAL_ASCERTAINMENT,NEGATIVE_POSITIVE_CONTROLS;PLACEBO_FALSIFICATION;UNMEASURED_CONFOUNDING_SENSITIVITY;DAG_MODEL_CRITICISM,Historical,participant records,PROVENANCE_VERIFIED;TIMING_RELATIVE_TO_TIME_ZERO;SENSITIVE_DATA_GOVERNANCE,Temporal precedence or association alone does not establish causation
SEL-025,"Selection, disclosure and reverse-causation falsifiers",Calendar-time diagnostic terminology/coding availability,METHODS_META_RESEARCH,SERVICE_REFERRAL_ASCERTAINMENT,NEGATIVE_POSITIVE_CONTROLS;PLACEBO_FALSIFICATION;UNMEASURED_CONFOUNDING_SENSITIVITY;DAG_MODEL_CRITICISM,Time-varying,coding system,PROVENANCE_VERIFIED;TIMING_RELATIVE_TO_TIME_ZERO;SENSITIVE_DATA_GOVERNANCE,Temporal precedence or association alone does not establish causation
SEL-026,"Selection, disclosure and reverse-causation falsifiers",Clinician documentation propensity,METHODS_META_RESEARCH,SERVICE_REFERRAL_ASCERTAINMENT,NEGATIVE_POSITIVE_CONTROLS;PLACEBO_FALSIFICATION;UNMEASURED_CONFOUNDING_SENSITIVITY;DAG_MODEL_CRITICISM,Time-varying,EHR audit,PROVENANCE_VERIFIED;TIMING_RELATIVE_TO_TIME_ZERO;SENSITIVE_DATA_GOVERNANCE,Temporal precedence or association alone does not establish causation
SEL-027,"Selection, disclosure and reverse-causation falsifiers",School/family awareness before formal disclosure,METHODS_META_RESEARCH,SERVICE_REFERRAL_ASCERTAINMENT,NEGATIVE_POSITIVE_CONTROLS;PLACEBO_FALSIFICATION;UNMEASURED_CONFOUNDING_SENSITIVITY;DAG_MODEL_CRITICISM,Historical,participant/family with separate authority,PROVENANCE_VERIFIED;TIMING_RELATIVE_TO_TIME_ZERO;SENSITIVE_DATA_GOVERNANCE,Temporal precedence or association alone does not establish causation
SEL-028,"Selection, disclosure and reverse-causation falsifiers",Pre-existing psychiatric symptom onset relative to exposure,METHODS_META_RESEARCH,SERVICE_REFERRAL_ASCERTAINMENT,NEGATIVE_POSITIVE_CONTROLS;PLACEBO_FALSIFICATION;UNMEASURED_CONFOUNDING_SENSITIVITY;DAG_MODEL_CRITICISM,Pre-exposure,EHR / validated assessment,PROVENANCE_VERIFIED;TIMING_RELATIVE_TO_TIME_ZERO;SENSITIVE_DATA_GOVERNANCE,Temporal precedence or association alone does not establish causation
SEL-029,"Selection, disclosure and reverse-causation falsifiers",Pre-existing body-image/puberty distress onset relative to exposure,METHODS_META_RESEARCH,SERVICE_REFERRAL_ASCERTAINMENT,NEGATIVE_POSITIVE_CONTROLS;PLACEBO_FALSIFICATION;UNMEASURED_CONFOUNDING_SENSITIVITY;DAG_MODEL_CRITICISM,Pre-exposure,clinical/participant,PROVENANCE_VERIFIED;TIMING_RELATIVE_TO_TIME_ZERO;SENSITIVE_DATA_GOVERNANCE,Temporal precedence or association alone does not establish causation
SEL-030,"Selection, disclosure and reverse-causation falsifiers",Pre-existing trauma-related symptom onset relative to exposure,METHODS_META_RESEARCH,SERVICE_REFERRAL_ASCERTAINMENT,NEGATIVE_POSITIVE_CONTROLS;PLACEBO_FALSIFICATION;UNMEASURED_CONFOUNDING_SENSITIVITY;DAG_MODEL_CRITICISM,Pre-exposure,clinical/participant,PROVENANCE_VERIFIED;TIMING_RELATIVE_TO_TIME_ZERO;SENSITIVE_DATA_GOVERNANCE,Temporal precedence or association alone does not establish causation
SEL-031,"Selection, disclosure and reverse-causation falsifiers",Relocation / school change / peer-network disruption,METHODS_META_RESEARCH,SERVICE_REFERRAL_ASCERTAINMENT,NEGATIVE_POSITIVE_CONTROLS;PLACEBO_FALSIFICATION;UNMEASURED_CONFOUNDING_SENSITIVITY;DAG_MODEL_CRITICISM,Repeated,participant/EHR,PROVENANCE_VERIFIED;TIMING_RELATIVE_TO_TIME_ZERO;LONGITUDINAL_MEASUREMENT_CONSISTENCY;SENSITIVE_DATA_GOVERNANCE,Temporal precedence or association alone does not establish causation
SEL-032,"Selection, disclosure and reverse-causation falsifiers",Policy/media shock exposure date relative to individual trajectory,METHODS_META_RESEARCH,SERVICE_REFERRAL_ASCERTAINMENT,NEGATIVE_POSITIVE_CONTROLS;PLACEBO_FALSIFICATION;UNMEASURED_CONFOUNDING_SENSITIVITY;DAG_MODEL_CRITICISM,Repeated,public corpus + participant,PROVENANCE_VERIFIED;TIMING_RELATIVE_TO_TIME_ZERO;LONGITUDINAL_MEASUREMENT_CONSISTENCY;SENSITIVE_DATA_GOVERNANCE,Temporal precedence or association alone does not establish causation
SEL-033,"Selection, disclosure and reverse-causation falsifiers",Negative-control content exposure,METHODS_META_RESEARCH,SERVICE_REFERRAL_ASCERTAINMENT,NEGATIVE_POSITIVE_CONTROLS;PLACEBO_FALSIFICATION;UNMEASURED_CONFOUNDING_SENSITIVITY;DAG_MODEL_CRITICISM,Repeated,platform data,PROVENANCE_VERIFIED;TIMING_RELATIVE_TO_TIME_ZERO;LONGITUDINAL_MEASUREMENT_CONSISTENCY;SENSITIVE_DATA_GOVERNANCE,Temporal precedence or association alone does not establish causation
SEL-034,"Selection, disclosure and reverse-causation falsifiers",Negative-control outcome unrelated to hypothesised mechanism,METHODS_META_RESEARCH,SERVICE_REFERRAL_ASCERTAINMENT,NEGATIVE_POSITIVE_CONTROLS;PLACEBO_FALSIFICATION;UNMEASURED_CONFOUNDING_SENSITIVITY;DAG_MODEL_CRITICISM,Follow-up,EHR/study,PROVENANCE_VERIFIED;TIMING_RELATIVE_TO_TIME_ZERO;SENSITIVE_DATA_GOVERNANCE,Temporal precedence or association alone does not establish causation
SEL-035,"Selection, disclosure and reverse-causation falsifiers",Pre-exposure preference for particular clinical interpretation or treatment,METHODS_META_RESEARCH,SERVICE_REFERRAL_ASCERTAINMENT,NEGATIVE_POSITIVE_CONTROLS;PLACEBO_FALSIFICATION;UNMEASURED_CONFOUNDING_SENSITIVITY;DAG_MODEL_CRITICISM,Baseline,participant,PROVENANCE_VERIFIED;TIMING_RELATIVE_TO_TIME_ZERO;VALIDATED_MEASUREMENT_OR_MEASUREMENT_MODEL;SENSITIVE_DATA_GOVERNANCE,Temporal precedence or association alone does not establish causation
SEL-036,"Selection, disclosure and reverse-causation falsifiers",Time-varying probability of algorithmic recommendation conditional on prior searches,METHODS_META_RESEARCH,SERVICE_REFERRAL_ASCERTAINMENT,NEGATIVE_POSITIVE_CONTROLS;PLACEBO_FALSIFICATION;UNMEASURED_CONFOUNDING_SENSITIVITY;DAG_MODEL_CRITICISM,Repeated,platform data,PROVENANCE_VERIFIED;TIMING_RELATIVE_TO_TIME_ZERO;LONGITUDINAL_MEASUREMENT_CONSISTENCY;SENSITIVE_DATA_GOVERNANCE,Temporal precedence or association alone does not establish causation
