variable_id,domain,canonical_name,candidate_causal_role,measurement_type,unit_or_encoding,temporal_anchor,preferred_source,candidate_primary_source_ids,candidate_secondary_source_ids,access_classes,privacy_class,participant_consent_rule,minimum_quality_gate,missingness_rule,linkage_rule,provenance_required,inference_boundary,acquisition_status
BIO-001,Biological/physical,Age at index presentation,Confounder/Moderator,TEMPORAL_NUMERIC,years,Baseline,EHR / participant,DS004;DS018;DS020,DS007;DS008,MIXED_ACCESS;RESTRICTED_COHORT;RESTRICTED_TRE,PERSON_LEVEL_SENSITIVE,YES_IF_PRIMARY_PARTICIPANT_DATA,Exact field/instrument verified; definition versioned; time coverage confirmed; missingness quantified; construct validity assessed,Do not code unavailable as absent; preserve UNKNOWN/NOT_MEASURED; predefine imputation/sensitivity in SAP,Use approved pseudonymous keys in TRE where applicable; never use direct identifiers in analysis layer,source_id; dataset/version; field name; collection date; transformation; codebook citation; hash/query,Not evidence of causation by itself,UNVERIFIED_FIELD_AVAILABILITY
BIO-002,Biological/physical,Sex recorded at birth,Moderator,CATEGORICAL_OR_CODED,categorical,Baseline,birth/EHR record,DS004;DS018;DS020,DS007;DS008,MIXED_ACCESS;RESTRICTED_COHORT;RESTRICTED_TRE,PERSON_LEVEL_SENSITIVE,NO_IF_VALID_SECONDARY_LEGAL_GATEWAY,Exact field/instrument verified; definition versioned; time coverage confirmed; missingness quantified; construct validity assessed,Do not code unavailable as absent; preserve UNKNOWN/NOT_MEASURED; predefine imputation/sensitivity in SAP,Use approved pseudonymous keys in TRE where applicable; never use direct identifiers in analysis layer,source_id; dataset/version; field name; collection date; transformation; codebook citation; hash/query,Not evidence of causation by itself,UNVERIFIED_FIELD_AVAILABILITY
BIO-003,Biological/physical,Pubertal stage,Exposure/Moderator,TEMPORAL_NUMERIC,Tanner/clinical stage,Repeated,paediatric/endocrine record,DS004;DS018;DS020,DS007;DS008,MIXED_ACCESS;RESTRICTED_COHORT;RESTRICTED_TRE,PERSON_LEVEL_SENSITIVE,NO_IF_VALID_SECONDARY_LEGAL_GATEWAY,Exact field/instrument verified; definition versioned; time coverage confirmed; missingness quantified; construct validity assessed,Do not code unavailable as absent; preserve UNKNOWN/NOT_MEASURED; predefine imputation/sensitivity in SAP,Use approved pseudonymous keys in TRE where applicable; never use direct identifiers in analysis layer,source_id; dataset/version; field name; collection date; transformation; codebook citation; hash/query,Not evidence of causation by itself,UNVERIFIED_FIELD_AVAILABILITY
BIO-004,Biological/physical,Age at puberty onset,Exposure/Moderator,TEMPORAL_NUMERIC,years,Historical,clinical/participant,DS004;DS018;DS020,DS007;DS008,MIXED_ACCESS;RESTRICTED_COHORT;RESTRICTED_TRE,PERSON_LEVEL_SENSITIVE,YES_IF_PRIMARY_PARTICIPANT_DATA,Exact field/instrument verified; definition versioned; time coverage confirmed; missingness quantified; construct validity assessed,Do not code unavailable as absent; preserve UNKNOWN/NOT_MEASURED; predefine imputation/sensitivity in SAP,Use approved pseudonymous keys in TRE where applicable; never use direct identifiers in analysis layer,source_id; dataset/version; field name; collection date; transformation; codebook citation; hash/query,Not evidence of causation by itself,UNVERIFIED_FIELD_AVAILABILITY
BIO-005,Biological/physical,Age at menarche where applicable,Exposure/Moderator,TEMPORAL_NUMERIC,years,Historical,clinical/participant,DS004;DS018;DS020,DS007;DS008,MIXED_ACCESS;RESTRICTED_COHORT;RESTRICTED_TRE,PERSON_LEVEL_SENSITIVE,YES_IF_PRIMARY_PARTICIPANT_DATA,Exact field/instrument verified; definition versioned; time coverage confirmed; missingness quantified; construct validity assessed,Do not code unavailable as absent; preserve UNKNOWN/NOT_MEASURED; predefine imputation/sensitivity in SAP,Use approved pseudonymous keys in TRE where applicable; never use direct identifiers in analysis layer,source_id; dataset/version; field name; collection date; transformation; codebook citation; hash/query,Not evidence of causation by itself,UNVERIFIED_FIELD_AVAILABILITY
BIO-006,Biological/physical,Secondary sex-characteristic development timing,Exposure/Moderator,TEMPORAL_NUMERIC,age/date,Historical,clinical/participant,DS004;DS018;DS020,DS007;DS008,MIXED_ACCESS;RESTRICTED_COHORT;RESTRICTED_TRE,PERSON_LEVEL_SENSITIVE,YES_IF_PRIMARY_PARTICIPANT_DATA,Exact field/instrument verified; definition versioned; time coverage confirmed; missingness quantified; construct validity assessed,Do not code unavailable as absent; preserve UNKNOWN/NOT_MEASURED; predefine imputation/sensitivity in SAP,Use approved pseudonymous keys in TRE where applicable; never use direct identifiers in analysis layer,source_id; dataset/version; field name; collection date; transformation; codebook citation; hash/query,Not evidence of causation by itself,UNVERIFIED_FIELD_AVAILABILITY
BIO-007,Biological/physical,Differences of sex development diagnosis,Confounder/Moderator,CATEGORICAL_OR_CODED,coded diagnosis,Baseline,specialist record,DS004;DS018;DS020,DS007;DS008,MIXED_ACCESS;RESTRICTED_COHORT;RESTRICTED_TRE,PERSON_LEVEL_SENSITIVE,NO_IF_VALID_SECONDARY_LEGAL_GATEWAY,Exact field/instrument verified; definition versioned; time coverage confirmed; missingness quantified; construct validity assessed,Do not code unavailable as absent; preserve UNKNOWN/NOT_MEASURED; predefine imputation/sensitivity in SAP,Use approved pseudonymous keys in TRE where applicable; never use direct identifiers in analysis layer,source_id; dataset/version; field name; collection date; transformation; codebook citation; hash/query,Not evidence of causation by itself,UNVERIFIED_FIELD_AVAILABILITY
BIO-008,Biological/physical,Endocrine disorder history,Confounder,CATEGORICAL_OR_CODED,coded diagnosis,Baseline,EHR,DS004;DS018;DS020,DS007;DS008,MIXED_ACCESS;RESTRICTED_COHORT;RESTRICTED_TRE,PERSON_LEVEL_SENSITIVE,NO_IF_VALID_SECONDARY_LEGAL_GATEWAY,Exact field/instrument verified; definition versioned; time coverage confirmed; missingness quantified; construct validity assessed,Do not code unavailable as absent; preserve UNKNOWN/NOT_MEASURED; predefine imputation/sensitivity in SAP,Use approved pseudonymous keys in TRE where applicable; never use direct identifiers in analysis layer,source_id; dataset/version; field name; collection date; transformation; codebook citation; hash/query,Not evidence of causation by itself,UNVERIFIED_FIELD_AVAILABILITY
BIO-009,Biological/physical,Thyroid function trajectory,Confounder/Outcome,MIXED_OR_SOURCE_SPECIFIC,TSH/T4,Repeated,laboratory,DS004;DS018;DS020,DS007;DS008,MIXED_ACCESS;RESTRICTED_COHORT;RESTRICTED_TRE,PERSON_LEVEL_SENSITIVE,NO_IF_VALID_SECONDARY_LEGAL_GATEWAY,Exact field/instrument verified; definition versioned; time coverage confirmed; missingness quantified; construct validity assessed,Do not code unavailable as absent; preserve UNKNOWN/NOT_MEASURED; predefine imputation/sensitivity in SAP,Use approved pseudonymous keys in TRE where applicable; never use direct identifiers in analysis layer,source_id; dataset/version; field name; collection date; transformation; codebook citation; hash/query,Not evidence of causation by itself,UNVERIFIED_FIELD_AVAILABILITY
BIO-010,Biological/physical,Sex-steroid laboratory values where clinically obtained,Exposure/Moderator,MIXED_OR_SOURCE_SPECIFIC,lab values,Repeated,laboratory,DS004;DS018;DS020,DS007;DS008,MIXED_ACCESS;RESTRICTED_COHORT;RESTRICTED_TRE,PERSON_LEVEL_SENSITIVE,NO_IF_VALID_SECONDARY_LEGAL_GATEWAY,Exact field/instrument verified; definition versioned; time coverage confirmed; missingness quantified; construct validity assessed,Do not code unavailable as absent; preserve UNKNOWN/NOT_MEASURED; predefine imputation/sensitivity in SAP,Use approved pseudonymous keys in TRE where applicable; never use direct identifiers in analysis layer,source_id; dataset/version; field name; collection date; transformation; codebook citation; hash/query,Not evidence of causation by itself,UNVERIFIED_FIELD_AVAILABILITY
BIO-011,Biological/physical,BMI/weight trajectory,Confounder/Outcome,MIXED_OR_SOURCE_SPECIFIC,kg/m2 / kg,Repeated,EHR,DS004;DS018;DS020,DS007;DS008,MIXED_ACCESS;RESTRICTED_COHORT;RESTRICTED_TRE,PERSON_LEVEL_SENSITIVE,NO_IF_VALID_SECONDARY_LEGAL_GATEWAY,Exact field/instrument verified; definition versioned; time coverage confirmed; missingness quantified; construct validity assessed,Do not code unavailable as absent; preserve UNKNOWN/NOT_MEASURED; predefine imputation/sensitivity in SAP,Use approved pseudonymous keys in TRE where applicable; never use direct identifiers in analysis layer,source_id; dataset/version; field name; collection date; transformation; codebook citation; hash/query,Not evidence of causation by itself,UNVERIFIED_FIELD_AVAILABILITY
BIO-012,Biological/physical,Chronic physical illness burden,Confounder,NUMERIC_OR_SCALE,count/conditions,Repeated,EHR,DS004;DS018;DS020,DS007;DS008,MIXED_ACCESS;RESTRICTED_COHORT;RESTRICTED_TRE,PERSON_LEVEL_SENSITIVE,NO_IF_VALID_SECONDARY_LEGAL_GATEWAY,Exact field/instrument verified; definition versioned; time coverage confirmed; missingness quantified; construct validity assessed,Do not code unavailable as absent; preserve UNKNOWN/NOT_MEASURED; predefine imputation/sensitivity in SAP,Use approved pseudonymous keys in TRE where applicable; never use direct identifiers in analysis layer,source_id; dataset/version; field name; collection date; transformation; codebook citation; hash/query,Not evidence of causation by itself,UNVERIFIED_FIELD_AVAILABILITY
BIO-013,Biological/physical,Disability/functional limitation,Confounder/Outcome,TEMPORAL_NUMERIC,validated/function,Repeated,EHR/PRO,DS004;DS018;DS020,DS007;DS008,MIXED_ACCESS;RESTRICTED_COHORT;RESTRICTED_TRE,PERSON_LEVEL_SENSITIVE,NO_IF_VALID_SECONDARY_LEGAL_GATEWAY,Exact field/instrument verified; definition versioned; time coverage confirmed; missingness quantified; construct validity assessed,Do not code unavailable as absent; preserve UNKNOWN/NOT_MEASURED; predefine imputation/sensitivity in SAP,Use approved pseudonymous keys in TRE where applicable; never use direct identifiers in analysis layer,source_id; dataset/version; field name; collection date; transformation; codebook citation; hash/query,Not evidence of causation by itself,UNVERIFIED_FIELD_AVAILABILITY
BIO-014,Biological/physical,Pain burden,Confounder/Outcome,TEMPORAL_NUMERIC,validated scale,Repeated,EHR/PRO,DS004;DS018;DS020,DS007;DS008,MIXED_ACCESS;RESTRICTED_COHORT;RESTRICTED_TRE,PERSON_LEVEL_SENSITIVE,NO_IF_VALID_SECONDARY_LEGAL_GATEWAY,Exact field/instrument verified; definition versioned; time coverage confirmed; missingness quantified; construct validity assessed,Do not code unavailable as absent; preserve UNKNOWN/NOT_MEASURED; predefine imputation/sensitivity in SAP,Use approved pseudonymous keys in TRE where applicable; never use direct identifiers in analysis layer,source_id; dataset/version; field name; collection date; transformation; codebook citation; hash/query,Not evidence of causation by itself,UNVERIFIED_FIELD_AVAILABILITY
BIO-015,Biological/physical,Sleep duration/quality,Confounder/Outcome,TEMPORAL_NUMERIC,hours/scale,Repeated,device/PRO,DS004;DS018;DS020,DS007;DS008,MIXED_ACCESS;RESTRICTED_COHORT;RESTRICTED_TRE,PERSON_LEVEL_SENSITIVE,NO_IF_VALID_SECONDARY_LEGAL_GATEWAY,Exact field/instrument verified; definition versioned; time coverage confirmed; missingness quantified; construct validity assessed,Do not code unavailable as absent; preserve UNKNOWN/NOT_MEASURED; predefine imputation/sensitivity in SAP,Use approved pseudonymous keys in TRE where applicable; never use direct identifiers in analysis layer,source_id; dataset/version; field name; collection date; transformation; codebook citation; hash/query,Not evidence of causation by itself,UNVERIFIED_FIELD_AVAILABILITY
BIO-016,Biological/physical,Physical activity,Confounder/Outcome,MIXED_OR_SOURCE_SPECIFIC,minutes/week,Repeated,device/PRO,DS004;DS018;DS020,DS007;DS008,MIXED_ACCESS;RESTRICTED_COHORT;RESTRICTED_TRE,PERSON_LEVEL_SENSITIVE,NO_IF_VALID_SECONDARY_LEGAL_GATEWAY,Exact field/instrument verified; definition versioned; time coverage confirmed; missingness quantified; construct validity assessed,Do not code unavailable as absent; preserve UNKNOWN/NOT_MEASURED; predefine imputation/sensitivity in SAP,Use approved pseudonymous keys in TRE where applicable; never use direct identifiers in analysis layer,source_id; dataset/version; field name; collection date; transformation; codebook citation; hash/query,Not evidence of causation by itself,UNVERIFIED_FIELD_AVAILABILITY
BIO-017,Biological/physical,Substance use exposure,Confounder/Outcome,NUMERIC_OR_SCALE,frequency,Repeated,EHR/PRO,DS004;DS018;DS020,DS007;DS008,MIXED_ACCESS;RESTRICTED_COHORT;RESTRICTED_TRE,PERSON_LEVEL_SENSITIVE,NO_IF_VALID_SECONDARY_LEGAL_GATEWAY,Exact field/instrument verified; definition versioned; time coverage confirmed; missingness quantified; construct validity assessed,Do not code unavailable as absent; preserve UNKNOWN/NOT_MEASURED; predefine imputation/sensitivity in SAP,Use approved pseudonymous keys in TRE where applicable; never use direct identifiers in analysis layer,source_id; dataset/version; field name; collection date; transformation; codebook citation; hash/query,Not evidence of causation by itself,UNVERIFIED_FIELD_AVAILABILITY
BIO-018,Biological/physical,Medication affecting endocrine/psychiatric state,Confounder/Exposure,NUMERIC_OR_SCALE,dm+d drug/dose,Repeated,EHR,DS004;DS018;DS020,DS007;DS008,MIXED_ACCESS;RESTRICTED_COHORT;RESTRICTED_TRE,PERSON_LEVEL_SENSITIVE,NO_IF_VALID_SECONDARY_LEGAL_GATEWAY,Exact field/instrument verified; definition versioned; time coverage confirmed; missingness quantified; construct validity assessed,Do not code unavailable as absent; preserve UNKNOWN/NOT_MEASURED; predefine imputation/sensitivity in SAP,Use approved pseudonymous keys in TRE where applicable; never use direct identifiers in analysis layer,source_id; dataset/version; field name; collection date; transformation; codebook citation; hash/query,Not evidence of causation by itself,UNVERIFIED_FIELD_AVAILABILITY
GEN-001,Genomic/family biology,Genomic ancestry principal components,Moderator,NUMERIC_OR_SCALE,continuous,Baseline,genomic pipeline,DS009;DS008,DS007;DS020,RESTRICTED_COHORT;RESTRICTED_TRE,SPECIAL_CATEGORY_OR_HIGH_SENSITIVITY,NO_IF_VALID_SECONDARY_LEGAL_GATEWAY,Exact field/instrument verified; definition versioned; time coverage confirmed; missingness quantified; construct validity assessed,Do not code unavailable as absent; preserve UNKNOWN/NOT_MEASURED; predefine imputation/sensitivity in SAP,Use approved pseudonymous keys in TRE where applicable; never use direct identifiers in analysis layer,source_id; dataset/version; field name; collection date; transformation; codebook citation; hash/query,Not evidence of causation by itself,UNVERIFIED_FIELD_AVAILABILITY
GEN-002,Genomic/family biology,Genome build and sequencing method,Measurement artifact,MIXED_OR_SOURCE_SPECIFIC,metadata,Baseline,laboratory,DS009;DS008,DS007;DS020,RESTRICTED_COHORT;RESTRICTED_TRE,SPECIAL_CATEGORY_OR_HIGH_SENSITIVITY,NO_IF_VALID_SECONDARY_LEGAL_GATEWAY,Exact field/instrument verified; definition versioned; time coverage confirmed; missingness quantified; construct validity assessed,Do not code unavailable as absent; preserve UNKNOWN/NOT_MEASURED; predefine imputation/sensitivity in SAP,Use approved pseudonymous keys in TRE where applicable; never use direct identifiers in analysis layer,source_id; dataset/version; field name; collection date; transformation; codebook citation; hash/query,Not evidence of causation by itself,UNVERIFIED_FIELD_AVAILABILITY
GEN-003,Genomic/family biology,Sequence quality metrics,Measurement artifact,MIXED_OR_SOURCE_SPECIFIC,QC metrics,Baseline,laboratory,DS009;DS008,DS007;DS020,RESTRICTED_COHORT;RESTRICTED_TRE,SPECIAL_CATEGORY_OR_HIGH_SENSITIVITY,NO_IF_VALID_SECONDARY_LEGAL_GATEWAY,Exact field/instrument verified; definition versioned; time coverage confirmed; missingness quantified; construct validity assessed,Do not code unavailable as absent; preserve UNKNOWN/NOT_MEASURED; predefine imputation/sensitivity in SAP,Use approved pseudonymous keys in TRE where applicable; never use direct identifiers in analysis layer,source_id; dataset/version; field name; collection date; transformation; codebook citation; hash/query,Not evidence of causation by itself,UNVERIFIED_FIELD_AVAILABILITY
GEN-004,Genomic/family biology,Established pathogenic variants relevant to independent diagnoses,Confounder/Moderator,MIXED_OR_SOURCE_SPECIFIC,variant classification,Baseline,clinical genomics,DS009;DS008,DS007;DS020,RESTRICTED_COHORT;RESTRICTED_TRE,SPECIAL_CATEGORY_OR_HIGH_SENSITIVITY,NO_IF_VALID_SECONDARY_LEGAL_GATEWAY,Exact field/instrument verified; definition versioned; time coverage confirmed; missingness quantified; construct validity assessed,Do not code unavailable as absent; preserve UNKNOWN/NOT_MEASURED; predefine imputation/sensitivity in SAP,Use approved pseudonymous keys in TRE where applicable; never use direct identifiers in analysis layer,source_id; dataset/version; field name; collection date; transformation; codebook citation; hash/query,Not evidence of causation by itself,UNVERIFIED_FIELD_AVAILABILITY
GEN-005,Genomic/family biology,Neurodevelopmental genetic diagnosis,Confounder/Moderator,CATEGORICAL_OR_CODED,diagnosis,Baseline,clinical genomics,DS009;DS008,DS007;DS020,RESTRICTED_COHORT;RESTRICTED_TRE,SPECIAL_CATEGORY_OR_HIGH_SENSITIVITY,NO_IF_VALID_SECONDARY_LEGAL_GATEWAY,Exact field/instrument verified; definition versioned; time coverage confirmed; missingness quantified; construct validity assessed,Do not code unavailable as absent; preserve UNKNOWN/NOT_MEASURED; predefine imputation/sensitivity in SAP,Use approved pseudonymous keys in TRE where applicable; never use direct identifiers in analysis layer,source_id; dataset/version; field name; collection date; transformation; codebook citation; hash/query,Not evidence of causation by itself,UNVERIFIED_FIELD_AVAILABILITY
GEN-006,Genomic/family biology,Family psychiatric history,Confounder,MIXED_OR_SOURCE_SPECIFIC,family-history matrix,Baseline,participant/EHR,DS009;DS008,DS007;DS020,RESTRICTED_COHORT;RESTRICTED_TRE,SPECIAL_CATEGORY_OR_HIGH_SENSITIVITY,YES_IF_PRIMARY_PARTICIPANT_DATA,Exact field/instrument verified; definition versioned; time coverage confirmed; missingness quantified; construct validity assessed,Do not code unavailable as absent; preserve UNKNOWN/NOT_MEASURED; predefine imputation/sensitivity in SAP,Use approved pseudonymous keys in TRE where applicable; never use direct identifiers in analysis layer,source_id; dataset/version; field name; collection date; transformation; codebook citation; hash/query,Not evidence of causation by itself,UNVERIFIED_FIELD_AVAILABILITY
GEN-007,Genomic/family biology,Family neurodevelopmental history,Confounder,MIXED_OR_SOURCE_SPECIFIC,family-history matrix,Baseline,participant/EHR,DS009;DS008,DS007;DS020,RESTRICTED_COHORT;RESTRICTED_TRE,SPECIAL_CATEGORY_OR_HIGH_SENSITIVITY,YES_IF_PRIMARY_PARTICIPANT_DATA,Exact field/instrument verified; definition versioned; time coverage confirmed; missingness quantified; construct validity assessed,Do not code unavailable as absent; preserve UNKNOWN/NOT_MEASURED; predefine imputation/sensitivity in SAP,Use approved pseudonymous keys in TRE where applicable; never use direct identifiers in analysis layer,source_id; dataset/version; field name; collection date; transformation; codebook citation; hash/query,Not evidence of causation by itself,UNVERIFIED_FIELD_AVAILABILITY
GEN-008,Genomic/family biology,Family gender-diversity history,Exploratory exposure,MIXED_OR_SOURCE_SPECIFIC,family-history matrix,Baseline,participant,DS009;DS008,DS007;DS020,RESTRICTED_COHORT;RESTRICTED_TRE,SPECIAL_CATEGORY_OR_HIGH_SENSITIVITY,YES_IF_PRIMARY_PARTICIPANT_DATA,Exact field/instrument verified; definition versioned; time coverage confirmed; missingness quantified; construct validity assessed,Do not code unavailable as absent; preserve UNKNOWN/NOT_MEASURED; predefine imputation/sensitivity in SAP,Use approved pseudonymous keys in TRE where applicable; never use direct identifiers in analysis layer,source_id; dataset/version; field name; collection date; transformation; codebook citation; hash/query,Not evidence of causation by itself,UNVERIFIED_FIELD_AVAILABILITY
GEN-009,Genomic/family biology,Twin/sibling relationship structure,Design variable,MIXED_OR_SOURCE_SPECIFIC,kinship,Baseline,participant/genomics,DS009;DS008,DS007;DS020,RESTRICTED_COHORT;RESTRICTED_TRE,SPECIAL_CATEGORY_OR_HIGH_SENSITIVITY,YES_IF_PRIMARY_PARTICIPANT_DATA,Exact field/instrument verified; definition versioned; time coverage confirmed; missingness quantified; construct validity assessed,Do not code unavailable as absent; preserve UNKNOWN/NOT_MEASURED; predefine imputation/sensitivity in SAP,Use approved pseudonymous keys in TRE where applicable; never use direct identifiers in analysis layer,source_id; dataset/version; field name; collection date; transformation; codebook citation; hash/query,Not evidence of causation by itself,UNVERIFIED_FIELD_AVAILABILITY
GEN-010,Genomic/family biology,Parent-child inheritance status of clinically relevant variants,Moderator,MIXED_OR_SOURCE_SPECIFIC,inherited/de novo,Baseline,clinical genomics,DS009;DS008,DS007;DS020,RESTRICTED_COHORT;RESTRICTED_TRE,SPECIAL_CATEGORY_OR_HIGH_SENSITIVITY,NO_IF_VALID_SECONDARY_LEGAL_GATEWAY,Exact field/instrument verified; definition versioned; time coverage confirmed; missingness quantified; construct validity assessed,Do not code unavailable as absent; preserve UNKNOWN/NOT_MEASURED; predefine imputation/sensitivity in SAP,Use approved pseudonymous keys in TRE where applicable; never use direct identifiers in analysis layer,source_id; dataset/version; field name; collection date; transformation; codebook citation; hash/query,Not evidence of causation by itself,UNVERIFIED_FIELD_AVAILABILITY
GEN-011,Genomic/family biology,Polygenic score research metadata,Exploratory moderator,NUMERIC_OR_SCALE,score/version,Baseline,research genomics,DS009;DS008,DS007;DS020,RESTRICTED_COHORT;RESTRICTED_TRE,SPECIAL_CATEGORY_OR_HIGH_SENSITIVITY,NO_IF_VALID_SECONDARY_LEGAL_GATEWAY,Exact field/instrument verified; definition versioned; time coverage confirmed; missingness quantified; construct validity assessed,Do not code unavailable as absent; preserve UNKNOWN/NOT_MEASURED; predefine imputation/sensitivity in SAP,Use approved pseudonymous keys in TRE where applicable; never use direct identifiers in analysis layer,source_id; dataset/version; field name; collection date; transformation; codebook citation; hash/query,Not evidence of causation by itself,UNVERIFIED_FIELD_AVAILABILITY
GEN-012,Genomic/family biology,Gene-environment interaction candidate,Exploratory moderator,TEMPORAL_NUMERIC,model term,Analysis,derived,DS009;DS008,DS007;DS020,RESTRICTED_COHORT;RESTRICTED_TRE,SPECIAL_CATEGORY_OR_HIGH_SENSITIVITY,NO_IF_VALID_SECONDARY_LEGAL_GATEWAY,Exact field/instrument verified; definition versioned; time coverage confirmed; missingness quantified; construct validity assessed,Do not code unavailable as absent; preserve UNKNOWN/NOT_MEASURED; predefine imputation/sensitivity in SAP,Use approved pseudonymous keys in TRE where applicable; never use direct identifiers in analysis layer,source_id; dataset/version; field name; collection date; transformation; codebook citation; hash/query,Not evidence of causation by itself,UNVERIFIED_FIELD_AVAILABILITY
DEV-001,Developmental,Early temperament,Confounder/Moderator,TEMPORAL_NUMERIC,validated/historical,Historical,parent/participant,DS018;DS020;DS021,DS004;DS019,MIXED_ACCESS;RESTRICTED_COHORT;RESTRICTED_TRE,PERSON_LEVEL_SENSITIVE,YES_IF_PRIMARY_PARTICIPANT_DATA,Exact field/instrument verified; definition versioned; time coverage confirmed; missingness quantified; construct validity assessed,Do not code unavailable as absent; preserve UNKNOWN/NOT_MEASURED; predefine imputation/sensitivity in SAP,Use approved pseudonymous keys in TRE where applicable; never use direct identifiers in analysis layer,source_id; dataset/version; field name; collection date; transformation; codebook citation; hash/query,Not evidence of causation by itself,UNVERIFIED_FIELD_AVAILABILITY
DEV-002,Developmental,Language developmental milestones,Confounder,TEMPORAL_NUMERIC,age milestones,Historical,paediatric record,DS018;DS020;DS021,DS004;DS019,MIXED_ACCESS;RESTRICTED_COHORT;RESTRICTED_TRE,PERSON_LEVEL_SENSITIVE,NO_IF_VALID_SECONDARY_LEGAL_GATEWAY,Exact field/instrument verified; definition versioned; time coverage confirmed; missingness quantified; construct validity assessed,Do not code unavailable as absent; preserve UNKNOWN/NOT_MEASURED; predefine imputation/sensitivity in SAP,Use approved pseudonymous keys in TRE where applicable; never use direct identifiers in analysis layer,source_id; dataset/version; field name; collection date; transformation; codebook citation; hash/query,Not evidence of causation by itself,UNVERIFIED_FIELD_AVAILABILITY
DEV-003,Developmental,Social developmental milestones,Confounder,TEMPORAL_NUMERIC,age milestones,Historical,paediatric record,DS018;DS020;DS021,DS004;DS019,MIXED_ACCESS;RESTRICTED_COHORT;RESTRICTED_TRE,PERSON_LEVEL_SENSITIVE,NO_IF_VALID_SECONDARY_LEGAL_GATEWAY,Exact field/instrument verified; definition versioned; time coverage confirmed; missingness quantified; construct validity assessed,Do not code unavailable as absent; preserve UNKNOWN/NOT_MEASURED; predefine imputation/sensitivity in SAP,Use approved pseudonymous keys in TRE where applicable; never use direct identifiers in analysis layer,source_id; dataset/version; field name; collection date; transformation; codebook citation; hash/query,Not evidence of causation by itself,UNVERIFIED_FIELD_AVAILABILITY
DEV-004,Developmental,Early gender-related behaviours,Exposure/Phenotype,MIXED_OR_SOURCE_SPECIFIC,structured history,Historical,participant/parent,DS018;DS020;DS021,DS004;DS019,MIXED_ACCESS;RESTRICTED_COHORT;RESTRICTED_TRE,PERSON_LEVEL_SENSITIVE,YES_IF_PRIMARY_PARTICIPANT_DATA,Exact field/instrument verified; definition versioned; time coverage confirmed; missingness quantified; construct validity assessed,Do not code unavailable as absent; preserve UNKNOWN/NOT_MEASURED; predefine imputation/sensitivity in SAP,Use approved pseudonymous keys in TRE where applicable; never use direct identifiers in analysis layer,source_id; dataset/version; field name; collection date; transformation; codebook citation; hash/query,Not evidence of causation by itself,UNVERIFIED_FIELD_AVAILABILITY
DEV-005,Developmental,Age at first gender-related distress,Outcome onset,TEMPORAL_NUMERIC,age/date,Historical,participant/EHR,DS018;DS020;DS021,DS004;DS019,MIXED_ACCESS;RESTRICTED_COHORT;RESTRICTED_TRE,PERSON_LEVEL_SENSITIVE,YES_IF_PRIMARY_PARTICIPANT_DATA,Exact field/instrument verified; definition versioned; time coverage confirmed; missingness quantified; construct validity assessed,Do not code unavailable as absent; preserve UNKNOWN/NOT_MEASURED; predefine imputation/sensitivity in SAP,Use approved pseudonymous keys in TRE where applicable; never use direct identifiers in analysis layer,source_id; dataset/version; field name; collection date; transformation; codebook citation; hash/query,Not evidence of causation by itself,UNVERIFIED_FIELD_AVAILABILITY
DEV-006,Developmental,Age at first body-related distress,Outcome onset,TEMPORAL_NUMERIC,age/date,Historical,participant/EHR,DS018;DS020;DS021,DS004;DS019,MIXED_ACCESS;RESTRICTED_COHORT;RESTRICTED_TRE,PERSON_LEVEL_SENSITIVE,YES_IF_PRIMARY_PARTICIPANT_DATA,Exact field/instrument verified; definition versioned; time coverage confirmed; missingness quantified; construct validity assessed,Do not code unavailable as absent; preserve UNKNOWN/NOT_MEASURED; predefine imputation/sensitivity in SAP,Use approved pseudonymous keys in TRE where applicable; never use direct identifiers in analysis layer,source_id; dataset/version; field name; collection date; transformation; codebook citation; hash/query,Not evidence of causation by itself,UNVERIFIED_FIELD_AVAILABILITY
DEV-007,Developmental,Age at first gender-related identity label,Outcome/process,TEMPORAL_NUMERIC,age/date,Historical,participant/digital,DS018;DS020;DS021,DS004;DS019,MIXED_ACCESS;RESTRICTED_COHORT;RESTRICTED_TRE,PERSON_LEVEL_SENSITIVE,YES_IF_PRIMARY_PARTICIPANT_DATA,Exact field/instrument verified; definition versioned; time coverage confirmed; missingness quantified; construct validity assessed,Do not code unavailable as absent; preserve UNKNOWN/NOT_MEASURED; predefine imputation/sensitivity in SAP,Use approved pseudonymous keys in TRE where applicable; never use direct identifiers in analysis layer,source_id; dataset/version; field name; collection date; transformation; codebook citation; hash/query,Not evidence of causation by itself,UNVERIFIED_FIELD_AVAILABILITY
DEV-008,Developmental,Age at first disclosure,Outcome/process,TEMPORAL_NUMERIC,age/date,Historical,participant/EHR,DS018;DS020;DS021,DS004;DS019,MIXED_ACCESS;RESTRICTED_COHORT;RESTRICTED_TRE,PERSON_LEVEL_SENSITIVE,YES_IF_PRIMARY_PARTICIPANT_DATA,Exact field/instrument verified; definition versioned; time coverage confirmed; missingness quantified; construct validity assessed,Do not code unavailable as absent; preserve UNKNOWN/NOT_MEASURED; predefine imputation/sensitivity in SAP,Use approved pseudonymous keys in TRE where applicable; never use direct identifiers in analysis layer,source_id; dataset/version; field name; collection date; transformation; codebook citation; hash/query,Not evidence of causation by itself,UNVERIFIED_FIELD_AVAILABILITY
DEV-009,Developmental,Puberty-to-distress interval,Derived exposure,MIXED_OR_SOURCE_SPECIFIC,months,Analysis,derived,DS018;DS020;DS021,DS004;DS019,MIXED_ACCESS;RESTRICTED_COHORT;RESTRICTED_TRE,PERSON_LEVEL_SENSITIVE,NO_IF_VALID_SECONDARY_LEGAL_GATEWAY,Exact field/instrument verified; definition versioned; time coverage confirmed; missingness quantified; construct validity assessed,Do not code unavailable as absent; preserve UNKNOWN/NOT_MEASURED; predefine imputation/sensitivity in SAP,Use approved pseudonymous keys in TRE where applicable; never use direct identifiers in analysis layer,source_id; dataset/version; field name; collection date; transformation; codebook citation; hash/query,Not evidence of causation by itself,UNVERIFIED_FIELD_AVAILABILITY
DEV-010,Developmental,School transition timing,Exposure,TEMPORAL_NUMERIC,date/event,Repeated,education record,DS018;DS020;DS021,DS004;DS019,MIXED_ACCESS;RESTRICTED_COHORT;RESTRICTED_TRE,PERSON_LEVEL_SENSITIVE,NO_IF_VALID_SECONDARY_LEGAL_GATEWAY,Exact field/instrument verified; definition versioned; time coverage confirmed; missingness quantified; construct validity assessed,Do not code unavailable as absent; preserve UNKNOWN/NOT_MEASURED; predefine imputation/sensitivity in SAP,Use approved pseudonymous keys in TRE where applicable; never use direct identifiers in analysis layer,source_id; dataset/version; field name; collection date; transformation; codebook citation; hash/query,Not evidence of causation by itself,UNVERIFIED_FIELD_AVAILABILITY
DEV-011,Developmental,Family transition timing,Exposure,TEMPORAL_NUMERIC,date/event,Repeated,participant,DS018;DS020;DS021,DS004;DS019,MIXED_ACCESS;RESTRICTED_COHORT;RESTRICTED_TRE,PERSON_LEVEL_SENSITIVE,YES_IF_PRIMARY_PARTICIPANT_DATA,Exact field/instrument verified; definition versioned; time coverage confirmed; missingness quantified; construct validity assessed,Do not code unavailable as absent; preserve UNKNOWN/NOT_MEASURED; predefine imputation/sensitivity in SAP,Use approved pseudonymous keys in TRE where applicable; never use direct identifiers in analysis layer,source_id; dataset/version; field name; collection date; transformation; codebook citation; hash/query,Not evidence of causation by itself,UNVERIFIED_FIELD_AVAILABILITY
DEV-012,Developmental,Major bereavement timing,Exposure,TEMPORAL_NUMERIC,date/event,Repeated,participant/EHR,DS018;DS020;DS021,DS004;DS019,MIXED_ACCESS;RESTRICTED_COHORT;RESTRICTED_TRE,PERSON_LEVEL_SENSITIVE,YES_IF_PRIMARY_PARTICIPANT_DATA,Exact field/instrument verified; definition versioned; time coverage confirmed; missingness quantified; construct validity assessed,Do not code unavailable as absent; preserve UNKNOWN/NOT_MEASURED; predefine imputation/sensitivity in SAP,Use approved pseudonymous keys in TRE where applicable; never use direct identifiers in analysis layer,source_id; dataset/version; field name; collection date; transformation; codebook citation; hash/query,Not evidence of causation by itself,UNVERIFIED_FIELD_AVAILABILITY
DEV-013,Developmental,Identity exploration breadth,Mediator/Outcome,NUMERIC_OR_SCALE,scale/categories,Repeated,PRO/digital,DS018;DS020;DS021,DS004;DS019,MIXED_ACCESS;RESTRICTED_COHORT;RESTRICTED_TRE,PERSON_LEVEL_SENSITIVE,NO_IF_VALID_SECONDARY_LEGAL_GATEWAY,Exact field/instrument verified; definition versioned; time coverage confirmed; missingness quantified; construct validity assessed,Do not code unavailable as absent; preserve UNKNOWN/NOT_MEASURED; predefine imputation/sensitivity in SAP,Use approved pseudonymous keys in TRE where applicable; never use direct identifiers in analysis layer,source_id; dataset/version; field name; collection date; transformation; codebook citation; hash/query,Not evidence of causation by itself,UNVERIFIED_FIELD_AVAILABILITY
DEV-014,Developmental,Self-concept clarity,Moderator/Outcome,TEMPORAL_NUMERIC,validated scale,Repeated,PRO,DS018;DS020;DS021,DS004;DS019,MIXED_ACCESS;RESTRICTED_COHORT;RESTRICTED_TRE,PERSON_LEVEL_SENSITIVE,NO_IF_VALID_SECONDARY_LEGAL_GATEWAY,Exact field/instrument verified; definition versioned; time coverage confirmed; missingness quantified; construct validity assessed,Do not code unavailable as absent; preserve UNKNOWN/NOT_MEASURED; predefine imputation/sensitivity in SAP,Use approved pseudonymous keys in TRE where applicable; never use direct identifiers in analysis layer,source_id; dataset/version; field name; collection date; transformation; codebook citation; hash/query,Not evidence of causation by itself,UNVERIFIED_FIELD_AVAILABILITY
ND-001,Neurodevelopmental,Autism diagnosis,Confounder/Moderator,TEMPORAL_NUMERIC,diagnosis/date,Baseline,EHR,DS003;DS004;DS018,DS020;DS021,MIXED_ACCESS;RESTRICTED_COHORT;RESTRICTED_TRE,PERSON_LEVEL_SENSITIVE,NO_IF_VALID_SECONDARY_LEGAL_GATEWAY,Exact field/instrument verified; definition versioned; time coverage confirmed; missingness quantified; construct validity assessed,Do not code unavailable as absent; preserve UNKNOWN/NOT_MEASURED; predefine imputation/sensitivity in SAP,Use approved pseudonymous keys in TRE where applicable; never use direct identifiers in analysis layer,source_id; dataset/version; field name; collection date; transformation; codebook citation; hash/query,Not evidence of causation by itself,UNVERIFIED_FIELD_AVAILABILITY
ND-002,Neurodevelopmental,Autism assessment instrument and score,Measurement,NUMERIC_OR_SCALE,score/version,Baseline,EHR,DS003;DS004;DS018,DS020;DS021,MIXED_ACCESS;RESTRICTED_COHORT;RESTRICTED_TRE,PERSON_LEVEL_SENSITIVE,NO_IF_VALID_SECONDARY_LEGAL_GATEWAY,Exact field/instrument verified; definition versioned; time coverage confirmed; missingness quantified; construct validity assessed,Do not code unavailable as absent; preserve UNKNOWN/NOT_MEASURED; predefine imputation/sensitivity in SAP,Use approved pseudonymous keys in TRE where applicable; never use direct identifiers in analysis layer,source_id; dataset/version; field name; collection date; transformation; codebook citation; hash/query,Not evidence of causation by itself,UNVERIFIED_FIELD_AVAILABILITY
ND-003,Neurodevelopmental,ADHD diagnosis,Confounder/Moderator,TEMPORAL_NUMERIC,diagnosis/date,Baseline,EHR,DS003;DS004;DS018,DS020;DS021,MIXED_ACCESS;RESTRICTED_COHORT;RESTRICTED_TRE,PERSON_LEVEL_SENSITIVE,NO_IF_VALID_SECONDARY_LEGAL_GATEWAY,Exact field/instrument verified; definition versioned; time coverage confirmed; missingness quantified; construct validity assessed,Do not code unavailable as absent; preserve UNKNOWN/NOT_MEASURED; predefine imputation/sensitivity in SAP,Use approved pseudonymous keys in TRE where applicable; never use direct identifiers in analysis layer,source_id; dataset/version; field name; collection date; transformation; codebook citation; hash/query,Not evidence of causation by itself,UNVERIFIED_FIELD_AVAILABILITY
ND-004,Neurodevelopmental,ADHD symptom severity,Confounder/Moderator,TEMPORAL_NUMERIC,validated scale,Repeated,EHR/PRO,DS003;DS004;DS018,DS020;DS021,MIXED_ACCESS;RESTRICTED_COHORT;RESTRICTED_TRE,PERSON_LEVEL_SENSITIVE,NO_IF_VALID_SECONDARY_LEGAL_GATEWAY,Exact field/instrument verified; definition versioned; time coverage confirmed; missingness quantified; construct validity assessed,Do not code unavailable as absent; preserve UNKNOWN/NOT_MEASURED; predefine imputation/sensitivity in SAP,Use approved pseudonymous keys in TRE where applicable; never use direct identifiers in analysis layer,source_id; dataset/version; field name; collection date; transformation; codebook citation; hash/query,Not evidence of causation by itself,UNVERIFIED_FIELD_AVAILABILITY
ND-005,Neurodevelopmental,Learning disability,Confounder,CATEGORICAL_OR_CODED,diagnosis,Baseline,EHR,DS003;DS004;DS018,DS020;DS021,MIXED_ACCESS;RESTRICTED_COHORT;RESTRICTED_TRE,PERSON_LEVEL_SENSITIVE,NO_IF_VALID_SECONDARY_LEGAL_GATEWAY,Exact field/instrument verified; definition versioned; time coverage confirmed; missingness quantified; construct validity assessed,Do not code unavailable as absent; preserve UNKNOWN/NOT_MEASURED; predefine imputation/sensitivity in SAP,Use approved pseudonymous keys in TRE where applicable; never use direct identifiers in analysis layer,source_id; dataset/version; field name; collection date; transformation; codebook citation; hash/query,Not evidence of causation by itself,UNVERIFIED_FIELD_AVAILABILITY
ND-006,Neurodevelopmental,Intellectual disability,Confounder,CATEGORICAL_OR_CODED,diagnosis/IQ,Baseline,EHR,DS003;DS004;DS018,DS020;DS021,MIXED_ACCESS;RESTRICTED_COHORT;RESTRICTED_TRE,PERSON_LEVEL_SENSITIVE,NO_IF_VALID_SECONDARY_LEGAL_GATEWAY,Exact field/instrument verified; definition versioned; time coverage confirmed; missingness quantified; construct validity assessed,Do not code unavailable as absent; preserve UNKNOWN/NOT_MEASURED; predefine imputation/sensitivity in SAP,Use approved pseudonymous keys in TRE where applicable; never use direct identifiers in analysis layer,source_id; dataset/version; field name; collection date; transformation; codebook citation; hash/query,Not evidence of causation by itself,UNVERIFIED_FIELD_AVAILABILITY
ND-007,Neurodevelopmental,Specific learning difficulty,Confounder,CATEGORICAL_OR_CODED,diagnosis,Baseline,EHR,DS003;DS004;DS018,DS020;DS021,MIXED_ACCESS;RESTRICTED_COHORT;RESTRICTED_TRE,PERSON_LEVEL_SENSITIVE,NO_IF_VALID_SECONDARY_LEGAL_GATEWAY,Exact field/instrument verified; definition versioned; time coverage confirmed; missingness quantified; construct validity assessed,Do not code unavailable as absent; preserve UNKNOWN/NOT_MEASURED; predefine imputation/sensitivity in SAP,Use approved pseudonymous keys in TRE where applicable; never use direct identifiers in analysis layer,source_id; dataset/version; field name; collection date; transformation; codebook citation; hash/query,Not evidence of causation by itself,UNVERIFIED_FIELD_AVAILABILITY
ND-008,Neurodevelopmental,Sensory sensitivity,Moderator,TEMPORAL_NUMERIC,validated scale,Repeated,PRO,DS003;DS004;DS018,DS020;DS021,MIXED_ACCESS;RESTRICTED_COHORT;RESTRICTED_TRE,PERSON_LEVEL_SENSITIVE,NO_IF_VALID_SECONDARY_LEGAL_GATEWAY,Exact field/instrument verified; definition versioned; time coverage confirmed; missingness quantified; construct validity assessed,Do not code unavailable as absent; preserve UNKNOWN/NOT_MEASURED; predefine imputation/sensitivity in SAP,Use approved pseudonymous keys in TRE where applicable; never use direct identifiers in analysis layer,source_id; dataset/version; field name; collection date; transformation; codebook citation; hash/query,Not evidence of causation by itself,UNVERIFIED_FIELD_AVAILABILITY
ND-009,Neurodevelopmental,Cognitive flexibility,Moderator,TEMPORAL_NUMERIC,validated task/scale,Repeated,research,DS003;DS004;DS018,DS020;DS021,MIXED_ACCESS;RESTRICTED_COHORT;RESTRICTED_TRE,PERSON_LEVEL_SENSITIVE,NO_IF_VALID_SECONDARY_LEGAL_GATEWAY,Exact field/instrument verified; definition versioned; time coverage confirmed; missingness quantified; construct validity assessed,Do not code unavailable as absent; preserve UNKNOWN/NOT_MEASURED; predefine imputation/sensitivity in SAP,Use approved pseudonymous keys in TRE where applicable; never use direct identifiers in analysis layer,source_id; dataset/version; field name; collection date; transformation; codebook citation; hash/query,Not evidence of causation by itself,UNVERIFIED_FIELD_AVAILABILITY
ND-010,Neurodevelopmental,Executive function,Moderator,TEMPORAL_NUMERIC,validated task/scale,Repeated,research,DS003;DS004;DS018,DS020;DS021,MIXED_ACCESS;RESTRICTED_COHORT;RESTRICTED_TRE,PERSON_LEVEL_SENSITIVE,NO_IF_VALID_SECONDARY_LEGAL_GATEWAY,Exact field/instrument verified; definition versioned; time coverage confirmed; missingness quantified; construct validity assessed,Do not code unavailable as absent; preserve UNKNOWN/NOT_MEASURED; predefine imputation/sensitivity in SAP,Use approved pseudonymous keys in TRE where applicable; never use direct identifiers in analysis layer,source_id; dataset/version; field name; collection date; transformation; codebook citation; hash/query,Not evidence of causation by itself,UNVERIFIED_FIELD_AVAILABILITY
ND-011,Neurodevelopmental,Social communication,Moderator,TEMPORAL_NUMERIC,validated scale,Repeated,research/EHR,DS003;DS004;DS018,DS020;DS021,MIXED_ACCESS;RESTRICTED_COHORT;RESTRICTED_TRE,PERSON_LEVEL_SENSITIVE,NO_IF_VALID_SECONDARY_LEGAL_GATEWAY,Exact field/instrument verified; definition versioned; time coverage confirmed; missingness quantified; construct validity assessed,Do not code unavailable as absent; preserve UNKNOWN/NOT_MEASURED; predefine imputation/sensitivity in SAP,Use approved pseudonymous keys in TRE where applicable; never use direct identifiers in analysis layer,source_id; dataset/version; field name; collection date; transformation; codebook citation; hash/query,Not evidence of causation by itself,UNVERIFIED_FIELD_AVAILABILITY
ND-012,Neurodevelopmental,Restricted/repetitive interests,Moderator,TEMPORAL_NUMERIC,validated scale,Repeated,research/EHR,DS003;DS004;DS018,DS020;DS021,MIXED_ACCESS;RESTRICTED_COHORT;RESTRICTED_TRE,PERSON_LEVEL_SENSITIVE,NO_IF_VALID_SECONDARY_LEGAL_GATEWAY,Exact field/instrument verified; definition versioned; time coverage confirmed; missingness quantified; construct validity assessed,Do not code unavailable as absent; preserve UNKNOWN/NOT_MEASURED; predefine imputation/sensitivity in SAP,Use approved pseudonymous keys in TRE where applicable; never use direct identifiers in analysis layer,source_id; dataset/version; field name; collection date; transformation; codebook citation; hash/query,Not evidence of causation by itself,UNVERIFIED_FIELD_AVAILABILITY
PSY-001,Psychiatric,Major depressive disorder history,Confounder/Outcome,TEMPORAL_NUMERIC,diagnosis/date,Repeated,EHR,DS003;DS004;DS005,DS018;DS019;DS020,MIXED_ACCESS;RESTRICTED_COHORT;RESTRICTED_LICENSED;RESTRICTED_TRE,SPECIAL_CATEGORY_OR_HIGH_SENSITIVITY,NO_IF_VALID_SECONDARY_LEGAL_GATEWAY,Exact field/instrument verified; definition versioned; time coverage confirmed; missingness quantified; construct validity assessed,Do not code unavailable as absent; preserve UNKNOWN/NOT_MEASURED; predefine imputation/sensitivity in SAP,Use approved pseudonymous keys in TRE where applicable; never use direct identifiers in analysis layer,source_id; dataset/version; field name; collection date; transformation; codebook citation; hash/query,Not evidence of causation by itself,UNVERIFIED_FIELD_AVAILABILITY
PSY-002,Psychiatric,Depressive symptom severity,Confounder/Outcome,TEMPORAL_NUMERIC,validated scale,Repeated,PRO/EHR,DS003;DS004;DS005,DS018;DS019;DS020,MIXED_ACCESS;RESTRICTED_COHORT;RESTRICTED_LICENSED;RESTRICTED_TRE,SPECIAL_CATEGORY_OR_HIGH_SENSITIVITY,NO_IF_VALID_SECONDARY_LEGAL_GATEWAY,Exact field/instrument verified; definition versioned; time coverage confirmed; missingness quantified; construct validity assessed,Do not code unavailable as absent; preserve UNKNOWN/NOT_MEASURED; predefine imputation/sensitivity in SAP,Use approved pseudonymous keys in TRE where applicable; never use direct identifiers in analysis layer,source_id; dataset/version; field name; collection date; transformation; codebook citation; hash/query,Not evidence of causation by itself,UNVERIFIED_FIELD_AVAILABILITY
PSY-003,Psychiatric,Anxiety disorder history,Confounder/Outcome,TEMPORAL_NUMERIC,diagnosis/date,Repeated,EHR,DS003;DS004;DS005,DS018;DS019;DS020,MIXED_ACCESS;RESTRICTED_COHORT;RESTRICTED_LICENSED;RESTRICTED_TRE,SPECIAL_CATEGORY_OR_HIGH_SENSITIVITY,NO_IF_VALID_SECONDARY_LEGAL_GATEWAY,Exact field/instrument verified; definition versioned; time coverage confirmed; missingness quantified; construct validity assessed,Do not code unavailable as absent; preserve UNKNOWN/NOT_MEASURED; predefine imputation/sensitivity in SAP,Use approved pseudonymous keys in TRE where applicable; never use direct identifiers in analysis layer,source_id; dataset/version; field name; collection date; transformation; codebook citation; hash/query,Not evidence of causation by itself,UNVERIFIED_FIELD_AVAILABILITY
PSY-004,Psychiatric,Anxiety symptom severity,Confounder/Outcome,TEMPORAL_NUMERIC,validated scale,Repeated,PRO,DS003;DS004;DS005,DS018;DS019;DS020,MIXED_ACCESS;RESTRICTED_COHORT;RESTRICTED_LICENSED;RESTRICTED_TRE,SPECIAL_CATEGORY_OR_HIGH_SENSITIVITY,NO_IF_VALID_SECONDARY_LEGAL_GATEWAY,Exact field/instrument verified; definition versioned; time coverage confirmed; missingness quantified; construct validity assessed,Do not code unavailable as absent; preserve UNKNOWN/NOT_MEASURED; predefine imputation/sensitivity in SAP,Use approved pseudonymous keys in TRE where applicable; never use direct identifiers in analysis layer,source_id; dataset/version; field name; collection date; transformation; codebook citation; hash/query,Not evidence of causation by itself,UNVERIFIED_FIELD_AVAILABILITY
PSY-005,Psychiatric,Obsessive-compulsive disorder/symptoms,Confounder/Moderator,NUMERIC_OR_SCALE,diagnosis/scale,Repeated,EHR/PRO,DS003;DS004;DS005,DS018;DS019;DS020,MIXED_ACCESS;RESTRICTED_COHORT;RESTRICTED_LICENSED;RESTRICTED_TRE,SPECIAL_CATEGORY_OR_HIGH_SENSITIVITY,NO_IF_VALID_SECONDARY_LEGAL_GATEWAY,Exact field/instrument verified; definition versioned; time coverage confirmed; missingness quantified; construct validity assessed,Do not code unavailable as absent; preserve UNKNOWN/NOT_MEASURED; predefine imputation/sensitivity in SAP,Use approved pseudonymous keys in TRE where applicable; never use direct identifiers in analysis layer,source_id; dataset/version; field name; collection date; transformation; codebook citation; hash/query,Not evidence of causation by itself,UNVERIFIED_FIELD_AVAILABILITY
PSY-006,Psychiatric,PTSD/trauma-related disorder,Confounder/Moderator,TEMPORAL_NUMERIC,diagnosis/date,Repeated,EHR,DS003;DS004;DS005,DS018;DS019;DS020,MIXED_ACCESS;RESTRICTED_COHORT;RESTRICTED_LICENSED;RESTRICTED_TRE,SPECIAL_CATEGORY_OR_HIGH_SENSITIVITY,NO_IF_VALID_SECONDARY_LEGAL_GATEWAY,Exact field/instrument verified; definition versioned; time coverage confirmed; missingness quantified; construct validity assessed,Do not code unavailable as absent; preserve UNKNOWN/NOT_MEASURED; predefine imputation/sensitivity in SAP,Use approved pseudonymous keys in TRE where applicable; never use direct identifiers in analysis layer,source_id; dataset/version; field name; collection date; transformation; codebook citation; hash/query,Not evidence of causation by itself,UNVERIFIED_FIELD_AVAILABILITY
PSY-007,Psychiatric,Dissociation symptoms,Confounder/Moderator,TEMPORAL_NUMERIC,validated scale,Repeated,PRO,DS003;DS004;DS005,DS018;DS019;DS020,MIXED_ACCESS;RESTRICTED_COHORT;RESTRICTED_LICENSED;RESTRICTED_TRE,SPECIAL_CATEGORY_OR_HIGH_SENSITIVITY,NO_IF_VALID_SECONDARY_LEGAL_GATEWAY,Exact field/instrument verified; definition versioned; time coverage confirmed; missingness quantified; construct validity assessed,Do not code unavailable as absent; preserve UNKNOWN/NOT_MEASURED; predefine imputation/sensitivity in SAP,Use approved pseudonymous keys in TRE where applicable; never use direct identifiers in analysis layer,source_id; dataset/version; field name; collection date; transformation; codebook citation; hash/query,Not evidence of causation by itself,UNVERIFIED_FIELD_AVAILABILITY
PSY-008,Psychiatric,Eating disorder diagnosis,Confounder/Outcome,TEMPORAL_NUMERIC,diagnosis/date,Repeated,EHR,DS003;DS004;DS005,DS018;DS019;DS020,MIXED_ACCESS;RESTRICTED_COHORT;RESTRICTED_LICENSED;RESTRICTED_TRE,SPECIAL_CATEGORY_OR_HIGH_SENSITIVITY,NO_IF_VALID_SECONDARY_LEGAL_GATEWAY,Exact field/instrument verified; definition versioned; time coverage confirmed; missingness quantified; construct validity assessed,Do not code unavailable as absent; preserve UNKNOWN/NOT_MEASURED; predefine imputation/sensitivity in SAP,Use approved pseudonymous keys in TRE where applicable; never use direct identifiers in analysis layer,source_id; dataset/version; field name; collection date; transformation; codebook citation; hash/query,Not evidence of causation by itself,UNVERIFIED_FIELD_AVAILABILITY
PSY-009,Psychiatric,Body dysmorphic symptoms,Confounder/Moderator,TEMPORAL_NUMERIC,validated scale,Repeated,PRO/EHR,DS003;DS004;DS005,DS018;DS019;DS020,MIXED_ACCESS;RESTRICTED_COHORT;RESTRICTED_LICENSED;RESTRICTED_TRE,SPECIAL_CATEGORY_OR_HIGH_SENSITIVITY,NO_IF_VALID_SECONDARY_LEGAL_GATEWAY,Exact field/instrument verified; definition versioned; time coverage confirmed; missingness quantified; construct validity assessed,Do not code unavailable as absent; preserve UNKNOWN/NOT_MEASURED; predefine imputation/sensitivity in SAP,Use approved pseudonymous keys in TRE where applicable; never use direct identifiers in analysis layer,source_id; dataset/version; field name; collection date; transformation; codebook citation; hash/query,Not evidence of causation by itself,UNVERIFIED_FIELD_AVAILABILITY
PSY-010,Psychiatric,Self-harm history,Confounder/Outcome,TEMPORAL_NUMERIC,events/date,Repeated,EHR,DS003;DS004;DS005,DS018;DS019;DS020,MIXED_ACCESS;RESTRICTED_COHORT;RESTRICTED_LICENSED;RESTRICTED_TRE,SPECIAL_CATEGORY_OR_HIGH_SENSITIVITY,NO_IF_VALID_SECONDARY_LEGAL_GATEWAY,Exact field/instrument verified; definition versioned; time coverage confirmed; missingness quantified; construct validity assessed,Do not code unavailable as absent; preserve UNKNOWN/NOT_MEASURED; predefine imputation/sensitivity in SAP,Use approved pseudonymous keys in TRE where applicable; never use direct identifiers in analysis layer,source_id; dataset/version; field name; collection date; transformation; codebook citation; hash/query,Not evidence of causation by itself,UNVERIFIED_FIELD_AVAILABILITY
PSY-011,Psychiatric,Suicidal ideation/attempt history,Confounder/Outcome,TEMPORAL_NUMERIC,events/date,Repeated,EHR,DS003;DS004;DS005,DS018;DS019;DS020,MIXED_ACCESS;RESTRICTED_COHORT;RESTRICTED_LICENSED;RESTRICTED_TRE,SPECIAL_CATEGORY_OR_HIGH_SENSITIVITY,NO_IF_VALID_SECONDARY_LEGAL_GATEWAY,Exact field/instrument verified; definition versioned; time coverage confirmed; missingness quantified; construct validity assessed,Do not code unavailable as absent; preserve UNKNOWN/NOT_MEASURED; predefine imputation/sensitivity in SAP,Use approved pseudonymous keys in TRE where applicable; never use direct identifiers in analysis layer,source_id; dataset/version; field name; collection date; transformation; codebook citation; hash/query,Not evidence of causation by itself,UNVERIFIED_FIELD_AVAILABILITY
PSY-012,Psychiatric,Bipolar-spectrum symptoms,Confounder,NUMERIC_OR_SCALE,diagnosis/scale,Repeated,EHR,DS003;DS004;DS005,DS018;DS019;DS020,MIXED_ACCESS;RESTRICTED_COHORT;RESTRICTED_LICENSED;RESTRICTED_TRE,SPECIAL_CATEGORY_OR_HIGH_SENSITIVITY,NO_IF_VALID_SECONDARY_LEGAL_GATEWAY,Exact field/instrument verified; definition versioned; time coverage confirmed; missingness quantified; construct validity assessed,Do not code unavailable as absent; preserve UNKNOWN/NOT_MEASURED; predefine imputation/sensitivity in SAP,Use approved pseudonymous keys in TRE where applicable; never use direct identifiers in analysis layer,source_id; dataset/version; field name; collection date; transformation; codebook citation; hash/query,Not evidence of causation by itself,UNVERIFIED_FIELD_AVAILABILITY
PSY-013,Psychiatric,Psychotic symptoms,Confounder,NUMERIC_OR_SCALE,diagnosis/scale,Repeated,EHR,DS003;DS004;DS005,DS018;DS019;DS020,MIXED_ACCESS;RESTRICTED_COHORT;RESTRICTED_LICENSED;RESTRICTED_TRE,SPECIAL_CATEGORY_OR_HIGH_SENSITIVITY,NO_IF_VALID_SECONDARY_LEGAL_GATEWAY,Exact field/instrument verified; definition versioned; time coverage confirmed; missingness quantified; construct validity assessed,Do not code unavailable as absent; preserve UNKNOWN/NOT_MEASURED; predefine imputation/sensitivity in SAP,Use approved pseudonymous keys in TRE where applicable; never use direct identifiers in analysis layer,source_id; dataset/version; field name; collection date; transformation; codebook citation; hash/query,Not evidence of causation by itself,UNVERIFIED_FIELD_AVAILABILITY
PSY-014,Psychiatric,Personality pathology/traits where validly assessed,Confounder/Moderator,MIXED_OR_SOURCE_SPECIFIC,instrument,Repeated,EHR/research,DS003;DS004;DS005,DS018;DS019;DS020,MIXED_ACCESS;RESTRICTED_COHORT;RESTRICTED_LICENSED;RESTRICTED_TRE,SPECIAL_CATEGORY_OR_HIGH_SENSITIVITY,NO_IF_VALID_SECONDARY_LEGAL_GATEWAY,Exact field/instrument verified; definition versioned; time coverage confirmed; missingness quantified; construct validity assessed,Do not code unavailable as absent; preserve UNKNOWN/NOT_MEASURED; predefine imputation/sensitivity in SAP,Use approved pseudonymous keys in TRE where applicable; never use direct identifiers in analysis layer,source_id; dataset/version; field name; collection date; transformation; codebook citation; hash/query,Not evidence of causation by itself,UNVERIFIED_FIELD_AVAILABILITY
PSY-015,Psychiatric,Substance-use disorder,Confounder/Outcome,CATEGORICAL_OR_CODED,diagnosis,Repeated,EHR,DS003;DS004;DS005,DS018;DS019;DS020,MIXED_ACCESS;RESTRICTED_COHORT;RESTRICTED_LICENSED;RESTRICTED_TRE,SPECIAL_CATEGORY_OR_HIGH_SENSITIVITY,NO_IF_VALID_SECONDARY_LEGAL_GATEWAY,Exact field/instrument verified; definition versioned; time coverage confirmed; missingness quantified; construct validity assessed,Do not code unavailable as absent; preserve UNKNOWN/NOT_MEASURED; predefine imputation/sensitivity in SAP,Use approved pseudonymous keys in TRE where applicable; never use direct identifiers in analysis layer,source_id; dataset/version; field name; collection date; transformation; codebook citation; hash/query,Not evidence of causation by itself,UNVERIFIED_FIELD_AVAILABILITY
PSY-016,Psychiatric,Psychiatric hospitalisation,Outcome,TEMPORAL_NUMERIC,event/date,Repeated,EHR,DS003;DS004;DS005,DS018;DS019;DS020,MIXED_ACCESS;RESTRICTED_COHORT;RESTRICTED_LICENSED;RESTRICTED_TRE,SPECIAL_CATEGORY_OR_HIGH_SENSITIVITY,NO_IF_VALID_SECONDARY_LEGAL_GATEWAY,Exact field/instrument verified; definition versioned; time coverage confirmed; missingness quantified; construct validity assessed,Do not code unavailable as absent; preserve UNKNOWN/NOT_MEASURED; predefine imputation/sensitivity in SAP,Use approved pseudonymous keys in TRE where applicable; never use direct identifiers in analysis layer,source_id; dataset/version; field name; collection date; transformation; codebook citation; hash/query,Not evidence of causation by itself,UNVERIFIED_FIELD_AVAILABILITY
PSY-017,Psychiatric,Psychotherapy exposure,Exposure/Confounder,TEMPORAL_NUMERIC,type/duration,Repeated,EHR,DS003;DS004;DS005,DS018;DS019;DS020,MIXED_ACCESS;RESTRICTED_COHORT;RESTRICTED_LICENSED;RESTRICTED_TRE,SPECIAL_CATEGORY_OR_HIGH_SENSITIVITY,NO_IF_VALID_SECONDARY_LEGAL_GATEWAY,Exact field/instrument verified; definition versioned; time coverage confirmed; missingness quantified; construct validity assessed,Do not code unavailable as absent; preserve UNKNOWN/NOT_MEASURED; predefine imputation/sensitivity in SAP,Use approved pseudonymous keys in TRE where applicable; never use direct identifiers in analysis layer,source_id; dataset/version; field name; collection date; transformation; codebook citation; hash/query,Not evidence of causation by itself,UNVERIFIED_FIELD_AVAILABILITY
PSY-018,Psychiatric,Psychiatric medication exposure,Exposure/Confounder,NUMERIC_OR_SCALE,drug/dose,Repeated,EHR,DS003;DS004;DS005,DS018;DS019;DS020,MIXED_ACCESS;RESTRICTED_COHORT;RESTRICTED_LICENSED;RESTRICTED_TRE,SPECIAL_CATEGORY_OR_HIGH_SENSITIVITY,NO_IF_VALID_SECONDARY_LEGAL_GATEWAY,Exact field/instrument verified; definition versioned; time coverage confirmed; missingness quantified; construct validity assessed,Do not code unavailable as absent; preserve UNKNOWN/NOT_MEASURED; predefine imputation/sensitivity in SAP,Use approved pseudonymous keys in TRE where applicable; never use direct identifiers in analysis layer,source_id; dataset/version; field name; collection date; transformation; codebook citation; hash/query,Not evidence of causation by itself,UNVERIFIED_FIELD_AVAILABILITY
PSY-019,Psychiatric,Mental-health diagnosis timing relative to gender presentation,Temporal confounder,CATEGORICAL_OR_CODED,days/months,Analysis,derived,DS003;DS004;DS005,DS018;DS019;DS020,MIXED_ACCESS;RESTRICTED_COHORT;RESTRICTED_LICENSED;RESTRICTED_TRE,SPECIAL_CATEGORY_OR_HIGH_SENSITIVITY,NO_IF_VALID_SECONDARY_LEGAL_GATEWAY,Exact field/instrument verified; definition versioned; time coverage confirmed; missingness quantified; construct validity assessed,Do not code unavailable as absent; preserve UNKNOWN/NOT_MEASURED; predefine imputation/sensitivity in SAP,Use approved pseudonymous keys in TRE where applicable; never use direct identifiers in analysis layer,source_id; dataset/version; field name; collection date; transformation; codebook citation; hash/query,Not evidence of causation by itself,UNVERIFIED_FIELD_AVAILABILITY
PSY-020,Psychiatric,Global psychological distress,Outcome,TEMPORAL_NUMERIC,validated scale,Repeated,PRO,DS003;DS004;DS005,DS018;DS019;DS020,MIXED_ACCESS;RESTRICTED_COHORT;RESTRICTED_LICENSED;RESTRICTED_TRE,SPECIAL_CATEGORY_OR_HIGH_SENSITIVITY,NO_IF_VALID_SECONDARY_LEGAL_GATEWAY,Exact field/instrument verified; definition versioned; time coverage confirmed; missingness quantified; construct validity assessed,Do not code unavailable as absent; preserve UNKNOWN/NOT_MEASURED; predefine imputation/sensitivity in SAP,Use approved pseudonymous keys in TRE where applicable; never use direct identifiers in analysis layer,source_id; dataset/version; field name; collection date; transformation; codebook citation; hash/query,Not evidence of causation by itself,UNVERIFIED_FIELD_AVAILABILITY
TRA-001,Trauma/safeguarding,Childhood maltreatment exposure,Confounder/Exposure,CATEGORICAL_OR_CODED,structured category,Historical,EHR/participant,DS003;DS018;DS020,DS064;DS021,MIXED_ACCESS;PRIMARY_RESEARCH;RESTRICTED_COHORT;RESTRICTED_TRE,SPECIAL_CATEGORY_OR_HIGH_SENSITIVITY,YES_IF_PRIMARY_PARTICIPANT_DATA,Exact field/instrument verified; definition versioned; time coverage confirmed; missingness quantified; construct validity assessed,Do not code unavailable as absent; preserve UNKNOWN/NOT_MEASURED; predefine imputation/sensitivity in SAP,Use approved pseudonymous keys in TRE where applicable; never use direct identifiers in analysis layer,source_id; dataset/version; field name; collection date; transformation; codebook citation; hash/query,Not evidence of causation by itself,UNVERIFIED_FIELD_AVAILABILITY
TRA-002,Trauma/safeguarding,Sexual victimisation history,Confounder/Exposure,CATEGORICAL_OR_CODED,structured category,Historical,EHR/participant,DS003;DS018;DS020,DS064;DS021,MIXED_ACCESS;PRIMARY_RESEARCH;RESTRICTED_COHORT;RESTRICTED_TRE,SPECIAL_CATEGORY_OR_HIGH_SENSITIVITY,YES_IF_PRIMARY_PARTICIPANT_DATA,Exact field/instrument verified; definition versioned; time coverage confirmed; missingness quantified; construct validity assessed,Do not code unavailable as absent; preserve UNKNOWN/NOT_MEASURED; predefine imputation/sensitivity in SAP,Use approved pseudonymous keys in TRE where applicable; never use direct identifiers in analysis layer,source_id; dataset/version; field name; collection date; transformation; codebook citation; hash/query,Not evidence of causation by itself,UNVERIFIED_FIELD_AVAILABILITY
TRA-003,Trauma/safeguarding,Bullying exposure,Confounder/Exposure/Outcome,NUMERIC_OR_SCALE,frequency/severity,Repeated,education/PRO,DS003;DS018;DS020,DS064;DS021,MIXED_ACCESS;PRIMARY_RESEARCH;RESTRICTED_COHORT;RESTRICTED_TRE,SPECIAL_CATEGORY_OR_HIGH_SENSITIVITY,NO_IF_VALID_SECONDARY_LEGAL_GATEWAY,Exact field/instrument verified; definition versioned; time coverage confirmed; missingness quantified; construct validity assessed,Do not code unavailable as absent; preserve UNKNOWN/NOT_MEASURED; predefine imputation/sensitivity in SAP,Use approved pseudonymous keys in TRE where applicable; never use direct identifiers in analysis layer,source_id; dataset/version; field name; collection date; transformation; codebook citation; hash/query,Not evidence of causation by itself,UNVERIFIED_FIELD_AVAILABILITY
TRA-004,Trauma/safeguarding,Domestic violence exposure,Confounder/Exposure,MIXED_OR_SOURCE_SPECIFIC,event/history,Historical,EHR/participant,DS003;DS018;DS020,DS064;DS021,MIXED_ACCESS;PRIMARY_RESEARCH;RESTRICTED_COHORT;RESTRICTED_TRE,SPECIAL_CATEGORY_OR_HIGH_SENSITIVITY,YES_IF_PRIMARY_PARTICIPANT_DATA,Exact field/instrument verified; definition versioned; time coverage confirmed; missingness quantified; construct validity assessed,Do not code unavailable as absent; preserve UNKNOWN/NOT_MEASURED; predefine imputation/sensitivity in SAP,Use approved pseudonymous keys in TRE where applicable; never use direct identifiers in analysis layer,source_id; dataset/version; field name; collection date; transformation; codebook citation; hash/query,Not evidence of causation by itself,UNVERIFIED_FIELD_AVAILABILITY
TRA-005,Trauma/safeguarding,Exploitation/safeguarding concern,Confounder/Outcome,TEMPORAL_NUMERIC,event/date,Repeated,EHR,DS003;DS018;DS020,DS064;DS021,MIXED_ACCESS;PRIMARY_RESEARCH;RESTRICTED_COHORT;RESTRICTED_TRE,SPECIAL_CATEGORY_OR_HIGH_SENSITIVITY,NO_IF_VALID_SECONDARY_LEGAL_GATEWAY,Exact field/instrument verified; definition versioned; time coverage confirmed; missingness quantified; construct validity assessed,Do not code unavailable as absent; preserve UNKNOWN/NOT_MEASURED; predefine imputation/sensitivity in SAP,Use approved pseudonymous keys in TRE where applicable; never use direct identifiers in analysis layer,source_id; dataset/version; field name; collection date; transformation; codebook citation; hash/query,Not evidence of causation by itself,UNVERIFIED_FIELD_AVAILABILITY
TRA-006,Trauma/safeguarding,Looked-after/adoption/guardianship history,Confounder,TEMPORAL_NUMERIC,status/date,Historical,social care,DS003;DS018;DS020,DS064;DS021,MIXED_ACCESS;PRIMARY_RESEARCH;RESTRICTED_COHORT;RESTRICTED_TRE,SPECIAL_CATEGORY_OR_HIGH_SENSITIVITY,NO_IF_VALID_SECONDARY_LEGAL_GATEWAY,Exact field/instrument verified; definition versioned; time coverage confirmed; missingness quantified; construct validity assessed,Do not code unavailable as absent; preserve UNKNOWN/NOT_MEASURED; predefine imputation/sensitivity in SAP,Use approved pseudonymous keys in TRE where applicable; never use direct identifiers in analysis layer,source_id; dataset/version; field name; collection date; transformation; codebook citation; hash/query,Not evidence of causation by itself,UNVERIFIED_FIELD_AVAILABILITY
TRA-007,Trauma/safeguarding,Trauma symptom severity,Confounder/Outcome,TEMPORAL_NUMERIC,validated scale,Repeated,PRO,DS003;DS018;DS020,DS064;DS021,MIXED_ACCESS;PRIMARY_RESEARCH;RESTRICTED_COHORT;RESTRICTED_TRE,SPECIAL_CATEGORY_OR_HIGH_SENSITIVITY,NO_IF_VALID_SECONDARY_LEGAL_GATEWAY,Exact field/instrument verified; definition versioned; time coverage confirmed; missingness quantified; construct validity assessed,Do not code unavailable as absent; preserve UNKNOWN/NOT_MEASURED; predefine imputation/sensitivity in SAP,Use approved pseudonymous keys in TRE where applicable; never use direct identifiers in analysis layer,source_id; dataset/version; field name; collection date; transformation; codebook citation; hash/query,Not evidence of causation by itself,UNVERIFIED_FIELD_AVAILABILITY
TRA-008,Trauma/safeguarding,Timing of trauma relative to onset,Temporal confounder,MIXED_OR_SOURCE_SPECIFIC,days/months,Analysis,derived,DS003;DS018;DS020,DS064;DS021,MIXED_ACCESS;PRIMARY_RESEARCH;RESTRICTED_COHORT;RESTRICTED_TRE,SPECIAL_CATEGORY_OR_HIGH_SENSITIVITY,NO_IF_VALID_SECONDARY_LEGAL_GATEWAY,Exact field/instrument verified; definition versioned; time coverage confirmed; missingness quantified; construct validity assessed,Do not code unavailable as absent; preserve UNKNOWN/NOT_MEASURED; predefine imputation/sensitivity in SAP,Use approved pseudonymous keys in TRE where applicable; never use direct identifiers in analysis layer,source_id; dataset/version; field name; collection date; transformation; codebook citation; hash/query,Not evidence of causation by itself,UNVERIFIED_FIELD_AVAILABILITY
BOD-001,Body image/sexual development,General body dissatisfaction,Confounder/Outcome,TEMPORAL_NUMERIC,validated scale,Repeated,PRO,DS018;DS020;DS019,DS064,MIXED_ACCESS;PRIMARY_RESEARCH;RESTRICTED_COHORT,SPECIAL_CATEGORY_OR_HIGH_SENSITIVITY,NO_IF_VALID_SECONDARY_LEGAL_GATEWAY,Exact field/instrument verified; definition versioned; time coverage confirmed; missingness quantified; construct validity assessed,Do not code unavailable as absent; preserve UNKNOWN/NOT_MEASURED; predefine imputation/sensitivity in SAP,Use approved pseudonymous keys in TRE where applicable; never use direct identifiers in analysis layer,source_id; dataset/version; field name; collection date; transformation; codebook citation; hash/query,Not evidence of causation by itself,UNVERIFIED_FIELD_AVAILABILITY
BOD-002,Body image/sexual development,Sex-characteristic-specific distress,Phenotype/Outcome,NUMERIC_OR_SCALE,item-level score,Repeated,PRO,DS018;DS020;DS019,DS064,MIXED_ACCESS;PRIMARY_RESEARCH;RESTRICTED_COHORT,SPECIAL_CATEGORY_OR_HIGH_SENSITIVITY,NO_IF_VALID_SECONDARY_LEGAL_GATEWAY,Exact field/instrument verified; definition versioned; time coverage confirmed; missingness quantified; construct validity assessed,Do not code unavailable as absent; preserve UNKNOWN/NOT_MEASURED; predefine imputation/sensitivity in SAP,Use approved pseudonymous keys in TRE where applicable; never use direct identifiers in analysis layer,source_id; dataset/version; field name; collection date; transformation; codebook citation; hash/query,Not evidence of causation by itself,UNVERIFIED_FIELD_AVAILABILITY
BOD-003,Body image/sexual development,Eating pathology severity,Confounder/Outcome,TEMPORAL_NUMERIC,validated scale,Repeated,PRO,DS018;DS020;DS019,DS064,MIXED_ACCESS;PRIMARY_RESEARCH;RESTRICTED_COHORT,SPECIAL_CATEGORY_OR_HIGH_SENSITIVITY,NO_IF_VALID_SECONDARY_LEGAL_GATEWAY,Exact field/instrument verified; definition versioned; time coverage confirmed; missingness quantified; construct validity assessed,Do not code unavailable as absent; preserve UNKNOWN/NOT_MEASURED; predefine imputation/sensitivity in SAP,Use approved pseudonymous keys in TRE where applicable; never use direct identifiers in analysis layer,source_id; dataset/version; field name; collection date; transformation; codebook citation; hash/query,Not evidence of causation by itself,UNVERIFIED_FIELD_AVAILABILITY
BOD-004,Body image/sexual development,Body dysmorphia severity,Confounder/Outcome,TEMPORAL_NUMERIC,validated scale,Repeated,PRO,DS018;DS020;DS019,DS064,MIXED_ACCESS;PRIMARY_RESEARCH;RESTRICTED_COHORT,SPECIAL_CATEGORY_OR_HIGH_SENSITIVITY,NO_IF_VALID_SECONDARY_LEGAL_GATEWAY,Exact field/instrument verified; definition versioned; time coverage confirmed; missingness quantified; construct validity assessed,Do not code unavailable as absent; preserve UNKNOWN/NOT_MEASURED; predefine imputation/sensitivity in SAP,Use approved pseudonymous keys in TRE where applicable; never use direct identifiers in analysis layer,source_id; dataset/version; field name; collection date; transformation; codebook citation; hash/query,Not evidence of causation by itself,UNVERIFIED_FIELD_AVAILABILITY
BOD-005,Body image/sexual development,Sexual orientation self-description,Moderator,MIXED_OR_SOURCE_SPECIFIC,self-described,Repeated,PRO,DS018;DS020;DS019,DS064,MIXED_ACCESS;PRIMARY_RESEARCH;RESTRICTED_COHORT,SPECIAL_CATEGORY_OR_HIGH_SENSITIVITY,NO_IF_VALID_SECONDARY_LEGAL_GATEWAY,Exact field/instrument verified; definition versioned; time coverage confirmed; missingness quantified; construct validity assessed,Do not code unavailable as absent; preserve UNKNOWN/NOT_MEASURED; predefine imputation/sensitivity in SAP,Use approved pseudonymous keys in TRE where applicable; never use direct identifiers in analysis layer,source_id; dataset/version; field name; collection date; transformation; codebook citation; hash/query,Not evidence of causation by itself,UNVERIFIED_FIELD_AVAILABILITY
BOD-006,Body image/sexual development,Sexual orientation development timing,Moderator,TEMPORAL_NUMERIC,age/date,Historical,PRO,DS018;DS020;DS019,DS064,MIXED_ACCESS;PRIMARY_RESEARCH;RESTRICTED_COHORT,SPECIAL_CATEGORY_OR_HIGH_SENSITIVITY,NO_IF_VALID_SECONDARY_LEGAL_GATEWAY,Exact field/instrument verified; definition versioned; time coverage confirmed; missingness quantified; construct validity assessed,Do not code unavailable as absent; preserve UNKNOWN/NOT_MEASURED; predefine imputation/sensitivity in SAP,Use approved pseudonymous keys in TRE where applicable; never use direct identifiers in analysis layer,source_id; dataset/version; field name; collection date; transformation; codebook citation; hash/query,Not evidence of causation by itself,UNVERIFIED_FIELD_AVAILABILITY
BOD-007,Body image/sexual development,Sexual functioning concerns,Outcome/Moderator,MIXED_OR_SOURCE_SPECIFIC,PRO,Repeated,PRO,DS018;DS020;DS019,DS064,MIXED_ACCESS;PRIMARY_RESEARCH;RESTRICTED_COHORT,SPECIAL_CATEGORY_OR_HIGH_SENSITIVITY,NO_IF_VALID_SECONDARY_LEGAL_GATEWAY,Exact field/instrument verified; definition versioned; time coverage confirmed; missingness quantified; construct validity assessed,Do not code unavailable as absent; preserve UNKNOWN/NOT_MEASURED; predefine imputation/sensitivity in SAP,Use approved pseudonymous keys in TRE where applicable; never use direct identifiers in analysis layer,source_id; dataset/version; field name; collection date; transformation; codebook citation; hash/query,Not evidence of causation by itself,UNVERIFIED_FIELD_AVAILABILITY
BOD-008,Body image/sexual development,Fertility concerns/priorities,Moderator/Preference,MIXED_OR_SOURCE_SPECIFIC,PRO,Repeated,PRO,DS018;DS020;DS019,DS064,MIXED_ACCESS;PRIMARY_RESEARCH;RESTRICTED_COHORT,SPECIAL_CATEGORY_OR_HIGH_SENSITIVITY,NO_IF_VALID_SECONDARY_LEGAL_GATEWAY,Exact field/instrument verified; definition versioned; time coverage confirmed; missingness quantified; construct validity assessed,Do not code unavailable as absent; preserve UNKNOWN/NOT_MEASURED; predefine imputation/sensitivity in SAP,Use approved pseudonymous keys in TRE where applicable; never use direct identifiers in analysis layer,source_id; dataset/version; field name; collection date; transformation; codebook citation; hash/query,Not evidence of causation by itself,UNVERIFIED_FIELD_AVAILABILITY
BOD-009,Body image/sexual development,Puberty-related distress,Exposure/Outcome,TEMPORAL_NUMERIC,validated/structured,Repeated,PRO,DS018;DS020;DS019,DS064,MIXED_ACCESS;PRIMARY_RESEARCH;RESTRICTED_COHORT,SPECIAL_CATEGORY_OR_HIGH_SENSITIVITY,NO_IF_VALID_SECONDARY_LEGAL_GATEWAY,Exact field/instrument verified; definition versioned; time coverage confirmed; missingness quantified; construct validity assessed,Do not code unavailable as absent; preserve UNKNOWN/NOT_MEASURED; predefine imputation/sensitivity in SAP,Use approved pseudonymous keys in TRE where applicable; never use direct identifiers in analysis layer,source_id; dataset/version; field name; collection date; transformation; codebook citation; hash/query,Not evidence of causation by itself,UNVERIFIED_FIELD_AVAILABILITY
BOD-010,Body image/sexual development,Fear/expectation about adult sex characteristics,Mediator/Outcome,NUMERIC_OR_SCALE,scale,Repeated,PRO,DS018;DS020;DS019,DS064,MIXED_ACCESS;PRIMARY_RESEARCH;RESTRICTED_COHORT,SPECIAL_CATEGORY_OR_HIGH_SENSITIVITY,NO_IF_VALID_SECONDARY_LEGAL_GATEWAY,Exact field/instrument verified; definition versioned; time coverage confirmed; missingness quantified; construct validity assessed,Do not code unavailable as absent; preserve UNKNOWN/NOT_MEASURED; predefine imputation/sensitivity in SAP,Use approved pseudonymous keys in TRE where applicable; never use direct identifiers in analysis layer,source_id; dataset/version; field name; collection date; transformation; codebook citation; hash/query,Not evidence of causation by itself,UNVERIFIED_FIELD_AVAILABILITY
FAM-001,Family/interpersonal,Household composition,Confounder,CATEGORICAL_OR_CODED,categorical,Repeated,participant,DS018;DS020;DS021,DS019;DS064,MIXED_ACCESS;PRIMARY_RESEARCH;RESTRICTED_COHORT,PERSON_LEVEL_SENSITIVE,YES_IF_PRIMARY_PARTICIPANT_DATA,Exact field/instrument verified; definition versioned; time coverage confirmed; missingness quantified; construct validity assessed,Do not code unavailable as absent; preserve UNKNOWN/NOT_MEASURED; predefine imputation/sensitivity in SAP,Use approved pseudonymous keys in TRE where applicable; never use direct identifiers in analysis layer,source_id; dataset/version; field name; collection date; transformation; codebook citation; hash/query,Not evidence of causation by itself,UNVERIFIED_FIELD_AVAILABILITY
FAM-002,Family/interpersonal,Parental relationship status,Confounder,CATEGORICAL_OR_CODED,categorical,Repeated,participant,DS018;DS020;DS021,DS019;DS064,MIXED_ACCESS;PRIMARY_RESEARCH;RESTRICTED_COHORT,PERSON_LEVEL_SENSITIVE,YES_IF_PRIMARY_PARTICIPANT_DATA,Exact field/instrument verified; definition versioned; time coverage confirmed; missingness quantified; construct validity assessed,Do not code unavailable as absent; preserve UNKNOWN/NOT_MEASURED; predefine imputation/sensitivity in SAP,Use approved pseudonymous keys in TRE where applicable; never use direct identifiers in analysis layer,source_id; dataset/version; field name; collection date; transformation; codebook citation; hash/query,Not evidence of causation by itself,UNVERIFIED_FIELD_AVAILABILITY
FAM-003,Family/interpersonal,Parental mental-health burden,Confounder,CATEGORICAL_OR_CODED,diagnosis/PRO,Baseline,family/EHR,DS018;DS020;DS021,DS019;DS064,MIXED_ACCESS;PRIMARY_RESEARCH;RESTRICTED_COHORT,PERSON_LEVEL_SENSITIVE,NO_IF_VALID_SECONDARY_LEGAL_GATEWAY,Exact field/instrument verified; definition versioned; time coverage confirmed; missingness quantified; construct validity assessed,Do not code unavailable as absent; preserve UNKNOWN/NOT_MEASURED; predefine imputation/sensitivity in SAP,Use approved pseudonymous keys in TRE where applicable; never use direct identifiers in analysis layer,source_id; dataset/version; field name; collection date; transformation; codebook citation; hash/query,Not evidence of causation by itself,UNVERIFIED_FIELD_AVAILABILITY
FAM-004,Family/interpersonal,Family support after disclosure,Moderator/Mediator,TEMPORAL_NUMERIC,validated scale,Repeated,PRO,DS018;DS020;DS021,DS019;DS064,MIXED_ACCESS;PRIMARY_RESEARCH;RESTRICTED_COHORT,PERSON_LEVEL_SENSITIVE,NO_IF_VALID_SECONDARY_LEGAL_GATEWAY,Exact field/instrument verified; definition versioned; time coverage confirmed; missingness quantified; construct validity assessed,Do not code unavailable as absent; preserve UNKNOWN/NOT_MEASURED; predefine imputation/sensitivity in SAP,Use approved pseudonymous keys in TRE where applicable; never use direct identifiers in analysis layer,source_id; dataset/version; field name; collection date; transformation; codebook citation; hash/query,Not evidence of causation by itself,UNVERIFIED_FIELD_AVAILABILITY
FAM-005,Family/interpersonal,Family rejection/conflict after disclosure,Mediator/Outcome,TEMPORAL_NUMERIC,validated scale,Repeated,PRO,DS018;DS020;DS021,DS019;DS064,MIXED_ACCESS;PRIMARY_RESEARCH;RESTRICTED_COHORT,PERSON_LEVEL_SENSITIVE,NO_IF_VALID_SECONDARY_LEGAL_GATEWAY,Exact field/instrument verified; definition versioned; time coverage confirmed; missingness quantified; construct validity assessed,Do not code unavailable as absent; preserve UNKNOWN/NOT_MEASURED; predefine imputation/sensitivity in SAP,Use approved pseudonymous keys in TRE where applicable; never use direct identifiers in analysis layer,source_id; dataset/version; field name; collection date; transformation; codebook citation; hash/query,Not evidence of causation by itself,UNVERIFIED_FIELD_AVAILABILITY
FAM-006,Family/interpersonal,Family conflict before presentation,Confounder,NUMERIC_OR_SCALE,scale,Baseline,PRO,DS018;DS020;DS021,DS019;DS064,MIXED_ACCESS;PRIMARY_RESEARCH;RESTRICTED_COHORT,PERSON_LEVEL_SENSITIVE,NO_IF_VALID_SECONDARY_LEGAL_GATEWAY,Exact field/instrument verified; definition versioned; time coverage confirmed; missingness quantified; construct validity assessed,Do not code unavailable as absent; preserve UNKNOWN/NOT_MEASURED; predefine imputation/sensitivity in SAP,Use approved pseudonymous keys in TRE where applicable; never use direct identifiers in analysis layer,source_id; dataset/version; field name; collection date; transformation; codebook citation; hash/query,Not evidence of causation by itself,UNVERIFIED_FIELD_AVAILABILITY
FAM-007,Family/interpersonal,Attachment security,Confounder/Moderator,TEMPORAL_NUMERIC,validated scale,Repeated,research,DS018;DS020;DS021,DS019;DS064,MIXED_ACCESS;PRIMARY_RESEARCH;RESTRICTED_COHORT,PERSON_LEVEL_SENSITIVE,NO_IF_VALID_SECONDARY_LEGAL_GATEWAY,Exact field/instrument verified; definition versioned; time coverage confirmed; missingness quantified; construct validity assessed,Do not code unavailable as absent; preserve UNKNOWN/NOT_MEASURED; predefine imputation/sensitivity in SAP,Use approved pseudonymous keys in TRE where applicable; never use direct identifiers in analysis layer,source_id; dataset/version; field name; collection date; transformation; codebook citation; hash/query,Not evidence of causation by itself,UNVERIFIED_FIELD_AVAILABILITY
FAM-008,Family/interpersonal,Sibling relationship quality,Confounder/Moderator,NUMERIC_OR_SCALE,scale,Repeated,PRO,DS018;DS020;DS021,DS019;DS064,MIXED_ACCESS;PRIMARY_RESEARCH;RESTRICTED_COHORT,PERSON_LEVEL_SENSITIVE,NO_IF_VALID_SECONDARY_LEGAL_GATEWAY,Exact field/instrument verified; definition versioned; time coverage confirmed; missingness quantified; construct validity assessed,Do not code unavailable as absent; preserve UNKNOWN/NOT_MEASURED; predefine imputation/sensitivity in SAP,Use approved pseudonymous keys in TRE where applicable; never use direct identifiers in analysis layer,source_id; dataset/version; field name; collection date; transformation; codebook citation; hash/query,Not evidence of causation by itself,UNVERIFIED_FIELD_AVAILABILITY
FAM-009,Family/interpersonal,Parental attitudes measured directly,Moderator,MIXED_OR_SOURCE_SPECIFIC,survey,Repeated,parent,DS018;DS020;DS021,DS019;DS064,MIXED_ACCESS;PRIMARY_RESEARCH;RESTRICTED_COHORT,PERSON_LEVEL_SENSITIVE,NO_IF_VALID_SECONDARY_LEGAL_GATEWAY,Exact field/instrument verified; definition versioned; time coverage confirmed; missingness quantified; construct validity assessed,Do not code unavailable as absent; preserve UNKNOWN/NOT_MEASURED; predefine imputation/sensitivity in SAP,Use approved pseudonymous keys in TRE where applicable; never use direct identifiers in analysis layer,source_id; dataset/version; field name; collection date; transformation; codebook citation; hash/query,Not evidence of causation by itself,UNVERIFIED_FIELD_AVAILABILITY
FAM-010,Family/interpersonal,Family response timing,Mediator,TEMPORAL_NUMERIC,date,Historical,participant,DS018;DS020;DS021,DS019;DS064,MIXED_ACCESS;PRIMARY_RESEARCH;RESTRICTED_COHORT,PERSON_LEVEL_SENSITIVE,YES_IF_PRIMARY_PARTICIPANT_DATA,Exact field/instrument verified; definition versioned; time coverage confirmed; missingness quantified; construct validity assessed,Do not code unavailable as absent; preserve UNKNOWN/NOT_MEASURED; predefine imputation/sensitivity in SAP,Use approved pseudonymous keys in TRE where applicable; never use direct identifiers in analysis layer,source_id; dataset/version; field name; collection date; transformation; codebook citation; hash/query,Not evidence of causation by itself,UNVERIFIED_FIELD_AVAILABILITY
FAM-011,Family/interpersonal,Socioeconomic family stress,Confounder,MIXED_OR_SOURCE_SPECIFIC,index,Repeated,administrative/PRO,DS018;DS020;DS021,DS019;DS064,MIXED_ACCESS;PRIMARY_RESEARCH;RESTRICTED_COHORT,PERSON_LEVEL_SENSITIVE,NO_IF_VALID_SECONDARY_LEGAL_GATEWAY,Exact field/instrument verified; definition versioned; time coverage confirmed; missingness quantified; construct validity assessed,Do not code unavailable as absent; preserve UNKNOWN/NOT_MEASURED; predefine imputation/sensitivity in SAP,Use approved pseudonymous keys in TRE where applicable; never use direct identifiers in analysis layer,source_id; dataset/version; field name; collection date; transformation; codebook citation; hash/query,Not evidence of causation by itself,UNVERIFIED_FIELD_AVAILABILITY
FAM-012,Family/interpersonal,Parental health literacy,Moderator,NUMERIC_OR_SCALE,scale,Baseline,parent,DS018;DS020;DS021,DS019;DS064,MIXED_ACCESS;PRIMARY_RESEARCH;RESTRICTED_COHORT,PERSON_LEVEL_SENSITIVE,NO_IF_VALID_SECONDARY_LEGAL_GATEWAY,Exact field/instrument verified; definition versioned; time coverage confirmed; missingness quantified; construct validity assessed,Do not code unavailable as absent; preserve UNKNOWN/NOT_MEASURED; predefine imputation/sensitivity in SAP,Use approved pseudonymous keys in TRE where applicable; never use direct identifiers in analysis layer,source_id; dataset/version; field name; collection date; transformation; codebook citation; hash/query,Not evidence of causation by itself,UNVERIFIED_FIELD_AVAILABILITY
PEER-001,Peer network,Friendship network size,Confounder/Moderator,NUMERIC_OR_SCALE,count,Repeated,network survey,DS018;DS022;DS023,DS064;DS026,MIXED_ACCESS;OPEN;PRIMARY_RESEARCH;RESTRICTED_RESEARCH_API,PERSON_LEVEL_SENSITIVE,YES_IF_PRIMARY_PARTICIPANT_DATA,Exact field/instrument verified; definition versioned; time coverage confirmed; missingness quantified; construct validity assessed,Do not code unavailable as absent; preserve UNKNOWN/NOT_MEASURED; predefine imputation/sensitivity in SAP,Use approved pseudonymous keys in TRE where applicable; never use direct identifiers in analysis layer,source_id; dataset/version; field name; collection date; transformation; codebook citation; hash/query,Not evidence of causation by itself,UNVERIFIED_FIELD_AVAILABILITY
PEER-002,Peer network,Loneliness/social isolation,Confounder/Outcome,TEMPORAL_NUMERIC,validated scale,Repeated,PRO,DS018;DS022;DS023,DS064;DS026,MIXED_ACCESS;OPEN;PRIMARY_RESEARCH;RESTRICTED_RESEARCH_API,PERSON_LEVEL_SENSITIVE,NO_IF_VALID_SECONDARY_LEGAL_GATEWAY,Exact field/instrument verified; definition versioned; time coverage confirmed; missingness quantified; construct validity assessed,Do not code unavailable as absent; preserve UNKNOWN/NOT_MEASURED; predefine imputation/sensitivity in SAP,Use approved pseudonymous keys in TRE where applicable; never use direct identifiers in analysis layer,source_id; dataset/version; field name; collection date; transformation; codebook citation; hash/query,Not evidence of causation by itself,UNVERIFIED_FIELD_AVAILABILITY
PEER-003,Peer network,Gender-diverse peers before first presentation,Exposure/Selection factor,NUMERIC_OR_SCALE,count/proportion,Historical,network survey,DS018;DS022;DS023,DS064;DS026,MIXED_ACCESS;OPEN;PRIMARY_RESEARCH;RESTRICTED_RESEARCH_API,PERSON_LEVEL_SENSITIVE,YES_IF_PRIMARY_PARTICIPANT_DATA,Exact field/instrument verified; definition versioned; time coverage confirmed; missingness quantified; construct validity assessed,Do not code unavailable as absent; preserve UNKNOWN/NOT_MEASURED; predefine imputation/sensitivity in SAP,Use approved pseudonymous keys in TRE where applicable; never use direct identifiers in analysis layer,source_id; dataset/version; field name; collection date; transformation; codebook citation; hash/query,Not evidence of causation by itself,UNVERIFIED_FIELD_AVAILABILITY
PEER-004,Peer network,Gender-diverse peers after first presentation,Mediator/Selection factor,NUMERIC_OR_SCALE,count/proportion,Repeated,network survey,DS018;DS022;DS023,DS064;DS026,MIXED_ACCESS;OPEN;PRIMARY_RESEARCH;RESTRICTED_RESEARCH_API,PERSON_LEVEL_SENSITIVE,YES_IF_PRIMARY_PARTICIPANT_DATA,Exact field/instrument verified; definition versioned; time coverage confirmed; missingness quantified; construct validity assessed,Do not code unavailable as absent; preserve UNKNOWN/NOT_MEASURED; predefine imputation/sensitivity in SAP,Use approved pseudonymous keys in TRE where applicable; never use direct identifiers in analysis layer,source_id; dataset/version; field name; collection date; transformation; codebook citation; hash/query,Not evidence of causation by itself,UNVERIFIED_FIELD_AVAILABILITY
PEER-005,Peer network,Peer acceptance,Moderator/Outcome,NUMERIC_OR_SCALE,scale,Repeated,PRO,DS018;DS022;DS023,DS064;DS026,MIXED_ACCESS;OPEN;PRIMARY_RESEARCH;RESTRICTED_RESEARCH_API,PERSON_LEVEL_SENSITIVE,NO_IF_VALID_SECONDARY_LEGAL_GATEWAY,Exact field/instrument verified; definition versioned; time coverage confirmed; missingness quantified; construct validity assessed,Do not code unavailable as absent; preserve UNKNOWN/NOT_MEASURED; predefine imputation/sensitivity in SAP,Use approved pseudonymous keys in TRE where applicable; never use direct identifiers in analysis layer,source_id; dataset/version; field name; collection date; transformation; codebook citation; hash/query,Not evidence of causation by itself,UNVERIFIED_FIELD_AVAILABILITY
PEER-006,Peer network,Peer rejection/bullying,Exposure/Outcome,NUMERIC_OR_SCALE,scale,Repeated,PRO,DS018;DS022;DS023,DS064;DS026,MIXED_ACCESS;OPEN;PRIMARY_RESEARCH;RESTRICTED_RESEARCH_API,PERSON_LEVEL_SENSITIVE,NO_IF_VALID_SECONDARY_LEGAL_GATEWAY,Exact field/instrument verified; definition versioned; time coverage confirmed; missingness quantified; construct validity assessed,Do not code unavailable as absent; preserve UNKNOWN/NOT_MEASURED; predefine imputation/sensitivity in SAP,Use approved pseudonymous keys in TRE where applicable; never use direct identifiers in analysis layer,source_id; dataset/version; field name; collection date; transformation; codebook citation; hash/query,Not evidence of causation by itself,UNVERIFIED_FIELD_AVAILABILITY
PEER-007,Peer network,Network centrality,Moderator,MIXED_OR_SOURCE_SPECIFIC,network metric,Repeated,derived,DS018;DS022;DS023,DS064;DS026,MIXED_ACCESS;OPEN;PRIMARY_RESEARCH;RESTRICTED_RESEARCH_API,PERSON_LEVEL_SENSITIVE,NO_IF_VALID_SECONDARY_LEGAL_GATEWAY,Exact field/instrument verified; definition versioned; time coverage confirmed; missingness quantified; construct validity assessed,Do not code unavailable as absent; preserve UNKNOWN/NOT_MEASURED; predefine imputation/sensitivity in SAP,Use approved pseudonymous keys in TRE where applicable; never use direct identifiers in analysis layer,source_id; dataset/version; field name; collection date; transformation; codebook citation; hash/query,Not evidence of causation by itself,UNVERIFIED_FIELD_AVAILABILITY
PEER-008,Peer network,Friendship network change,Mediator/Outcome,MIXED_OR_SOURCE_SPECIFIC,network metric,Repeated,derived,DS018;DS022;DS023,DS064;DS026,MIXED_ACCESS;OPEN;PRIMARY_RESEARCH;RESTRICTED_RESEARCH_API,PERSON_LEVEL_SENSITIVE,NO_IF_VALID_SECONDARY_LEGAL_GATEWAY,Exact field/instrument verified; definition versioned; time coverage confirmed; missingness quantified; construct validity assessed,Do not code unavailable as absent; preserve UNKNOWN/NOT_MEASURED; predefine imputation/sensitivity in SAP,Use approved pseudonymous keys in TRE where applicable; never use direct identifiers in analysis layer,source_id; dataset/version; field name; collection date; transformation; codebook citation; hash/query,Not evidence of causation by itself,UNVERIFIED_FIELD_AVAILABILITY
PEER-009,Peer network,Homophily/social selection estimate,Selection factor,MIXED_OR_SOURCE_SPECIFIC,model estimate,Analysis,derived,DS018;DS022;DS023,DS064;DS026,MIXED_ACCESS;OPEN;PRIMARY_RESEARCH;RESTRICTED_RESEARCH_API,PERSON_LEVEL_SENSITIVE,NO_IF_VALID_SECONDARY_LEGAL_GATEWAY,Exact field/instrument verified; definition versioned; time coverage confirmed; missingness quantified; construct validity assessed,Do not code unavailable as absent; preserve UNKNOWN/NOT_MEASURED; predefine imputation/sensitivity in SAP,Use approved pseudonymous keys in TRE where applicable; never use direct identifiers in analysis layer,source_id; dataset/version; field name; collection date; transformation; codebook citation; hash/query,Not evidence of causation by itself,UNVERIFIED_FIELD_AVAILABILITY
PEER-010,Peer network,Peer influence estimate,Exposure effect,MIXED_OR_SOURCE_SPECIFIC,model estimate,Analysis,derived,DS018;DS022;DS023,DS064;DS026,MIXED_ACCESS;OPEN;PRIMARY_RESEARCH;RESTRICTED_RESEARCH_API,PERSON_LEVEL_SENSITIVE,NO_IF_VALID_SECONDARY_LEGAL_GATEWAY,Exact field/instrument verified; definition versioned; time coverage confirmed; missingness quantified; construct validity assessed,Do not code unavailable as absent; preserve UNKNOWN/NOT_MEASURED; predefine imputation/sensitivity in SAP,Use approved pseudonymous keys in TRE where applicable; never use direct identifiers in analysis layer,source_id; dataset/version; field name; collection date; transformation; codebook citation; hash/query,Not evidence of causation by itself,UNVERIFIED_FIELD_AVAILABILITY
DIG-001,Digital/social media,Age/date of first relevant web search,Exposure timing,TEMPORAL_NUMERIC,date,Historical,platform/browser export,DS022;DS023;DS024,DS025;DS026;DS027,APPLICATION_API;MIXED_ACCESS;OPEN;PUBLIC_API_LIMITED;RESTRICTED_API;RESTRICTED_RESEARCH_API,SPECIAL_CATEGORY_OR_HIGH_SENSITIVITY,NO_IF_VALID_SECONDARY_LEGAL_GATEWAY,Exact field/instrument verified; definition versioned; time coverage confirmed; missingness quantified; construct validity assessed,Do not code unavailable as absent; preserve UNKNOWN/NOT_MEASURED; predefine imputation/sensitivity in SAP,Use approved pseudonymous keys in TRE where applicable; never use direct identifiers in analysis layer,source_id; dataset/version; field name; collection date; transformation; codebook citation; hash/query,Not evidence of causation by itself,UNVERIFIED_FIELD_AVAILABILITY
DIG-002,Digital/social media,Prior distress before first relevant search,Confounder,NUMERIC_OR_SCALE,score/status,Historical,PRO/EHR,DS022;DS023;DS024,DS025;DS026;DS027,APPLICATION_API;MIXED_ACCESS;OPEN;PUBLIC_API_LIMITED;RESTRICTED_API;RESTRICTED_RESEARCH_API,SPECIAL_CATEGORY_OR_HIGH_SENSITIVITY,NO_IF_VALID_SECONDARY_LEGAL_GATEWAY,Exact field/instrument verified; definition versioned; time coverage confirmed; missingness quantified; construct validity assessed,Do not code unavailable as absent; preserve UNKNOWN/NOT_MEASURED; predefine imputation/sensitivity in SAP,Use approved pseudonymous keys in TRE where applicable; never use direct identifiers in analysis layer,source_id; dataset/version; field name; collection date; transformation; codebook citation; hash/query,Not evidence of causation by itself,UNVERIFIED_FIELD_AVAILABILITY
DIG-003,Digital/social media,First exposure to gender-related content,Exposure timing,TEMPORAL_NUMERIC,date,Historical,platform export,DS022;DS023;DS024,DS025;DS026;DS027,APPLICATION_API;MIXED_ACCESS;OPEN;PUBLIC_API_LIMITED;RESTRICTED_API;RESTRICTED_RESEARCH_API,SPECIAL_CATEGORY_OR_HIGH_SENSITIVITY,NO_IF_VALID_SECONDARY_LEGAL_GATEWAY,Exact field/instrument verified; definition versioned; time coverage confirmed; missingness quantified; construct validity assessed,Do not code unavailable as absent; preserve UNKNOWN/NOT_MEASURED; predefine imputation/sensitivity in SAP,Use approved pseudonymous keys in TRE where applicable; never use direct identifiers in analysis layer,source_id; dataset/version; field name; collection date; transformation; codebook citation; hash/query,Not evidence of causation by itself,UNVERIFIED_FIELD_AVAILABILITY
DIG-004,Digital/social media,Passive viewing duration,Exposure,TEMPORAL_NUMERIC,minutes,Repeated,platform export,DS022;DS023;DS024,DS025;DS026;DS027,APPLICATION_API;MIXED_ACCESS;OPEN;PUBLIC_API_LIMITED;RESTRICTED_API;RESTRICTED_RESEARCH_API,SPECIAL_CATEGORY_OR_HIGH_SENSITIVITY,NO_IF_VALID_SECONDARY_LEGAL_GATEWAY,Exact field/instrument verified; definition versioned; time coverage confirmed; missingness quantified; construct validity assessed,Do not code unavailable as absent; preserve UNKNOWN/NOT_MEASURED; predefine imputation/sensitivity in SAP,Use approved pseudonymous keys in TRE where applicable; never use direct identifiers in analysis layer,source_id; dataset/version; field name; collection date; transformation; codebook citation; hash/query,Not evidence of causation by itself,UNVERIFIED_FIELD_AVAILABILITY
DIG-005,Digital/social media,Active posting/commenting frequency,Exposure,NUMERIC_OR_SCALE,count,Repeated,platform export,DS022;DS023;DS024,DS025;DS026;DS027,APPLICATION_API;MIXED_ACCESS;OPEN;PUBLIC_API_LIMITED;RESTRICTED_API;RESTRICTED_RESEARCH_API,SPECIAL_CATEGORY_OR_HIGH_SENSITIVITY,NO_IF_VALID_SECONDARY_LEGAL_GATEWAY,Exact field/instrument verified; definition versioned; time coverage confirmed; missingness quantified; construct validity assessed,Do not code unavailable as absent; preserve UNKNOWN/NOT_MEASURED; predefine imputation/sensitivity in SAP,Use approved pseudonymous keys in TRE where applicable; never use direct identifiers in analysis layer,source_id; dataset/version; field name; collection date; transformation; codebook citation; hash/query,Not evidence of causation by itself,UNVERIFIED_FIELD_AVAILABILITY
DIG-006,Digital/social media,Direct-message/group participation,Exposure,TEMPORAL_NUMERIC,count/duration,Repeated,platform export,DS022;DS023;DS024,DS025;DS026;DS027,APPLICATION_API;MIXED_ACCESS;OPEN;PUBLIC_API_LIMITED;RESTRICTED_API;RESTRICTED_RESEARCH_API,SPECIAL_CATEGORY_OR_HIGH_SENSITIVITY,NO_IF_VALID_SECONDARY_LEGAL_GATEWAY,Exact field/instrument verified; definition versioned; time coverage confirmed; missingness quantified; construct validity assessed,Do not code unavailable as absent; preserve UNKNOWN/NOT_MEASURED; predefine imputation/sensitivity in SAP,Use approved pseudonymous keys in TRE where applicable; never use direct identifiers in analysis layer,source_id; dataset/version; field name; collection date; transformation; codebook citation; hash/query,Not evidence of causation by itself,UNVERIFIED_FIELD_AVAILABILITY
DIG-007,Digital/social media,Influencer/creator exposure,Exposure,MIXED_OR_SOURCE_SPECIFIC,impressions,Repeated,platform export,DS022;DS023;DS024,DS025;DS026;DS027,APPLICATION_API;MIXED_ACCESS;OPEN;PUBLIC_API_LIMITED;RESTRICTED_API;RESTRICTED_RESEARCH_API,SPECIAL_CATEGORY_OR_HIGH_SENSITIVITY,NO_IF_VALID_SECONDARY_LEGAL_GATEWAY,Exact field/instrument verified; definition versioned; time coverage confirmed; missingness quantified; construct validity assessed,Do not code unavailable as absent; preserve UNKNOWN/NOT_MEASURED; predefine imputation/sensitivity in SAP,Use approved pseudonymous keys in TRE where applicable; never use direct identifiers in analysis layer,source_id; dataset/version; field name; collection date; transformation; codebook citation; hash/query,Not evidence of causation by itself,UNVERIFIED_FIELD_AVAILABILITY
DIG-008,Digital/social media,Algorithmic recommendation sequence,Exposure,MIXED_OR_SOURCE_SPECIFIC,ordered events,Repeated,platform export,DS022;DS023;DS024,DS025;DS026;DS027,APPLICATION_API;MIXED_ACCESS;OPEN;PUBLIC_API_LIMITED;RESTRICTED_API;RESTRICTED_RESEARCH_API,SPECIAL_CATEGORY_OR_HIGH_SENSITIVITY,NO_IF_VALID_SECONDARY_LEGAL_GATEWAY,Exact field/instrument verified; definition versioned; time coverage confirmed; missingness quantified; construct validity assessed,Do not code unavailable as absent; preserve UNKNOWN/NOT_MEASURED; predefine imputation/sensitivity in SAP,Use approved pseudonymous keys in TRE where applicable; never use direct identifiers in analysis layer,source_id; dataset/version; field name; collection date; transformation; codebook citation; hash/query,Not evidence of causation by itself,UNVERIFIED_FIELD_AVAILABILITY
DIG-009,Digital/social media,Exposure intensity,Exposure,NUMERIC_OR_SCALE,standardized dose,Repeated,derived,DS022;DS023;DS024,DS025;DS026;DS027,APPLICATION_API;MIXED_ACCESS;OPEN;PUBLIC_API_LIMITED;RESTRICTED_API;RESTRICTED_RESEARCH_API,SPECIAL_CATEGORY_OR_HIGH_SENSITIVITY,NO_IF_VALID_SECONDARY_LEGAL_GATEWAY,Exact field/instrument verified; definition versioned; time coverage confirmed; missingness quantified; construct validity assessed,Do not code unavailable as absent; preserve UNKNOWN/NOT_MEASURED; predefine imputation/sensitivity in SAP,Use approved pseudonymous keys in TRE where applicable; never use direct identifiers in analysis layer,source_id; dataset/version; field name; collection date; transformation; codebook citation; hash/query,Not evidence of causation by itself,UNVERIFIED_FIELD_AVAILABILITY
DIG-010,Digital/social media,Content diversity/echo concentration,Moderator,MIXED_OR_SOURCE_SPECIFIC,entropy/index,Repeated,derived,DS022;DS023;DS024,DS025;DS026;DS027,APPLICATION_API;MIXED_ACCESS;OPEN;PUBLIC_API_LIMITED;RESTRICTED_API;RESTRICTED_RESEARCH_API,SPECIAL_CATEGORY_OR_HIGH_SENSITIVITY,NO_IF_VALID_SECONDARY_LEGAL_GATEWAY,Exact field/instrument verified; definition versioned; time coverage confirmed; missingness quantified; construct validity assessed,Do not code unavailable as absent; preserve UNKNOWN/NOT_MEASURED; predefine imputation/sensitivity in SAP,Use approved pseudonymous keys in TRE where applicable; never use direct identifiers in analysis layer,source_id; dataset/version; field name; collection date; transformation; codebook citation; hash/query,Not evidence of causation by itself,UNVERIFIED_FIELD_AVAILABILITY
DIG-011,Digital/social media,Online support received,Mediator/Outcome,NUMERIC_OR_SCALE,events/scale,Repeated,digital/PRO,DS022;DS023;DS024,DS025;DS026;DS027,APPLICATION_API;MIXED_ACCESS;OPEN;PUBLIC_API_LIMITED;RESTRICTED_API;RESTRICTED_RESEARCH_API,SPECIAL_CATEGORY_OR_HIGH_SENSITIVITY,NO_IF_VALID_SECONDARY_LEGAL_GATEWAY,Exact field/instrument verified; definition versioned; time coverage confirmed; missingness quantified; construct validity assessed,Do not code unavailable as absent; preserve UNKNOWN/NOT_MEASURED; predefine imputation/sensitivity in SAP,Use approved pseudonymous keys in TRE where applicable; never use direct identifiers in analysis layer,source_id; dataset/version; field name; collection date; transformation; codebook citation; hash/query,Not evidence of causation by itself,UNVERIFIED_FIELD_AVAILABILITY
DIG-012,Digital/social media,Online harassment,Exposure/Outcome,NUMERIC_OR_SCALE,events/scale,Repeated,digital/PRO,DS022;DS023;DS024,DS025;DS026;DS027,APPLICATION_API;MIXED_ACCESS;OPEN;PUBLIC_API_LIMITED;RESTRICTED_API;RESTRICTED_RESEARCH_API,SPECIAL_CATEGORY_OR_HIGH_SENSITIVITY,NO_IF_VALID_SECONDARY_LEGAL_GATEWAY,Exact field/instrument verified; definition versioned; time coverage confirmed; missingness quantified; construct validity assessed,Do not code unavailable as absent; preserve UNKNOWN/NOT_MEASURED; predefine imputation/sensitivity in SAP,Use approved pseudonymous keys in TRE where applicable; never use direct identifiers in analysis layer,source_id; dataset/version; field name; collection date; transformation; codebook citation; hash/query,Not evidence of causation by itself,UNVERIFIED_FIELD_AVAILABILITY
DIG-013,Digital/social media,Sponsored/commercial content exposure,Exposure,MIXED_OR_SOURCE_SPECIFIC,impressions,Repeated,platform export,DS022;DS023;DS024,DS025;DS026;DS027,APPLICATION_API;MIXED_ACCESS;OPEN;PUBLIC_API_LIMITED;RESTRICTED_API;RESTRICTED_RESEARCH_API,SPECIAL_CATEGORY_OR_HIGH_SENSITIVITY,NO_IF_VALID_SECONDARY_LEGAL_GATEWAY,Exact field/instrument verified; definition versioned; time coverage confirmed; missingness quantified; construct validity assessed,Do not code unavailable as absent; preserve UNKNOWN/NOT_MEASURED; predefine imputation/sensitivity in SAP,Use approved pseudonymous keys in TRE where applicable; never use direct identifiers in analysis layer,source_id; dataset/version; field name; collection date; transformation; codebook citation; hash/query,Not evidence of causation by itself,UNVERIFIED_FIELD_AVAILABILITY
DIG-014,Digital/social media,Advocacy content exposure,Exposure,MIXED_OR_SOURCE_SPECIFIC,impressions,Repeated,platform export,DS022;DS023;DS024,DS025;DS026;DS027,APPLICATION_API;MIXED_ACCESS;OPEN;PUBLIC_API_LIMITED;RESTRICTED_API;RESTRICTED_RESEARCH_API,SPECIAL_CATEGORY_OR_HIGH_SENSITIVITY,NO_IF_VALID_SECONDARY_LEGAL_GATEWAY,Exact field/instrument verified; definition versioned; time coverage confirmed; missingness quantified; construct validity assessed,Do not code unavailable as absent; preserve UNKNOWN/NOT_MEASURED; predefine imputation/sensitivity in SAP,Use approved pseudonymous keys in TRE where applicable; never use direct identifiers in analysis layer,source_id; dataset/version; field name; collection date; transformation; codebook citation; hash/query,Not evidence of causation by itself,UNVERIFIED_FIELD_AVAILABILITY
DIG-015,Digital/social media,Terminology adoption date,Mediator/Outcome,TEMPORAL_NUMERIC,date,Historical,digital/PRO,DS022;DS023;DS024,DS025;DS026;DS027,APPLICATION_API;MIXED_ACCESS;OPEN;PUBLIC_API_LIMITED;RESTRICTED_API;RESTRICTED_RESEARCH_API,SPECIAL_CATEGORY_OR_HIGH_SENSITIVITY,NO_IF_VALID_SECONDARY_LEGAL_GATEWAY,Exact field/instrument verified; definition versioned; time coverage confirmed; missingness quantified; construct validity assessed,Do not code unavailable as absent; preserve UNKNOWN/NOT_MEASURED; predefine imputation/sensitivity in SAP,Use approved pseudonymous keys in TRE where applicable; never use direct identifiers in analysis layer,source_id; dataset/version; field name; collection date; transformation; codebook citation; hash/query,Not evidence of causation by itself,UNVERIFIED_FIELD_AVAILABILITY
DIG-016,Digital/social media,Identity-label adoption sequence,Mediator/Outcome,MIXED_OR_SOURCE_SPECIFIC,sequence,Historical,digital/PRO,DS022;DS023;DS024,DS025;DS026;DS027,APPLICATION_API;MIXED_ACCESS;OPEN;PUBLIC_API_LIMITED;RESTRICTED_API;RESTRICTED_RESEARCH_API,SPECIAL_CATEGORY_OR_HIGH_SENSITIVITY,NO_IF_VALID_SECONDARY_LEGAL_GATEWAY,Exact field/instrument verified; definition versioned; time coverage confirmed; missingness quantified; construct validity assessed,Do not code unavailable as absent; preserve UNKNOWN/NOT_MEASURED; predefine imputation/sensitivity in SAP,Use approved pseudonymous keys in TRE where applicable; never use direct identifiers in analysis layer,source_id; dataset/version; field name; collection date; transformation; codebook citation; hash/query,Not evidence of causation by itself,UNVERIFIED_FIELD_AVAILABILITY
DIG-017,Digital/social media,Search intent category,Selection factor,CATEGORICAL_OR_CODED,category,Repeated,derived from queries,DS022;DS023;DS024,DS025;DS026;DS027,APPLICATION_API;MIXED_ACCESS;OPEN;PUBLIC_API_LIMITED;RESTRICTED_API;RESTRICTED_RESEARCH_API,SPECIAL_CATEGORY_OR_HIGH_SENSITIVITY,NO_IF_VALID_SECONDARY_LEGAL_GATEWAY,Exact field/instrument verified; definition versioned; time coverage confirmed; missingness quantified; construct validity assessed,Do not code unavailable as absent; preserve UNKNOWN/NOT_MEASURED; predefine imputation/sensitivity in SAP,Use approved pseudonymous keys in TRE where applicable; never use direct identifiers in analysis layer,source_id; dataset/version; field name; collection date; transformation; codebook citation; hash/query,Not evidence of causation by itself,UNVERIFIED_FIELD_AVAILABILITY
DIG-018,Digital/social media,Active versus passive engagement,Moderator,TEMPORAL_NUMERIC,ratio,Repeated,derived,DS022;DS023;DS024,DS025;DS026;DS027,APPLICATION_API;MIXED_ACCESS;OPEN;PUBLIC_API_LIMITED;RESTRICTED_API;RESTRICTED_RESEARCH_API,SPECIAL_CATEGORY_OR_HIGH_SENSITIVITY,NO_IF_VALID_SECONDARY_LEGAL_GATEWAY,Exact field/instrument verified; definition versioned; time coverage confirmed; missingness quantified; construct validity assessed,Do not code unavailable as absent; preserve UNKNOWN/NOT_MEASURED; predefine imputation/sensitivity in SAP,Use approved pseudonymous keys in TRE where applicable; never use direct identifiers in analysis layer,source_id; dataset/version; field name; collection date; transformation; codebook citation; hash/query,Not evidence of causation by itself,UNVERIFIED_FIELD_AVAILABILITY
DIG-019,Digital/social media,Platform used,Moderator,CATEGORICAL_OR_CODED,categorical,Repeated,platform export,DS022;DS023;DS024,DS025;DS026;DS027,APPLICATION_API;MIXED_ACCESS;OPEN;PUBLIC_API_LIMITED;RESTRICTED_API;RESTRICTED_RESEARCH_API,SPECIAL_CATEGORY_OR_HIGH_SENSITIVITY,NO_IF_VALID_SECONDARY_LEGAL_GATEWAY,Exact field/instrument verified; definition versioned; time coverage confirmed; missingness quantified; construct validity assessed,Do not code unavailable as absent; preserve UNKNOWN/NOT_MEASURED; predefine imputation/sensitivity in SAP,Use approved pseudonymous keys in TRE where applicable; never use direct identifiers in analysis layer,source_id; dataset/version; field name; collection date; transformation; codebook citation; hash/query,Not evidence of causation by itself,UNVERIFIED_FIELD_AVAILABILITY
DIG-020,Digital/social media,Platform recommender-system change date,Natural experiment,TEMPORAL_NUMERIC,date/version,Repeated,public/platform record,DS022;DS023;DS024,DS025;DS026;DS027,APPLICATION_API;MIXED_ACCESS;OPEN;PUBLIC_API_LIMITED;RESTRICTED_API;RESTRICTED_RESEARCH_API,SPECIAL_CATEGORY_OR_HIGH_SENSITIVITY,NO_IF_VALID_SECONDARY_LEGAL_GATEWAY,Exact field/instrument verified; definition versioned; time coverage confirmed; missingness quantified; construct validity assessed,Do not code unavailable as absent; preserve UNKNOWN/NOT_MEASURED; predefine imputation/sensitivity in SAP,Use approved pseudonymous keys in TRE where applicable; never use direct identifiers in analysis layer,source_id; dataset/version; field name; collection date; transformation; codebook citation; hash/query,Not evidence of causation by itself,UNVERIFIED_FIELD_AVAILABILITY
EDU-001,Education,School type,Confounder,CATEGORICAL_OR_CODED,categorical,Repeated,education record,DS016;DS054;DS055;DS056,DS057;DS018;DS013,MIXED_ACCESS;OPEN_CORPUS;REQUEST_BASED;RESTRICTED_ADMIN;RESTRICTED_TRE,PERSON_LEVEL_SENSITIVE,NO_IF_VALID_SECONDARY_LEGAL_GATEWAY,Exact field/instrument verified; definition versioned; time coverage confirmed; missingness quantified; construct validity assessed,Do not code unavailable as absent; preserve UNKNOWN/NOT_MEASURED; predefine imputation/sensitivity in SAP,Use approved pseudonymous keys in TRE where applicable; never use direct identifiers in analysis layer,source_id; dataset/version; field name; collection date; transformation; codebook citation; hash/query,Not evidence of causation by itself,UNVERIFIED_FIELD_AVAILABILITY
EDU-002,Education,School gender/sex policy version,Exposure,TEMPORAL_NUMERIC,policy/date,Repeated,school record,DS016;DS054;DS055;DS056,DS057;DS018;DS013,MIXED_ACCESS;OPEN_CORPUS;REQUEST_BASED;RESTRICTED_ADMIN;RESTRICTED_TRE,PERSON_LEVEL_SENSITIVE,NO_IF_VALID_SECONDARY_LEGAL_GATEWAY,Exact field/instrument verified; definition versioned; time coverage confirmed; missingness quantified; construct validity assessed,Do not code unavailable as absent; preserve UNKNOWN/NOT_MEASURED; predefine imputation/sensitivity in SAP,Use approved pseudonymous keys in TRE where applicable; never use direct identifiers in analysis layer,source_id; dataset/version; field name; collection date; transformation; codebook citation; hash/query,Not evidence of causation by itself,UNVERIFIED_FIELD_AVAILABILITY
EDU-003,Education,Curriculum exposure to gender/identity content,Exposure,MIXED_OR_SOURCE_SPECIFIC,hours/topics,Repeated,school record,DS016;DS054;DS055;DS056,DS057;DS018;DS013,MIXED_ACCESS;OPEN_CORPUS;REQUEST_BASED;RESTRICTED_ADMIN;RESTRICTED_TRE,PERSON_LEVEL_SENSITIVE,NO_IF_VALID_SECONDARY_LEGAL_GATEWAY,Exact field/instrument verified; definition versioned; time coverage confirmed; missingness quantified; construct validity assessed,Do not code unavailable as absent; preserve UNKNOWN/NOT_MEASURED; predefine imputation/sensitivity in SAP,Use approved pseudonymous keys in TRE where applicable; never use direct identifiers in analysis layer,source_id; dataset/version; field name; collection date; transformation; codebook citation; hash/query,Not evidence of causation by itself,UNVERIFIED_FIELD_AVAILABILITY
EDU-004,Education,Teacher/staff training exposure,Institutional exposure,TEMPORAL_NUMERIC,programme/date,Repeated,school record,DS016;DS054;DS055;DS056,DS057;DS018;DS013,MIXED_ACCESS;OPEN_CORPUS;REQUEST_BASED;RESTRICTED_ADMIN;RESTRICTED_TRE,PERSON_LEVEL_SENSITIVE,NO_IF_VALID_SECONDARY_LEGAL_GATEWAY,Exact field/instrument verified; definition versioned; time coverage confirmed; missingness quantified; construct validity assessed,Do not code unavailable as absent; preserve UNKNOWN/NOT_MEASURED; predefine imputation/sensitivity in SAP,Use approved pseudonymous keys in TRE where applicable; never use direct identifiers in analysis layer,source_id; dataset/version; field name; collection date; transformation; codebook citation; hash/query,Not evidence of causation by itself,UNVERIFIED_FIELD_AVAILABILITY
EDU-005,Education,School peer climate,Moderator,TEMPORAL_NUMERIC,validated survey,Repeated,school/PRO,DS016;DS054;DS055;DS056,DS057;DS018;DS013,MIXED_ACCESS;OPEN_CORPUS;REQUEST_BASED;RESTRICTED_ADMIN;RESTRICTED_TRE,PERSON_LEVEL_SENSITIVE,NO_IF_VALID_SECONDARY_LEGAL_GATEWAY,Exact field/instrument verified; definition versioned; time coverage confirmed; missingness quantified; construct validity assessed,Do not code unavailable as absent; preserve UNKNOWN/NOT_MEASURED; predefine imputation/sensitivity in SAP,Use approved pseudonymous keys in TRE where applicable; never use direct identifiers in analysis layer,source_id; dataset/version; field name; collection date; transformation; codebook citation; hash/query,Not evidence of causation by itself,UNVERIFIED_FIELD_AVAILABILITY
EDU-006,Education,School bullying policy,Institutional exposure,MIXED_OR_SOURCE_SPECIFIC,policy/version,Repeated,school record,DS016;DS054;DS055;DS056,DS057;DS018;DS013,MIXED_ACCESS;OPEN_CORPUS;REQUEST_BASED;RESTRICTED_ADMIN;RESTRICTED_TRE,PERSON_LEVEL_SENSITIVE,NO_IF_VALID_SECONDARY_LEGAL_GATEWAY,Exact field/instrument verified; definition versioned; time coverage confirmed; missingness quantified; construct validity assessed,Do not code unavailable as absent; preserve UNKNOWN/NOT_MEASURED; predefine imputation/sensitivity in SAP,Use approved pseudonymous keys in TRE where applicable; never use direct identifiers in analysis layer,source_id; dataset/version; field name; collection date; transformation; codebook citation; hash/query,Not evidence of causation by itself,UNVERIFIED_FIELD_AVAILABILITY
EDU-007,Education,Counselling availability/use,Exposure/Confounder,MIXED_OR_SOURCE_SPECIFIC,sessions,Repeated,school/EHR,DS016;DS054;DS055;DS056,DS057;DS018;DS013,MIXED_ACCESS;OPEN_CORPUS;REQUEST_BASED;RESTRICTED_ADMIN;RESTRICTED_TRE,PERSON_LEVEL_SENSITIVE,NO_IF_VALID_SECONDARY_LEGAL_GATEWAY,Exact field/instrument verified; definition versioned; time coverage confirmed; missingness quantified; construct validity assessed,Do not code unavailable as absent; preserve UNKNOWN/NOT_MEASURED; predefine imputation/sensitivity in SAP,Use approved pseudonymous keys in TRE where applicable; never use direct identifiers in analysis layer,source_id; dataset/version; field name; collection date; transformation; codebook citation; hash/query,Not evidence of causation by itself,UNVERIFIED_FIELD_AVAILABILITY
EDU-008,Education,School social-transition status,Exposure/Mediator,TEMPORAL_NUMERIC,status/date,Repeated,school/participant,DS016;DS054;DS055;DS056,DS057;DS018;DS013,MIXED_ACCESS;OPEN_CORPUS;REQUEST_BASED;RESTRICTED_ADMIN;RESTRICTED_TRE,PERSON_LEVEL_SENSITIVE,YES_IF_PRIMARY_PARTICIPANT_DATA,Exact field/instrument verified; definition versioned; time coverage confirmed; missingness quantified; construct validity assessed,Do not code unavailable as absent; preserve UNKNOWN/NOT_MEASURED; predefine imputation/sensitivity in SAP,Use approved pseudonymous keys in TRE where applicable; never use direct identifiers in analysis layer,source_id; dataset/version; field name; collection date; transformation; codebook citation; hash/query,Not evidence of causation by itself,UNVERIFIED_FIELD_AVAILABILITY
EDU-009,Education,Attendance,Outcome,MIXED_OR_SOURCE_SPECIFIC,days absent,Repeated,education record,DS016;DS054;DS055;DS056,DS057;DS018;DS013,MIXED_ACCESS;OPEN_CORPUS;REQUEST_BASED;RESTRICTED_ADMIN;RESTRICTED_TRE,PERSON_LEVEL_SENSITIVE,NO_IF_VALID_SECONDARY_LEGAL_GATEWAY,Exact field/instrument verified; definition versioned; time coverage confirmed; missingness quantified; construct validity assessed,Do not code unavailable as absent; preserve UNKNOWN/NOT_MEASURED; predefine imputation/sensitivity in SAP,Use approved pseudonymous keys in TRE where applicable; never use direct identifiers in analysis layer,source_id; dataset/version; field name; collection date; transformation; codebook citation; hash/query,Not evidence of causation by itself,UNVERIFIED_FIELD_AVAILABILITY
EDU-010,Education,Academic attainment,Outcome,MIXED_OR_SOURCE_SPECIFIC,grades,Repeated,education record,DS016;DS054;DS055;DS056,DS057;DS018;DS013,MIXED_ACCESS;OPEN_CORPUS;REQUEST_BASED;RESTRICTED_ADMIN;RESTRICTED_TRE,PERSON_LEVEL_SENSITIVE,NO_IF_VALID_SECONDARY_LEGAL_GATEWAY,Exact field/instrument verified; definition versioned; time coverage confirmed; missingness quantified; construct validity assessed,Do not code unavailable as absent; preserve UNKNOWN/NOT_MEASURED; predefine imputation/sensitivity in SAP,Use approved pseudonymous keys in TRE where applicable; never use direct identifiers in analysis layer,source_id; dataset/version; field name; collection date; transformation; codebook citation; hash/query,Not evidence of causation by itself,UNVERIFIED_FIELD_AVAILABILITY
EDU-011,Education,School change,Exposure,TEMPORAL_NUMERIC,date,Repeated,education record,DS016;DS054;DS055;DS056,DS057;DS018;DS013,MIXED_ACCESS;OPEN_CORPUS;REQUEST_BASED;RESTRICTED_ADMIN;RESTRICTED_TRE,PERSON_LEVEL_SENSITIVE,NO_IF_VALID_SECONDARY_LEGAL_GATEWAY,Exact field/instrument verified; definition versioned; time coverage confirmed; missingness quantified; construct validity assessed,Do not code unavailable as absent; preserve UNKNOWN/NOT_MEASURED; predefine imputation/sensitivity in SAP,Use approved pseudonymous keys in TRE where applicable; never use direct identifiers in analysis layer,source_id; dataset/version; field name; collection date; transformation; codebook citation; hash/query,Not evidence of causation by itself,UNVERIFIED_FIELD_AVAILABILITY
EDU-012,Education,Safeguarding events,Confounder/Outcome,TEMPORAL_NUMERIC,event/date,Repeated,education/social care,DS016;DS054;DS055;DS056,DS057;DS018;DS013,MIXED_ACCESS;OPEN_CORPUS;REQUEST_BASED;RESTRICTED_ADMIN;RESTRICTED_TRE,PERSON_LEVEL_SENSITIVE,NO_IF_VALID_SECONDARY_LEGAL_GATEWAY,Exact field/instrument verified; definition versioned; time coverage confirmed; missingness quantified; construct validity assessed,Do not code unavailable as absent; preserve UNKNOWN/NOT_MEASURED; predefine imputation/sensitivity in SAP,Use approved pseudonymous keys in TRE where applicable; never use direct identifiers in analysis layer,source_id; dataset/version; field name; collection date; transformation; codebook citation; hash/query,Not evidence of causation by itself,UNVERIFIED_FIELD_AVAILABILITY
SOC-001,Cultural/religious/socioeconomic,Ethnicity/cultural background,Moderator,MIXED_OR_SOURCE_SPECIFIC,self-described,Baseline,PRO/admin,DS014;DS015;DS019,DS018;DS013,MIXED_ACCESS;OPEN_AGGREGATE;RESTRICTED_TRE,PERSON_LEVEL_SENSITIVE,NO_IF_VALID_SECONDARY_LEGAL_GATEWAY,Exact field/instrument verified; definition versioned; time coverage confirmed; missingness quantified; construct validity assessed,Do not code unavailable as absent; preserve UNKNOWN/NOT_MEASURED; predefine imputation/sensitivity in SAP,Use approved pseudonymous keys in TRE where applicable; never use direct identifiers in analysis layer,source_id; dataset/version; field name; collection date; transformation; codebook citation; hash/query,Not evidence of causation by itself,UNVERIFIED_FIELD_AVAILABILITY
SOC-002,Cultural/religious/socioeconomic,Religion/belief where voluntarily provided,Moderator,MIXED_OR_SOURCE_SPECIFIC,self-described,Repeated,PRO,DS014;DS015;DS019,DS018;DS013,MIXED_ACCESS;OPEN_AGGREGATE;RESTRICTED_TRE,PERSON_LEVEL_SENSITIVE,NO_IF_VALID_SECONDARY_LEGAL_GATEWAY,Exact field/instrument verified; definition versioned; time coverage confirmed; missingness quantified; construct validity assessed,Do not code unavailable as absent; preserve UNKNOWN/NOT_MEASURED; predefine imputation/sensitivity in SAP,Use approved pseudonymous keys in TRE where applicable; never use direct identifiers in analysis layer,source_id; dataset/version; field name; collection date; transformation; codebook citation; hash/query,Not evidence of causation by itself,UNVERIFIED_FIELD_AVAILABILITY
SOC-003,Cultural/religious/socioeconomic,Religious practice intensity,Moderator,NUMERIC_OR_SCALE,scale,Repeated,PRO,DS014;DS015;DS019,DS018;DS013,MIXED_ACCESS;OPEN_AGGREGATE;RESTRICTED_TRE,PERSON_LEVEL_SENSITIVE,NO_IF_VALID_SECONDARY_LEGAL_GATEWAY,Exact field/instrument verified; definition versioned; time coverage confirmed; missingness quantified; construct validity assessed,Do not code unavailable as absent; preserve UNKNOWN/NOT_MEASURED; predefine imputation/sensitivity in SAP,Use approved pseudonymous keys in TRE where applicable; never use direct identifiers in analysis layer,source_id; dataset/version; field name; collection date; transformation; codebook citation; hash/query,Not evidence of causation by itself,UNVERIFIED_FIELD_AVAILABILITY
SOC-004,Cultural/religious/socioeconomic,Community attitudes,Moderator,MIXED_OR_SOURCE_SPECIFIC,survey/index,Repeated,area/PRO,DS014;DS015;DS019,DS018;DS013,MIXED_ACCESS;OPEN_AGGREGATE;RESTRICTED_TRE,PERSON_LEVEL_SENSITIVE,NO_IF_VALID_SECONDARY_LEGAL_GATEWAY,Exact field/instrument verified; definition versioned; time coverage confirmed; missingness quantified; construct validity assessed,Do not code unavailable as absent; preserve UNKNOWN/NOT_MEASURED; predefine imputation/sensitivity in SAP,Use approved pseudonymous keys in TRE where applicable; never use direct identifiers in analysis layer,source_id; dataset/version; field name; collection date; transformation; codebook citation; hash/query,Not evidence of causation by itself,UNVERIFIED_FIELD_AVAILABILITY
SOC-005,Cultural/religious/socioeconomic,Area deprivation,Confounder,MIXED_OR_SOURCE_SPECIFIC,IMD decile,Repeated,postcode-derived,DS014;DS015;DS019,DS018;DS013,MIXED_ACCESS;OPEN_AGGREGATE;RESTRICTED_TRE,PERSON_LEVEL_SENSITIVE,NO_IF_VALID_SECONDARY_LEGAL_GATEWAY,Exact field/instrument verified; definition versioned; time coverage confirmed; missingness quantified; construct validity assessed,Do not code unavailable as absent; preserve UNKNOWN/NOT_MEASURED; predefine imputation/sensitivity in SAP,Use approved pseudonymous keys in TRE where applicable; never use direct identifiers in analysis layer,source_id; dataset/version; field name; collection date; transformation; codebook citation; hash/query,Not evidence of causation by itself,UNVERIFIED_FIELD_AVAILABILITY
SOC-006,Cultural/religious/socioeconomic,Household income band,Confounder,MIXED_OR_SOURCE_SPECIFIC,band,Repeated,PRO/admin,DS014;DS015;DS019,DS018;DS013,MIXED_ACCESS;OPEN_AGGREGATE;RESTRICTED_TRE,PERSON_LEVEL_SENSITIVE,NO_IF_VALID_SECONDARY_LEGAL_GATEWAY,Exact field/instrument verified; definition versioned; time coverage confirmed; missingness quantified; construct validity assessed,Do not code unavailable as absent; preserve UNKNOWN/NOT_MEASURED; predefine imputation/sensitivity in SAP,Use approved pseudonymous keys in TRE where applicable; never use direct identifiers in analysis layer,source_id; dataset/version; field name; collection date; transformation; codebook citation; hash/query,Not evidence of causation by itself,UNVERIFIED_FIELD_AVAILABILITY
SOC-007,Cultural/religious/socioeconomic,Housing instability,Confounder/Outcome,MIXED_OR_SOURCE_SPECIFIC,events,Repeated,admin/PRO,DS014;DS015;DS019,DS018;DS013,MIXED_ACCESS;OPEN_AGGREGATE;RESTRICTED_TRE,PERSON_LEVEL_SENSITIVE,NO_IF_VALID_SECONDARY_LEGAL_GATEWAY,Exact field/instrument verified; definition versioned; time coverage confirmed; missingness quantified; construct validity assessed,Do not code unavailable as absent; preserve UNKNOWN/NOT_MEASURED; predefine imputation/sensitivity in SAP,Use approved pseudonymous keys in TRE where applicable; never use direct identifiers in analysis layer,source_id; dataset/version; field name; collection date; transformation; codebook citation; hash/query,Not evidence of causation by itself,UNVERIFIED_FIELD_AVAILABILITY
SOC-008,Cultural/religious/socioeconomic,Urban/rural setting,Moderator,CATEGORICAL_OR_CODED,categorical,Repeated,postcode-derived,DS014;DS015;DS019,DS018;DS013,MIXED_ACCESS;OPEN_AGGREGATE;RESTRICTED_TRE,PERSON_LEVEL_SENSITIVE,NO_IF_VALID_SECONDARY_LEGAL_GATEWAY,Exact field/instrument verified; definition versioned; time coverage confirmed; missingness quantified; construct validity assessed,Do not code unavailable as absent; preserve UNKNOWN/NOT_MEASURED; predefine imputation/sensitivity in SAP,Use approved pseudonymous keys in TRE where applicable; never use direct identifiers in analysis layer,source_id; dataset/version; field name; collection date; transformation; codebook citation; hash/query,Not evidence of causation by itself,UNVERIFIED_FIELD_AVAILABILITY
SOC-009,Cultural/religious/socioeconomic,Local political/policy context,Moderator,TEXTUAL,policy index,Repeated,public records,DS014;DS015;DS019,DS018;DS013,MIXED_ACCESS;OPEN_AGGREGATE;RESTRICTED_TRE,PERSON_LEVEL_SENSITIVE,NO_IF_VALID_SECONDARY_LEGAL_GATEWAY,Exact field/instrument verified; definition versioned; time coverage confirmed; missingness quantified; construct validity assessed,Do not code unavailable as absent; preserve UNKNOWN/NOT_MEASURED; predefine imputation/sensitivity in SAP,Use approved pseudonymous keys in TRE where applicable; never use direct identifiers in analysis layer,source_id; dataset/version; field name; collection date; transformation; codebook citation; hash/query,Not evidence of causation by itself,UNVERIFIED_FIELD_AVAILABILITY
SOC-010,Cultural/religious/socioeconomic,Community social support,Moderator,TEMPORAL_NUMERIC,validated scale,Repeated,PRO,DS014;DS015;DS019,DS018;DS013,MIXED_ACCESS;OPEN_AGGREGATE;RESTRICTED_TRE,PERSON_LEVEL_SENSITIVE,NO_IF_VALID_SECONDARY_LEGAL_GATEWAY,Exact field/instrument verified; definition versioned; time coverage confirmed; missingness quantified; construct validity assessed,Do not code unavailable as absent; preserve UNKNOWN/NOT_MEASURED; predefine imputation/sensitivity in SAP,Use approved pseudonymous keys in TRE where applicable; never use direct identifiers in analysis layer,source_id; dataset/version; field name; collection date; transformation; codebook citation; hash/query,Not evidence of causation by itself,UNVERIFIED_FIELD_AVAILABILITY
MIN-001,Minority stress/discrimination,Direct discrimination events,Exposure,NUMERIC_OR_SCALE,count/severity,Repeated,PRO/admin,DS018;DS019;DS020,DS015;DS064,MIXED_ACCESS;OPEN_AGGREGATE;PRIMARY_RESEARCH;RESTRICTED_COHORT,SPECIAL_CATEGORY_OR_HIGH_SENSITIVITY,NO_IF_VALID_SECONDARY_LEGAL_GATEWAY,Exact field/instrument verified; definition versioned; time coverage confirmed; missingness quantified; construct validity assessed,Do not code unavailable as absent; preserve UNKNOWN/NOT_MEASURED; predefine imputation/sensitivity in SAP,Use approved pseudonymous keys in TRE where applicable; never use direct identifiers in analysis layer,source_id; dataset/version; field name; collection date; transformation; codebook citation; hash/query,Not evidence of causation by itself,UNVERIFIED_FIELD_AVAILABILITY
MIN-002,Minority stress/discrimination,Anticipated stigma,Mediator/Outcome,TEMPORAL_NUMERIC,validated scale,Repeated,PRO,DS018;DS019;DS020,DS015;DS064,MIXED_ACCESS;OPEN_AGGREGATE;PRIMARY_RESEARCH;RESTRICTED_COHORT,SPECIAL_CATEGORY_OR_HIGH_SENSITIVITY,NO_IF_VALID_SECONDARY_LEGAL_GATEWAY,Exact field/instrument verified; definition versioned; time coverage confirmed; missingness quantified; construct validity assessed,Do not code unavailable as absent; preserve UNKNOWN/NOT_MEASURED; predefine imputation/sensitivity in SAP,Use approved pseudonymous keys in TRE where applicable; never use direct identifiers in analysis layer,source_id; dataset/version; field name; collection date; transformation; codebook citation; hash/query,Not evidence of causation by itself,UNVERIFIED_FIELD_AVAILABILITY
MIN-003,Minority stress/discrimination,Concealment pressure,Mediator,TEMPORAL_NUMERIC,validated scale,Repeated,PRO,DS018;DS019;DS020,DS015;DS064,MIXED_ACCESS;OPEN_AGGREGATE;PRIMARY_RESEARCH;RESTRICTED_COHORT,SPECIAL_CATEGORY_OR_HIGH_SENSITIVITY,NO_IF_VALID_SECONDARY_LEGAL_GATEWAY,Exact field/instrument verified; definition versioned; time coverage confirmed; missingness quantified; construct validity assessed,Do not code unavailable as absent; preserve UNKNOWN/NOT_MEASURED; predefine imputation/sensitivity in SAP,Use approved pseudonymous keys in TRE where applicable; never use direct identifiers in analysis layer,source_id; dataset/version; field name; collection date; transformation; codebook citation; hash/query,Not evidence of causation by itself,UNVERIFIED_FIELD_AVAILABILITY
MIN-004,Minority stress/discrimination,Identity-related rejection,Exposure/Outcome,MIXED_OR_SOURCE_SPECIFIC,events,Repeated,PRO,DS018;DS019;DS020,DS015;DS064,MIXED_ACCESS;OPEN_AGGREGATE;PRIMARY_RESEARCH;RESTRICTED_COHORT,SPECIAL_CATEGORY_OR_HIGH_SENSITIVITY,NO_IF_VALID_SECONDARY_LEGAL_GATEWAY,Exact field/instrument verified; definition versioned; time coverage confirmed; missingness quantified; construct validity assessed,Do not code unavailable as absent; preserve UNKNOWN/NOT_MEASURED; predefine imputation/sensitivity in SAP,Use approved pseudonymous keys in TRE where applicable; never use direct identifiers in analysis layer,source_id; dataset/version; field name; collection date; transformation; codebook citation; hash/query,Not evidence of causation by itself,UNVERIFIED_FIELD_AVAILABILITY
MIN-005,Minority stress/discrimination,Identity-related violence,Exposure/Outcome,MIXED_OR_SOURCE_SPECIFIC,events,Repeated,PRO/admin,DS018;DS019;DS020,DS015;DS064,MIXED_ACCESS;OPEN_AGGREGATE;PRIMARY_RESEARCH;RESTRICTED_COHORT,SPECIAL_CATEGORY_OR_HIGH_SENSITIVITY,NO_IF_VALID_SECONDARY_LEGAL_GATEWAY,Exact field/instrument verified; definition versioned; time coverage confirmed; missingness quantified; construct validity assessed,Do not code unavailable as absent; preserve UNKNOWN/NOT_MEASURED; predefine imputation/sensitivity in SAP,Use approved pseudonymous keys in TRE where applicable; never use direct identifiers in analysis layer,source_id; dataset/version; field name; collection date; transformation; codebook citation; hash/query,Not evidence of causation by itself,UNVERIFIED_FIELD_AVAILABILITY
MIN-006,Minority stress/discrimination,Internalised stigma,Mediator/Outcome,TEMPORAL_NUMERIC,validated scale,Repeated,PRO,DS018;DS019;DS020,DS015;DS064,MIXED_ACCESS;OPEN_AGGREGATE;PRIMARY_RESEARCH;RESTRICTED_COHORT,SPECIAL_CATEGORY_OR_HIGH_SENSITIVITY,NO_IF_VALID_SECONDARY_LEGAL_GATEWAY,Exact field/instrument verified; definition versioned; time coverage confirmed; missingness quantified; construct validity assessed,Do not code unavailable as absent; preserve UNKNOWN/NOT_MEASURED; predefine imputation/sensitivity in SAP,Use approved pseudonymous keys in TRE where applicable; never use direct identifiers in analysis layer,source_id; dataset/version; field name; collection date; transformation; codebook citation; hash/query,Not evidence of causation by itself,UNVERIFIED_FIELD_AVAILABILITY
MIN-007,Minority stress/discrimination,Affirming social support,Moderator/Mediator,TEMPORAL_NUMERIC,validated scale,Repeated,PRO,DS018;DS019;DS020,DS015;DS064,MIXED_ACCESS;OPEN_AGGREGATE;PRIMARY_RESEARCH;RESTRICTED_COHORT,SPECIAL_CATEGORY_OR_HIGH_SENSITIVITY,NO_IF_VALID_SECONDARY_LEGAL_GATEWAY,Exact field/instrument verified; definition versioned; time coverage confirmed; missingness quantified; construct validity assessed,Do not code unavailable as absent; preserve UNKNOWN/NOT_MEASURED; predefine imputation/sensitivity in SAP,Use approved pseudonymous keys in TRE where applicable; never use direct identifiers in analysis layer,source_id; dataset/version; field name; collection date; transformation; codebook citation; hash/query,Not evidence of causation by itself,UNVERIFIED_FIELD_AVAILABILITY
MIN-008,Minority stress/discrimination,Discrimination timing relative to distress,Temporal mediator,MIXED_OR_SOURCE_SPECIFIC,days/months,Analysis,derived,DS018;DS019;DS020,DS015;DS064,MIXED_ACCESS;OPEN_AGGREGATE;PRIMARY_RESEARCH;RESTRICTED_COHORT,SPECIAL_CATEGORY_OR_HIGH_SENSITIVITY,NO_IF_VALID_SECONDARY_LEGAL_GATEWAY,Exact field/instrument verified; definition versioned; time coverage confirmed; missingness quantified; construct validity assessed,Do not code unavailable as absent; preserve UNKNOWN/NOT_MEASURED; predefine imputation/sensitivity in SAP,Use approved pseudonymous keys in TRE where applicable; never use direct identifiers in analysis layer,source_id; dataset/version; field name; collection date; transformation; codebook citation; hash/query,Not evidence of causation by itself,UNVERIFIED_FIELD_AVAILABILITY
MKT-001,Marketing/media/advocacy,Commercial advertising impressions,Exposure,NUMERIC_OR_SCALE,count,Repeated,platform/ad archive,DS028;DS052;DS053,DS025;DS026;DS029,LICENSED;LICENSED_ARCHIVE;OPEN;OPEN_ARCHIVE;PUBLIC_API_LIMITED;RESTRICTED_RESEARCH_API,PERSON_LEVEL_SENSITIVE,NO_IF_VALID_SECONDARY_LEGAL_GATEWAY,Exact field/instrument verified; definition versioned; time coverage confirmed; missingness quantified; construct validity assessed,Do not code unavailable as absent; preserve UNKNOWN/NOT_MEASURED; predefine imputation/sensitivity in SAP,Use approved pseudonymous keys in TRE where applicable; never use direct identifiers in analysis layer,source_id; dataset/version; field name; collection date; transformation; codebook citation; hash/query,Not evidence of causation by itself,UNVERIFIED_FIELD_AVAILABILITY
MKT-002,Marketing/media/advocacy,Healthcare provider marketing exposure,Exposure,NUMERIC_OR_SCALE,count,Repeated,digital/public,DS028;DS052;DS053,DS025;DS026;DS029,LICENSED;LICENSED_ARCHIVE;OPEN;OPEN_ARCHIVE;PUBLIC_API_LIMITED;RESTRICTED_RESEARCH_API,PERSON_LEVEL_SENSITIVE,NO_IF_VALID_SECONDARY_LEGAL_GATEWAY,Exact field/instrument verified; definition versioned; time coverage confirmed; missingness quantified; construct validity assessed,Do not code unavailable as absent; preserve UNKNOWN/NOT_MEASURED; predefine imputation/sensitivity in SAP,Use approved pseudonymous keys in TRE where applicable; never use direct identifiers in analysis layer,source_id; dataset/version; field name; collection date; transformation; codebook citation; hash/query,Not evidence of causation by itself,UNVERIFIED_FIELD_AVAILABILITY
MKT-003,Marketing/media/advocacy,Influencer sponsorship exposure,Exposure,NUMERIC_OR_SCALE,count,Repeated,digital,DS028;DS052;DS053,DS025;DS026;DS029,LICENSED;LICENSED_ARCHIVE;OPEN;OPEN_ARCHIVE;PUBLIC_API_LIMITED;RESTRICTED_RESEARCH_API,PERSON_LEVEL_SENSITIVE,NO_IF_VALID_SECONDARY_LEGAL_GATEWAY,Exact field/instrument verified; definition versioned; time coverage confirmed; missingness quantified; construct validity assessed,Do not code unavailable as absent; preserve UNKNOWN/NOT_MEASURED; predefine imputation/sensitivity in SAP,Use approved pseudonymous keys in TRE where applicable; never use direct identifiers in analysis layer,source_id; dataset/version; field name; collection date; transformation; codebook citation; hash/query,Not evidence of causation by itself,UNVERIFIED_FIELD_AVAILABILITY
MKT-004,Marketing/media/advocacy,Advocacy campaign exposure,Exposure,NUMERIC_OR_SCALE,count,Repeated,digital/public,DS028;DS052;DS053,DS025;DS026;DS029,LICENSED;LICENSED_ARCHIVE;OPEN;OPEN_ARCHIVE;PUBLIC_API_LIMITED;RESTRICTED_RESEARCH_API,PERSON_LEVEL_SENSITIVE,NO_IF_VALID_SECONDARY_LEGAL_GATEWAY,Exact field/instrument verified; definition versioned; time coverage confirmed; missingness quantified; construct validity assessed,Do not code unavailable as absent; preserve UNKNOWN/NOT_MEASURED; predefine imputation/sensitivity in SAP,Use approved pseudonymous keys in TRE where applicable; never use direct identifiers in analysis layer,source_id; dataset/version; field name; collection date; transformation; codebook citation; hash/query,Not evidence of causation by itself,UNVERIFIED_FIELD_AVAILABILITY
MKT-005,Marketing/media/advocacy,Mainstream news exposure,Exposure,NUMERIC_OR_SCALE,count/minutes,Repeated,digital/PRO,DS028;DS052;DS053,DS025;DS026;DS029,LICENSED;LICENSED_ARCHIVE;OPEN;OPEN_ARCHIVE;PUBLIC_API_LIMITED;RESTRICTED_RESEARCH_API,PERSON_LEVEL_SENSITIVE,NO_IF_VALID_SECONDARY_LEGAL_GATEWAY,Exact field/instrument verified; definition versioned; time coverage confirmed; missingness quantified; construct validity assessed,Do not code unavailable as absent; preserve UNKNOWN/NOT_MEASURED; predefine imputation/sensitivity in SAP,Use approved pseudonymous keys in TRE where applicable; never use direct identifiers in analysis layer,source_id; dataset/version; field name; collection date; transformation; codebook citation; hash/query,Not evidence of causation by itself,UNVERIFIED_FIELD_AVAILABILITY
MKT-006,Marketing/media/advocacy,Entertainment media exposure,Exposure,NUMERIC_OR_SCALE,count/minutes,Repeated,digital/PRO,DS028;DS052;DS053,DS025;DS026;DS029,LICENSED;LICENSED_ARCHIVE;OPEN;OPEN_ARCHIVE;PUBLIC_API_LIMITED;RESTRICTED_RESEARCH_API,PERSON_LEVEL_SENSITIVE,NO_IF_VALID_SECONDARY_LEGAL_GATEWAY,Exact field/instrument verified; definition versioned; time coverage confirmed; missingness quantified; construct validity assessed,Do not code unavailable as absent; preserve UNKNOWN/NOT_MEASURED; predefine imputation/sensitivity in SAP,Use approved pseudonymous keys in TRE where applicable; never use direct identifiers in analysis layer,source_id; dataset/version; field name; collection date; transformation; codebook citation; hash/query,Not evidence of causation by itself,UNVERIFIED_FIELD_AVAILABILITY
MKT-007,Marketing/media/advocacy,Message framing category,Exposure feature,TEMPORAL_NUMERIC,categorical,Repeated,content coding,DS028;DS052;DS053,DS025;DS026;DS029,LICENSED;LICENSED_ARCHIVE;OPEN;OPEN_ARCHIVE;PUBLIC_API_LIMITED;RESTRICTED_RESEARCH_API,PERSON_LEVEL_SENSITIVE,NO_IF_VALID_SECONDARY_LEGAL_GATEWAY,Exact field/instrument verified; definition versioned; time coverage confirmed; missingness quantified; construct validity assessed,Do not code unavailable as absent; preserve UNKNOWN/NOT_MEASURED; predefine imputation/sensitivity in SAP,Use approved pseudonymous keys in TRE where applicable; never use direct identifiers in analysis layer,source_id; dataset/version; field name; collection date; transformation; codebook citation; hash/query,Not evidence of causation by itself,UNVERIFIED_FIELD_AVAILABILITY
MKT-008,Marketing/media/advocacy,Authority cue presence,Exposure feature,BINARY,binary/index,Repeated,content coding,DS028;DS052;DS053,DS025;DS026;DS029,LICENSED;LICENSED_ARCHIVE;OPEN;OPEN_ARCHIVE;PUBLIC_API_LIMITED;RESTRICTED_RESEARCH_API,PERSON_LEVEL_SENSITIVE,NO_IF_VALID_SECONDARY_LEGAL_GATEWAY,Exact field/instrument verified; definition versioned; time coverage confirmed; missingness quantified; construct validity assessed,Do not code unavailable as absent; preserve UNKNOWN/NOT_MEASURED; predefine imputation/sensitivity in SAP,Use approved pseudonymous keys in TRE where applicable; never use direct identifiers in analysis layer,source_id; dataset/version; field name; collection date; transformation; codebook citation; hash/query,Not evidence of causation by itself,UNVERIFIED_FIELD_AVAILABILITY
MKT-009,Marketing/media/advocacy,Emotional framing intensity,Exposure feature,NUMERIC_OR_SCALE,scale,Repeated,content coding,DS028;DS052;DS053,DS025;DS026;DS029,LICENSED;LICENSED_ARCHIVE;OPEN;OPEN_ARCHIVE;PUBLIC_API_LIMITED;RESTRICTED_RESEARCH_API,PERSON_LEVEL_SENSITIVE,NO_IF_VALID_SECONDARY_LEGAL_GATEWAY,Exact field/instrument verified; definition versioned; time coverage confirmed; missingness quantified; construct validity assessed,Do not code unavailable as absent; preserve UNKNOWN/NOT_MEASURED; predefine imputation/sensitivity in SAP,Use approved pseudonymous keys in TRE where applicable; never use direct identifiers in analysis layer,source_id; dataset/version; field name; collection date; transformation; codebook citation; hash/query,Not evidence of causation by itself,UNVERIFIED_FIELD_AVAILABILITY
MKT-010,Marketing/media/advocacy,Targeted versus incidental exposure,Moderator,CATEGORICAL_OR_CODED,categorical,Repeated,platform export,DS028;DS052;DS053,DS025;DS026;DS029,LICENSED;LICENSED_ARCHIVE;OPEN;OPEN_ARCHIVE;PUBLIC_API_LIMITED;RESTRICTED_RESEARCH_API,PERSON_LEVEL_SENSITIVE,NO_IF_VALID_SECONDARY_LEGAL_GATEWAY,Exact field/instrument verified; definition versioned; time coverage confirmed; missingness quantified; construct validity assessed,Do not code unavailable as absent; preserve UNKNOWN/NOT_MEASURED; predefine imputation/sensitivity in SAP,Use approved pseudonymous keys in TRE where applicable; never use direct identifiers in analysis layer,source_id; dataset/version; field name; collection date; transformation; codebook citation; hash/query,Not evidence of causation by itself,UNVERIFIED_FIELD_AVAILABILITY
MKT-011,Marketing/media/advocacy,Engagement response,Mediator,TEMPORAL_NUMERIC,click/comment/share,Repeated,platform export,DS028;DS052;DS053,DS025;DS026;DS029,LICENSED;LICENSED_ARCHIVE;OPEN;OPEN_ARCHIVE;PUBLIC_API_LIMITED;RESTRICTED_RESEARCH_API,PERSON_LEVEL_SENSITIVE,NO_IF_VALID_SECONDARY_LEGAL_GATEWAY,Exact field/instrument verified; definition versioned; time coverage confirmed; missingness quantified; construct validity assessed,Do not code unavailable as absent; preserve UNKNOWN/NOT_MEASURED; predefine imputation/sensitivity in SAP,Use approved pseudonymous keys in TRE where applicable; never use direct identifiers in analysis layer,source_id; dataset/version; field name; collection date; transformation; codebook citation; hash/query,Not evidence of causation by itself,UNVERIFIED_FIELD_AVAILABILITY
MKT-012,Marketing/media/advocacy,Commercial conflict/sponsorship disclosure,Context variable,BINARY,binary/details,Repeated,public records,DS028;DS052;DS053,DS025;DS026;DS029,LICENSED;LICENSED_ARCHIVE;OPEN;OPEN_ARCHIVE;PUBLIC_API_LIMITED;RESTRICTED_RESEARCH_API,PERSON_LEVEL_SENSITIVE,NO_IF_VALID_SECONDARY_LEGAL_GATEWAY,Exact field/instrument verified; definition versioned; time coverage confirmed; missingness quantified; construct validity assessed,Do not code unavailable as absent; preserve UNKNOWN/NOT_MEASURED; predefine imputation/sensitivity in SAP,Use approved pseudonymous keys in TRE where applicable; never use direct identifiers in analysis layer,source_id; dataset/version; field name; collection date; transformation; codebook citation; hash/query,Not evidence of causation by itself,UNVERIFIED_FIELD_AVAILABILITY
HC-001,Healthcare pathway,Date of first healthcare presentation,Outcome/process,TEMPORAL_NUMERIC,date,Historical,EHR,DS001;DS002;DS003;DS004;DS061,DS005;DS062,RESTRICTED_LICENSED;RESTRICTED_STUDY;RESTRICTED_TRE,PERSON_LEVEL_SENSITIVE,NO_IF_VALID_SECONDARY_LEGAL_GATEWAY,Exact field/instrument verified; definition versioned; time coverage confirmed; missingness quantified; construct validity assessed,Do not code unavailable as absent; preserve UNKNOWN/NOT_MEASURED; predefine imputation/sensitivity in SAP,Use approved pseudonymous keys in TRE where applicable; never use direct identifiers in analysis layer,source_id; dataset/version; field name; collection date; transformation; codebook citation; hash/query,Not evidence of causation by itself,UNVERIFIED_FIELD_AVAILABILITY
HC-002,Healthcare pathway,Referral source,Selection factor,CATEGORICAL_OR_CODED,categorical,Historical,EHR,DS001;DS002;DS003;DS004;DS061,DS005;DS062,RESTRICTED_LICENSED;RESTRICTED_STUDY;RESTRICTED_TRE,PERSON_LEVEL_SENSITIVE,NO_IF_VALID_SECONDARY_LEGAL_GATEWAY,Exact field/instrument verified; definition versioned; time coverage confirmed; missingness quantified; construct validity assessed,Do not code unavailable as absent; preserve UNKNOWN/NOT_MEASURED; predefine imputation/sensitivity in SAP,Use approved pseudonymous keys in TRE where applicable; never use direct identifiers in analysis layer,source_id; dataset/version; field name; collection date; transformation; codebook citation; hash/query,Not evidence of causation by itself,UNVERIFIED_FIELD_AVAILABILITY
HC-003,Healthcare pathway,Waiting time to specialist assessment,Exposure/Outcome,TEMPORAL_NUMERIC,days,Repeated,EHR,DS001;DS002;DS003;DS004;DS061,DS005;DS062,RESTRICTED_LICENSED;RESTRICTED_STUDY;RESTRICTED_TRE,PERSON_LEVEL_SENSITIVE,NO_IF_VALID_SECONDARY_LEGAL_GATEWAY,Exact field/instrument verified; definition versioned; time coverage confirmed; missingness quantified; construct validity assessed,Do not code unavailable as absent; preserve UNKNOWN/NOT_MEASURED; predefine imputation/sensitivity in SAP,Use approved pseudonymous keys in TRE where applicable; never use direct identifiers in analysis layer,source_id; dataset/version; field name; collection date; transformation; codebook citation; hash/query,Not evidence of causation by itself,UNVERIFIED_FIELD_AVAILABILITY
HC-004,Healthcare pathway,Pre-referral mental-health care,Confounder/Exposure,TEMPORAL_NUMERIC,type/duration,Historical,EHR,DS001;DS002;DS003;DS004;DS061,DS005;DS062,RESTRICTED_LICENSED;RESTRICTED_STUDY;RESTRICTED_TRE,PERSON_LEVEL_SENSITIVE,NO_IF_VALID_SECONDARY_LEGAL_GATEWAY,Exact field/instrument verified; definition versioned; time coverage confirmed; missingness quantified; construct validity assessed,Do not code unavailable as absent; preserve UNKNOWN/NOT_MEASURED; predefine imputation/sensitivity in SAP,Use approved pseudonymous keys in TRE where applicable; never use direct identifiers in analysis layer,source_id; dataset/version; field name; collection date; transformation; codebook citation; hash/query,Not evidence of causation by itself,UNVERIFIED_FIELD_AVAILABILITY
HC-005,Healthcare pathway,Diagnostic framework used,Measurement context,MIXED_OR_SOURCE_SPECIFIC,DSM/ICD/version,Repeated,EHR,DS001;DS002;DS003;DS004;DS061,DS005;DS062,RESTRICTED_LICENSED;RESTRICTED_STUDY;RESTRICTED_TRE,PERSON_LEVEL_SENSITIVE,NO_IF_VALID_SECONDARY_LEGAL_GATEWAY,Exact field/instrument verified; definition versioned; time coverage confirmed; missingness quantified; construct validity assessed,Do not code unavailable as absent; preserve UNKNOWN/NOT_MEASURED; predefine imputation/sensitivity in SAP,Use approved pseudonymous keys in TRE where applicable; never use direct identifiers in analysis layer,source_id; dataset/version; field name; collection date; transformation; codebook citation; hash/query,Not evidence of causation by itself,UNVERIFIED_FIELD_AVAILABILITY
HC-006,Healthcare pathway,Assessment duration,Process variable,TEMPORAL_NUMERIC,hours/sessions,Repeated,EHR,DS001;DS002;DS003;DS004;DS061,DS005;DS062,RESTRICTED_LICENSED;RESTRICTED_STUDY;RESTRICTED_TRE,PERSON_LEVEL_SENSITIVE,NO_IF_VALID_SECONDARY_LEGAL_GATEWAY,Exact field/instrument verified; definition versioned; time coverage confirmed; missingness quantified; construct validity assessed,Do not code unavailable as absent; preserve UNKNOWN/NOT_MEASURED; predefine imputation/sensitivity in SAP,Use approved pseudonymous keys in TRE where applicable; never use direct identifiers in analysis layer,source_id; dataset/version; field name; collection date; transformation; codebook citation; hash/query,Not evidence of causation by itself,UNVERIFIED_FIELD_AVAILABILITY
HC-007,Healthcare pathway,Number/profession of assessors,Process variable,NUMERIC_OR_SCALE,count/categories,Repeated,EHR,DS001;DS002;DS003;DS004;DS061,DS005;DS062,RESTRICTED_LICENSED;RESTRICTED_STUDY;RESTRICTED_TRE,PERSON_LEVEL_SENSITIVE,NO_IF_VALID_SECONDARY_LEGAL_GATEWAY,Exact field/instrument verified; definition versioned; time coverage confirmed; missingness quantified; construct validity assessed,Do not code unavailable as absent; preserve UNKNOWN/NOT_MEASURED; predefine imputation/sensitivity in SAP,Use approved pseudonymous keys in TRE where applicable; never use direct identifiers in analysis layer,source_id; dataset/version; field name; collection date; transformation; codebook citation; hash/query,Not evidence of causation by itself,UNVERIFIED_FIELD_AVAILABILITY
HC-008,Healthcare pathway,MDT review present,Process variable,BINARY,yes/no,Repeated,EHR,DS001;DS002;DS003;DS004;DS061,DS005;DS062,RESTRICTED_LICENSED;RESTRICTED_STUDY;RESTRICTED_TRE,PERSON_LEVEL_SENSITIVE,NO_IF_VALID_SECONDARY_LEGAL_GATEWAY,Exact field/instrument verified; definition versioned; time coverage confirmed; missingness quantified; construct validity assessed,Do not code unavailable as absent; preserve UNKNOWN/NOT_MEASURED; predefine imputation/sensitivity in SAP,Use approved pseudonymous keys in TRE where applicable; never use direct identifiers in analysis layer,source_id; dataset/version; field name; collection date; transformation; codebook citation; hash/query,Not evidence of causation by itself,UNVERIFIED_FIELD_AVAILABILITY
HC-009,Healthcare pathway,Psychiatric assessment completeness,Process variable,NUMERIC_OR_SCALE,domain score,Repeated,EHR,DS001;DS002;DS003;DS004;DS061,DS005;DS062,RESTRICTED_LICENSED;RESTRICTED_STUDY;RESTRICTED_TRE,PERSON_LEVEL_SENSITIVE,NO_IF_VALID_SECONDARY_LEGAL_GATEWAY,Exact field/instrument verified; definition versioned; time coverage confirmed; missingness quantified; construct validity assessed,Do not code unavailable as absent; preserve UNKNOWN/NOT_MEASURED; predefine imputation/sensitivity in SAP,Use approved pseudonymous keys in TRE where applicable; never use direct identifiers in analysis layer,source_id; dataset/version; field name; collection date; transformation; codebook citation; hash/query,Not evidence of causation by itself,UNVERIFIED_FIELD_AVAILABILITY
HC-010,Healthcare pathway,Neurodevelopmental assessment completeness,Process variable,NUMERIC_OR_SCALE,domain score,Repeated,EHR,DS001;DS002;DS003;DS004;DS061,DS005;DS062,RESTRICTED_LICENSED;RESTRICTED_STUDY;RESTRICTED_TRE,PERSON_LEVEL_SENSITIVE,NO_IF_VALID_SECONDARY_LEGAL_GATEWAY,Exact field/instrument verified; definition versioned; time coverage confirmed; missingness quantified; construct validity assessed,Do not code unavailable as absent; preserve UNKNOWN/NOT_MEASURED; predefine imputation/sensitivity in SAP,Use approved pseudonymous keys in TRE where applicable; never use direct identifiers in analysis layer,source_id; dataset/version; field name; collection date; transformation; codebook citation; hash/query,Not evidence of causation by itself,UNVERIFIED_FIELD_AVAILABILITY
HC-011,Healthcare pathway,Differential diagnoses considered,Process variable,NUMERIC_OR_SCALE,list/count,Repeated,EHR,DS001;DS002;DS003;DS004;DS061,DS005;DS062,RESTRICTED_LICENSED;RESTRICTED_STUDY;RESTRICTED_TRE,PERSON_LEVEL_SENSITIVE,NO_IF_VALID_SECONDARY_LEGAL_GATEWAY,Exact field/instrument verified; definition versioned; time coverage confirmed; missingness quantified; construct validity assessed,Do not code unavailable as absent; preserve UNKNOWN/NOT_MEASURED; predefine imputation/sensitivity in SAP,Use approved pseudonymous keys in TRE where applicable; never use direct identifiers in analysis layer,source_id; dataset/version; field name; collection date; transformation; codebook citation; hash/query,Not evidence of causation by itself,UNVERIFIED_FIELD_AVAILABILITY
HC-012,Healthcare pathway,Biopsychosocial formulation documented,Process variable,BINARY,yes/no/quality,Repeated,EHR,DS001;DS002;DS003;DS004;DS061,DS005;DS062,RESTRICTED_LICENSED;RESTRICTED_STUDY;RESTRICTED_TRE,PERSON_LEVEL_SENSITIVE,NO_IF_VALID_SECONDARY_LEGAL_GATEWAY,Exact field/instrument verified; definition versioned; time coverage confirmed; missingness quantified; construct validity assessed,Do not code unavailable as absent; preserve UNKNOWN/NOT_MEASURED; predefine imputation/sensitivity in SAP,Use approved pseudonymous keys in TRE where applicable; never use direct identifiers in analysis layer,source_id; dataset/version; field name; collection date; transformation; codebook citation; hash/query,Not evidence of causation by itself,UNVERIFIED_FIELD_AVAILABILITY
HC-013,Healthcare pathway,Validated instruments used,Measurement context,TEMPORAL_NUMERIC,instrument/version,Repeated,EHR,DS001;DS002;DS003;DS004;DS061,DS005;DS062,RESTRICTED_LICENSED;RESTRICTED_STUDY;RESTRICTED_TRE,PERSON_LEVEL_SENSITIVE,NO_IF_VALID_SECONDARY_LEGAL_GATEWAY,Exact field/instrument verified; definition versioned; time coverage confirmed; missingness quantified; construct validity assessed,Do not code unavailable as absent; preserve UNKNOWN/NOT_MEASURED; predefine imputation/sensitivity in SAP,Use approved pseudonymous keys in TRE where applicable; never use direct identifiers in analysis layer,source_id; dataset/version; field name; collection date; transformation; codebook citation; hash/query,Not evidence of causation by itself,UNVERIFIED_FIELD_AVAILABILITY
HC-014,Healthcare pathway,Social-transition advice,Exposure,TEMPORAL_NUMERIC,content/date,Repeated,EHR,DS001;DS002;DS003;DS004;DS061,DS005;DS062,RESTRICTED_LICENSED;RESTRICTED_STUDY;RESTRICTED_TRE,PERSON_LEVEL_SENSITIVE,NO_IF_VALID_SECONDARY_LEGAL_GATEWAY,Exact field/instrument verified; definition versioned; time coverage confirmed; missingness quantified; construct validity assessed,Do not code unavailable as absent; preserve UNKNOWN/NOT_MEASURED; predefine imputation/sensitivity in SAP,Use approved pseudonymous keys in TRE where applicable; never use direct identifiers in analysis layer,source_id; dataset/version; field name; collection date; transformation; codebook citation; hash/query,Not evidence of causation by itself,UNVERIFIED_FIELD_AVAILABILITY
HC-015,Healthcare pathway,Psychological intervention,Treatment,NUMERIC_OR_SCALE,type/dose,Repeated,EHR,DS001;DS002;DS003;DS004;DS061,DS005;DS062,RESTRICTED_LICENSED;RESTRICTED_STUDY;RESTRICTED_TRE,PERSON_LEVEL_SENSITIVE,NO_IF_VALID_SECONDARY_LEGAL_GATEWAY,Exact field/instrument verified; definition versioned; time coverage confirmed; missingness quantified; construct validity assessed,Do not code unavailable as absent; preserve UNKNOWN/NOT_MEASURED; predefine imputation/sensitivity in SAP,Use approved pseudonymous keys in TRE where applicable; never use direct identifiers in analysis layer,source_id; dataset/version; field name; collection date; transformation; codebook citation; hash/query,Not evidence of causation by itself,UNVERIFIED_FIELD_AVAILABILITY
HC-016,Healthcare pathway,Endocrine referral,Treatment process,TEMPORAL_NUMERIC,date,Repeated,EHR,DS001;DS002;DS003;DS004;DS061,DS005;DS062,RESTRICTED_LICENSED;RESTRICTED_STUDY;RESTRICTED_TRE,PERSON_LEVEL_SENSITIVE,NO_IF_VALID_SECONDARY_LEGAL_GATEWAY,Exact field/instrument verified; definition versioned; time coverage confirmed; missingness quantified; construct validity assessed,Do not code unavailable as absent; preserve UNKNOWN/NOT_MEASURED; predefine imputation/sensitivity in SAP,Use approved pseudonymous keys in TRE where applicable; never use direct identifiers in analysis layer,source_id; dataset/version; field name; collection date; transformation; codebook citation; hash/query,Not evidence of causation by itself,UNVERIFIED_FIELD_AVAILABILITY
HC-017,Healthcare pathway,Hormonal treatment exposure,Treatment,TEMPORAL_NUMERIC,drug/dose/date,Repeated,EHR,DS001;DS002;DS003;DS004;DS061,DS005;DS062,RESTRICTED_LICENSED;RESTRICTED_STUDY;RESTRICTED_TRE,PERSON_LEVEL_SENSITIVE,NO_IF_VALID_SECONDARY_LEGAL_GATEWAY,Exact field/instrument verified; definition versioned; time coverage confirmed; missingness quantified; construct validity assessed,Do not code unavailable as absent; preserve UNKNOWN/NOT_MEASURED; predefine imputation/sensitivity in SAP,Use approved pseudonymous keys in TRE where applicable; never use direct identifiers in analysis layer,source_id; dataset/version; field name; collection date; transformation; codebook citation; hash/query,Not evidence of causation by itself,UNVERIFIED_FIELD_AVAILABILITY
HC-018,Healthcare pathway,Surgical treatment exposure,Treatment,TEMPORAL_NUMERIC,procedure/date,Repeated,EHR,DS001;DS002;DS003;DS004;DS061,DS005;DS062,RESTRICTED_LICENSED;RESTRICTED_STUDY;RESTRICTED_TRE,PERSON_LEVEL_SENSITIVE,NO_IF_VALID_SECONDARY_LEGAL_GATEWAY,Exact field/instrument verified; definition versioned; time coverage confirmed; missingness quantified; construct validity assessed,Do not code unavailable as absent; preserve UNKNOWN/NOT_MEASURED; predefine imputation/sensitivity in SAP,Use approved pseudonymous keys in TRE where applicable; never use direct identifiers in analysis layer,source_id; dataset/version; field name; collection date; transformation; codebook citation; hash/query,Not evidence of causation by itself,UNVERIFIED_FIELD_AVAILABILITY
HC-019,Healthcare pathway,Consent process completeness,Process variable,NUMERIC_OR_SCALE,audit score,Repeated,EHR,DS001;DS002;DS003;DS004;DS061,DS005;DS062,RESTRICTED_LICENSED;RESTRICTED_STUDY;RESTRICTED_TRE,PERSON_LEVEL_SENSITIVE,NO_IF_VALID_SECONDARY_LEGAL_GATEWAY,Exact field/instrument verified; definition versioned; time coverage confirmed; missingness quantified; construct validity assessed,Do not code unavailable as absent; preserve UNKNOWN/NOT_MEASURED; predefine imputation/sensitivity in SAP,Use approved pseudonymous keys in TRE where applicable; never use direct identifiers in analysis layer,source_id; dataset/version; field name; collection date; transformation; codebook citation; hash/query,Not evidence of causation by itself,UNVERIFIED_FIELD_AVAILABILITY
HC-020,Healthcare pathway,Follow-up intensity,Process variable,TEMPORAL_NUMERIC,visits/year,Repeated,EHR,DS001;DS002;DS003;DS004;DS061,DS005;DS062,RESTRICTED_LICENSED;RESTRICTED_STUDY;RESTRICTED_TRE,PERSON_LEVEL_SENSITIVE,NO_IF_VALID_SECONDARY_LEGAL_GATEWAY,Exact field/instrument verified; definition versioned; time coverage confirmed; missingness quantified; construct validity assessed,Do not code unavailable as absent; preserve UNKNOWN/NOT_MEASURED; predefine imputation/sensitivity in SAP,Use approved pseudonymous keys in TRE where applicable; never use direct identifiers in analysis layer,source_id; dataset/version; field name; collection date; transformation; codebook citation; hash/query,Not evidence of causation by itself,UNVERIFIED_FIELD_AVAILABILITY
HC-021,Healthcare pathway,Outcome measurement completeness,Measurement artifact,NUMERIC_OR_SCALE,score,Repeated,EHR,DS001;DS002;DS003;DS004;DS061,DS005;DS062,RESTRICTED_LICENSED;RESTRICTED_STUDY;RESTRICTED_TRE,PERSON_LEVEL_SENSITIVE,NO_IF_VALID_SECONDARY_LEGAL_GATEWAY,Exact field/instrument verified; definition versioned; time coverage confirmed; missingness quantified; construct validity assessed,Do not code unavailable as absent; preserve UNKNOWN/NOT_MEASURED; predefine imputation/sensitivity in SAP,Use approved pseudonymous keys in TRE where applicable; never use direct identifiers in analysis layer,source_id; dataset/version; field name; collection date; transformation; codebook citation; hash/query,Not evidence of causation by itself,UNVERIFIED_FIELD_AVAILABILITY
HC-022,Healthcare pathway,Treatment discontinuation/change,Outcome,TEMPORAL_NUMERIC,event/date/reason,Repeated,EHR/PRO,DS001;DS002;DS003;DS004;DS061,DS005;DS062,RESTRICTED_LICENSED;RESTRICTED_STUDY;RESTRICTED_TRE,PERSON_LEVEL_SENSITIVE,NO_IF_VALID_SECONDARY_LEGAL_GATEWAY,Exact field/instrument verified; definition versioned; time coverage confirmed; missingness quantified; construct validity assessed,Do not code unavailable as absent; preserve UNKNOWN/NOT_MEASURED; predefine imputation/sensitivity in SAP,Use approved pseudonymous keys in TRE where applicable; never use direct identifiers in analysis layer,source_id; dataset/version; field name; collection date; transformation; codebook citation; hash/query,Not evidence of causation by itself,UNVERIFIED_FIELD_AVAILABILITY
CLN-001,Clinician,Clinician profession/specialty,Moderator,CATEGORICAL_OR_CODED,categorical,Repeated,workforce data,DS046;DS058;DS064,DS065;DS045,MIXED_ACCESS;OPEN_CORPUS;PRIMARY_RESEARCH,PERSON_LEVEL_SENSITIVE,NO_IF_VALID_SECONDARY_LEGAL_GATEWAY,Exact field/instrument verified; definition versioned; time coverage confirmed; missingness quantified; construct validity assessed,Do not code unavailable as absent; preserve UNKNOWN/NOT_MEASURED; predefine imputation/sensitivity in SAP,Use approved pseudonymous keys in TRE where applicable; never use direct identifiers in analysis layer,source_id; dataset/version; field name; collection date; transformation; codebook citation; hash/query,Not evidence of causation by itself,UNVERIFIED_FIELD_AVAILABILITY
CLN-002,Clinician,Years of clinical experience,Moderator,TEMPORAL_NUMERIC,years,Repeated,workforce data,DS046;DS058;DS064,DS065;DS045,MIXED_ACCESS;OPEN_CORPUS;PRIMARY_RESEARCH,PERSON_LEVEL_SENSITIVE,NO_IF_VALID_SECONDARY_LEGAL_GATEWAY,Exact field/instrument verified; definition versioned; time coverage confirmed; missingness quantified; construct validity assessed,Do not code unavailable as absent; preserve UNKNOWN/NOT_MEASURED; predefine imputation/sensitivity in SAP,Use approved pseudonymous keys in TRE where applicable; never use direct identifiers in analysis layer,source_id; dataset/version; field name; collection date; transformation; codebook citation; hash/query,Not evidence of causation by itself,UNVERIFIED_FIELD_AVAILABILITY
CLN-003,Clinician,Gender-service case volume,Moderator,TEMPORAL_NUMERIC,cases/year,Repeated,service data,DS046;DS058;DS064,DS065;DS045,MIXED_ACCESS;OPEN_CORPUS;PRIMARY_RESEARCH,PERSON_LEVEL_SENSITIVE,NO_IF_VALID_SECONDARY_LEGAL_GATEWAY,Exact field/instrument verified; definition versioned; time coverage confirmed; missingness quantified; construct validity assessed,Do not code unavailable as absent; preserve UNKNOWN/NOT_MEASURED; predefine imputation/sensitivity in SAP,Use approved pseudonymous keys in TRE where applicable; never use direct identifiers in analysis layer,source_id; dataset/version; field name; collection date; transformation; codebook citation; hash/query,Not evidence of causation by itself,UNVERIFIED_FIELD_AVAILABILITY
CLN-004,Clinician,Assessment time available,Process exposure,TEMPORAL_NUMERIC,minutes,Repeated,service data,DS046;DS058;DS064,DS065;DS045,MIXED_ACCESS;OPEN_CORPUS;PRIMARY_RESEARCH,PERSON_LEVEL_SENSITIVE,NO_IF_VALID_SECONDARY_LEGAL_GATEWAY,Exact field/instrument verified; definition versioned; time coverage confirmed; missingness quantified; construct validity assessed,Do not code unavailable as absent; preserve UNKNOWN/NOT_MEASURED; predefine imputation/sensitivity in SAP,Use approved pseudonymous keys in TRE where applicable; never use direct identifiers in analysis layer,source_id; dataset/version; field name; collection date; transformation; codebook citation; hash/query,Not evidence of causation by itself,UNVERIFIED_FIELD_AVAILABILITY
CLN-005,Clinician,Clinical supervision frequency,Moderator,NUMERIC_OR_SCALE,sessions,Repeated,service data,DS046;DS058;DS064,DS065;DS045,MIXED_ACCESS;OPEN_CORPUS;PRIMARY_RESEARCH,PERSON_LEVEL_SENSITIVE,NO_IF_VALID_SECONDARY_LEGAL_GATEWAY,Exact field/instrument verified; definition versioned; time coverage confirmed; missingness quantified; construct validity assessed,Do not code unavailable as absent; preserve UNKNOWN/NOT_MEASURED; predefine imputation/sensitivity in SAP,Use approved pseudonymous keys in TRE where applicable; never use direct identifiers in analysis layer,source_id; dataset/version; field name; collection date; transformation; codebook citation; hash/query,Not evidence of causation by itself,UNVERIFIED_FIELD_AVAILABILITY
CLN-006,Clinician,Guideline/service-specification version used,Process exposure,TEMPORAL_NUMERIC,version/date,Repeated,EHR/service,DS046;DS058;DS064,DS065;DS045,MIXED_ACCESS;OPEN_CORPUS;PRIMARY_RESEARCH,PERSON_LEVEL_SENSITIVE,NO_IF_VALID_SECONDARY_LEGAL_GATEWAY,Exact field/instrument verified; definition versioned; time coverage confirmed; missingness quantified; construct validity assessed,Do not code unavailable as absent; preserve UNKNOWN/NOT_MEASURED; predefine imputation/sensitivity in SAP,Use approved pseudonymous keys in TRE where applicable; never use direct identifiers in analysis layer,source_id; dataset/version; field name; collection date; transformation; codebook citation; hash/query,Not evidence of causation by itself,UNVERIFIED_FIELD_AVAILABILITY
CLN-007,Clinician,Required-domain completion rate,Process outcome,TEMPORAL_NUMERIC,percentage,Repeated,audit,DS046;DS058;DS064,DS065;DS045,MIXED_ACCESS;OPEN_CORPUS;PRIMARY_RESEARCH,PERSON_LEVEL_SENSITIVE,NO_IF_VALID_SECONDARY_LEGAL_GATEWAY,Exact field/instrument verified; definition versioned; time coverage confirmed; missingness quantified; construct validity assessed,Do not code unavailable as absent; preserve UNKNOWN/NOT_MEASURED; predefine imputation/sensitivity in SAP,Use approved pseudonymous keys in TRE where applicable; never use direct identifiers in analysis layer,source_id; dataset/version; field name; collection date; transformation; codebook citation; hash/query,Not evidence of causation by itself,UNVERIFIED_FIELD_AVAILABILITY
CLN-008,Clinician,Diagnostic decision in blinded vignette,Outcome,CATEGORICAL_OR_CODED,categorical,Repeated,research experiment,DS046;DS058;DS064,DS065;DS045,MIXED_ACCESS;OPEN_CORPUS;PRIMARY_RESEARCH,PERSON_LEVEL_SENSITIVE,NO_IF_VALID_SECONDARY_LEGAL_GATEWAY,Exact field/instrument verified; definition versioned; time coverage confirmed; missingness quantified; construct validity assessed,Do not code unavailable as absent; preserve UNKNOWN/NOT_MEASURED; predefine imputation/sensitivity in SAP,Use approved pseudonymous keys in TRE where applicable; never use direct identifiers in analysis layer,source_id; dataset/version; field name; collection date; transformation; codebook citation; hash/query,Not evidence of causation by itself,UNVERIFIED_FIELD_AVAILABILITY
CLN-009,Clinician,Treatment recommendation in blinded vignette,Outcome,CATEGORICAL_OR_CODED,categorical,Repeated,research experiment,DS046;DS058;DS064,DS065;DS045,MIXED_ACCESS;OPEN_CORPUS;PRIMARY_RESEARCH,PERSON_LEVEL_SENSITIVE,NO_IF_VALID_SECONDARY_LEGAL_GATEWAY,Exact field/instrument verified; definition versioned; time coverage confirmed; missingness quantified; construct validity assessed,Do not code unavailable as absent; preserve UNKNOWN/NOT_MEASURED; predefine imputation/sensitivity in SAP,Use approved pseudonymous keys in TRE where applicable; never use direct identifiers in analysis layer,source_id; dataset/version; field name; collection date; transformation; codebook citation; hash/query,Not evidence of causation by itself,UNVERIFIED_FIELD_AVAILABILITY
CLN-010,Clinician,Decision confidence,Outcome,MIXED_OR_SOURCE_SPECIFIC,0-100,Repeated,research experiment,DS046;DS058;DS064,DS065;DS045,MIXED_ACCESS;OPEN_CORPUS;PRIMARY_RESEARCH,PERSON_LEVEL_SENSITIVE,NO_IF_VALID_SECONDARY_LEGAL_GATEWAY,Exact field/instrument verified; definition versioned; time coverage confirmed; missingness quantified; construct validity assessed,Do not code unavailable as absent; preserve UNKNOWN/NOT_MEASURED; predefine imputation/sensitivity in SAP,Use approved pseudonymous keys in TRE where applicable; never use direct identifiers in analysis layer,source_id; dataset/version; field name; collection date; transformation; codebook citation; hash/query,Not evidence of causation by itself,UNVERIFIED_FIELD_AVAILABILITY
CLN-011,Clinician,Inter-rater agreement,Outcome,NUMERIC_OR_SCALE,kappa/ICC,Analysis,derived,DS046;DS058;DS064,DS065;DS045,MIXED_ACCESS;OPEN_CORPUS;PRIMARY_RESEARCH,PERSON_LEVEL_SENSITIVE,NO_IF_VALID_SECONDARY_LEGAL_GATEWAY,Exact field/instrument verified; definition versioned; time coverage confirmed; missingness quantified; construct validity assessed,Do not code unavailable as absent; preserve UNKNOWN/NOT_MEASURED; predefine imputation/sensitivity in SAP,Use approved pseudonymous keys in TRE where applicable; never use direct identifiers in analysis layer,source_id; dataset/version; field name; collection date; transformation; codebook citation; hash/query,Not evidence of causation by itself,UNVERIFIED_FIELD_AVAILABILITY
CLN-012,Clinician,Outcome feedback available to clinician,Moderator,BINARY,yes/no,Repeated,service data,DS046;DS058;DS064,DS065;DS045,MIXED_ACCESS;OPEN_CORPUS;PRIMARY_RESEARCH,PERSON_LEVEL_SENSITIVE,NO_IF_VALID_SECONDARY_LEGAL_GATEWAY,Exact field/instrument verified; definition versioned; time coverage confirmed; missingness quantified; construct validity assessed,Do not code unavailable as absent; preserve UNKNOWN/NOT_MEASURED; predefine imputation/sensitivity in SAP,Use approved pseudonymous keys in TRE where applicable; never use direct identifiers in analysis layer,source_id; dataset/version; field name; collection date; transformation; codebook citation; hash/query,Not evidence of causation by itself,UNVERIFIED_FIELD_AVAILABILITY
CLN-013,Clinician,Training programme exposure,Exposure,TEMPORAL_NUMERIC,programme/date,Repeated,workforce data,DS046;DS058;DS064,DS065;DS045,MIXED_ACCESS;OPEN_CORPUS;PRIMARY_RESEARCH,PERSON_LEVEL_SENSITIVE,NO_IF_VALID_SECONDARY_LEGAL_GATEWAY,Exact field/instrument verified; definition versioned; time coverage confirmed; missingness quantified; construct validity assessed,Do not code unavailable as absent; preserve UNKNOWN/NOT_MEASURED; predefine imputation/sensitivity in SAP,Use approved pseudonymous keys in TRE where applicable; never use direct identifiers in analysis layer,source_id; dataset/version; field name; collection date; transformation; codebook citation; hash/query,Not evidence of causation by itself,UNVERIFIED_FIELD_AVAILABILITY
CLN-014,Clinician,Declared relevant conflict/affiliation,Context variable,MIXED_OR_SOURCE_SPECIFIC,structured,Repeated,public/declaration,DS046;DS058;DS064,DS065;DS045,MIXED_ACCESS;OPEN_CORPUS;PRIMARY_RESEARCH,PERSON_LEVEL_SENSITIVE,NO_IF_VALID_SECONDARY_LEGAL_GATEWAY,Exact field/instrument verified; definition versioned; time coverage confirmed; missingness quantified; construct validity assessed,Do not code unavailable as absent; preserve UNKNOWN/NOT_MEASURED; predefine imputation/sensitivity in SAP,Use approved pseudonymous keys in TRE where applicable; never use direct identifiers in analysis layer,source_id; dataset/version; field name; collection date; transformation; codebook citation; hash/query,Not evidence of causation by itself,UNVERIFIED_FIELD_AVAILABILITY
INS-001,Institutional/service,Clinic/service identity,Selection factor,CATEGORICAL_OR_CODED,categorical,Repeated,service data,DS046;DS047;DS061,DS063;DS001,MIXED_ACCESS;OPEN_AGGREGATE;OPEN_CORPUS;RESTRICTED_TRE,PERSON_LEVEL_SENSITIVE,NO_IF_VALID_SECONDARY_LEGAL_GATEWAY,Exact field/instrument verified; definition versioned; time coverage confirmed; missingness quantified; construct validity assessed,Do not code unavailable as absent; preserve UNKNOWN/NOT_MEASURED; predefine imputation/sensitivity in SAP,Use approved pseudonymous keys in TRE where applicable; never use direct identifiers in analysis layer,source_id; dataset/version; field name; collection date; transformation; codebook citation; hash/query,Not evidence of causation by itself,UNVERIFIED_FIELD_AVAILABILITY
INS-002,Institutional/service,Service model,Moderator,CATEGORICAL_OR_CODED,categorical,Repeated,service spec,DS046;DS047;DS061,DS063;DS001,MIXED_ACCESS;OPEN_AGGREGATE;OPEN_CORPUS;RESTRICTED_TRE,PERSON_LEVEL_SENSITIVE,NO_IF_VALID_SECONDARY_LEGAL_GATEWAY,Exact field/instrument verified; definition versioned; time coverage confirmed; missingness quantified; construct validity assessed,Do not code unavailable as absent; preserve UNKNOWN/NOT_MEASURED; predefine imputation/sensitivity in SAP,Use approved pseudonymous keys in TRE where applicable; never use direct identifiers in analysis layer,source_id; dataset/version; field name; collection date; transformation; codebook citation; hash/query,Not evidence of causation by itself,UNVERIFIED_FIELD_AVAILABILITY
INS-003,Institutional/service,Local pathway version,Exposure,TEMPORAL_NUMERIC,version/date,Repeated,service data,DS046;DS047;DS061,DS063;DS001,MIXED_ACCESS;OPEN_AGGREGATE;OPEN_CORPUS;RESTRICTED_TRE,PERSON_LEVEL_SENSITIVE,NO_IF_VALID_SECONDARY_LEGAL_GATEWAY,Exact field/instrument verified; definition versioned; time coverage confirmed; missingness quantified; construct validity assessed,Do not code unavailable as absent; preserve UNKNOWN/NOT_MEASURED; predefine imputation/sensitivity in SAP,Use approved pseudonymous keys in TRE where applicable; never use direct identifiers in analysis layer,source_id; dataset/version; field name; collection date; transformation; codebook citation; hash/query,Not evidence of causation by itself,UNVERIFIED_FIELD_AVAILABILITY
INS-004,Institutional/service,Staffing ratio,Moderator,MIXED_OR_SOURCE_SPECIFIC,FTE/caseload,Repeated,service data,DS046;DS047;DS061,DS063;DS001,MIXED_ACCESS;OPEN_AGGREGATE;OPEN_CORPUS;RESTRICTED_TRE,PERSON_LEVEL_SENSITIVE,NO_IF_VALID_SECONDARY_LEGAL_GATEWAY,Exact field/instrument verified; definition versioned; time coverage confirmed; missingness quantified; construct validity assessed,Do not code unavailable as absent; preserve UNKNOWN/NOT_MEASURED; predefine imputation/sensitivity in SAP,Use approved pseudonymous keys in TRE where applicable; never use direct identifiers in analysis layer,source_id; dataset/version; field name; collection date; transformation; codebook citation; hash/query,Not evidence of causation by itself,UNVERIFIED_FIELD_AVAILABILITY
INS-005,Institutional/service,Caseload pressure,Moderator,MIXED_OR_SOURCE_SPECIFIC,cases/FTE,Repeated,service data,DS046;DS047;DS061,DS063;DS001,MIXED_ACCESS;OPEN_AGGREGATE;OPEN_CORPUS;RESTRICTED_TRE,PERSON_LEVEL_SENSITIVE,NO_IF_VALID_SECONDARY_LEGAL_GATEWAY,Exact field/instrument verified; definition versioned; time coverage confirmed; missingness quantified; construct validity assessed,Do not code unavailable as absent; preserve UNKNOWN/NOT_MEASURED; predefine imputation/sensitivity in SAP,Use approved pseudonymous keys in TRE where applicable; never use direct identifiers in analysis layer,source_id; dataset/version; field name; collection date; transformation; codebook citation; hash/query,Not evidence of causation by itself,UNVERIFIED_FIELD_AVAILABILITY
INS-006,Institutional/service,Waiting-list size,Moderator,NUMERIC_OR_SCALE,count,Repeated,service data,DS046;DS047;DS061,DS063;DS001,MIXED_ACCESS;OPEN_AGGREGATE;OPEN_CORPUS;RESTRICTED_TRE,PERSON_LEVEL_SENSITIVE,NO_IF_VALID_SECONDARY_LEGAL_GATEWAY,Exact field/instrument verified; definition versioned; time coverage confirmed; missingness quantified; construct validity assessed,Do not code unavailable as absent; preserve UNKNOWN/NOT_MEASURED; predefine imputation/sensitivity in SAP,Use approved pseudonymous keys in TRE where applicable; never use direct identifiers in analysis layer,source_id; dataset/version; field name; collection date; transformation; codebook citation; hash/query,Not evidence of causation by itself,UNVERIFIED_FIELD_AVAILABILITY
INS-007,Institutional/service,Assessment template version,Measurement context,MIXED_OR_SOURCE_SPECIFIC,version,Repeated,service data,DS046;DS047;DS061,DS063;DS001,MIXED_ACCESS;OPEN_AGGREGATE;OPEN_CORPUS;RESTRICTED_TRE,PERSON_LEVEL_SENSITIVE,NO_IF_VALID_SECONDARY_LEGAL_GATEWAY,Exact field/instrument verified; definition versioned; time coverage confirmed; missingness quantified; construct validity assessed,Do not code unavailable as absent; preserve UNKNOWN/NOT_MEASURED; predefine imputation/sensitivity in SAP,Use approved pseudonymous keys in TRE where applicable; never use direct identifiers in analysis layer,source_id; dataset/version; field name; collection date; transformation; codebook citation; hash/query,Not evidence of causation by itself,UNVERIFIED_FIELD_AVAILABILITY
INS-008,Institutional/service,MDT composition,Moderator,MIXED_OR_SOURCE_SPECIFIC,disciplines,Repeated,service data,DS046;DS047;DS061,DS063;DS001,MIXED_ACCESS;OPEN_AGGREGATE;OPEN_CORPUS;RESTRICTED_TRE,PERSON_LEVEL_SENSITIVE,NO_IF_VALID_SECONDARY_LEGAL_GATEWAY,Exact field/instrument verified; definition versioned; time coverage confirmed; missingness quantified; construct validity assessed,Do not code unavailable as absent; preserve UNKNOWN/NOT_MEASURED; predefine imputation/sensitivity in SAP,Use approved pseudonymous keys in TRE where applicable; never use direct identifiers in analysis layer,source_id; dataset/version; field name; collection date; transformation; codebook citation; hash/query,Not evidence of causation by itself,UNVERIFIED_FIELD_AVAILABILITY
INS-009,Institutional/service,Audit/research maturity,Moderator,MIXED_OR_SOURCE_SPECIFIC,index,Repeated,service audit,DS046;DS047;DS061,DS063;DS001,MIXED_ACCESS;OPEN_AGGREGATE;OPEN_CORPUS;RESTRICTED_TRE,PERSON_LEVEL_SENSITIVE,NO_IF_VALID_SECONDARY_LEGAL_GATEWAY,Exact field/instrument verified; definition versioned; time coverage confirmed; missingness quantified; construct validity assessed,Do not code unavailable as absent; preserve UNKNOWN/NOT_MEASURED; predefine imputation/sensitivity in SAP,Use approved pseudonymous keys in TRE where applicable; never use direct identifiers in analysis layer,source_id; dataset/version; field name; collection date; transformation; codebook citation; hash/query,Not evidence of causation by itself,UNVERIFIED_FIELD_AVAILABILITY
INS-010,Institutional/service,Outcome follow-up completeness,Selection factor,TEMPORAL_NUMERIC,percentage,Repeated,service data,DS046;DS047;DS061,DS063;DS001,MIXED_ACCESS;OPEN_AGGREGATE;OPEN_CORPUS;RESTRICTED_TRE,PERSON_LEVEL_SENSITIVE,NO_IF_VALID_SECONDARY_LEGAL_GATEWAY,Exact field/instrument verified; definition versioned; time coverage confirmed; missingness quantified; construct validity assessed,Do not code unavailable as absent; preserve UNKNOWN/NOT_MEASURED; predefine imputation/sensitivity in SAP,Use approved pseudonymous keys in TRE where applicable; never use direct identifiers in analysis layer,source_id; dataset/version; field name; collection date; transformation; codebook citation; hash/query,Not evidence of causation by itself,UNVERIFIED_FIELD_AVAILABILITY
INS-011,Institutional/service,Referral threshold,Selection factor,MIXED_OR_SOURCE_SPECIFIC,policy,Repeated,service data,DS046;DS047;DS061,DS063;DS001,MIXED_ACCESS;OPEN_AGGREGATE;OPEN_CORPUS;RESTRICTED_TRE,PERSON_LEVEL_SENSITIVE,NO_IF_VALID_SECONDARY_LEGAL_GATEWAY,Exact field/instrument verified; definition versioned; time coverage confirmed; missingness quantified; construct validity assessed,Do not code unavailable as absent; preserve UNKNOWN/NOT_MEASURED; predefine imputation/sensitivity in SAP,Use approved pseudonymous keys in TRE where applicable; never use direct identifiers in analysis layer,source_id; dataset/version; field name; collection date; transformation; codebook citation; hash/query,Not evidence of causation by itself,UNVERIFIED_FIELD_AVAILABILITY
INS-012,Institutional/service,Eligibility criteria,Selection factor,MIXED_OR_SOURCE_SPECIFIC,policy,Repeated,service data,DS046;DS047;DS061,DS063;DS001,MIXED_ACCESS;OPEN_AGGREGATE;OPEN_CORPUS;RESTRICTED_TRE,PERSON_LEVEL_SENSITIVE,NO_IF_VALID_SECONDARY_LEGAL_GATEWAY,Exact field/instrument verified; definition versioned; time coverage confirmed; missingness quantified; construct validity assessed,Do not code unavailable as absent; preserve UNKNOWN/NOT_MEASURED; predefine imputation/sensitivity in SAP,Use approved pseudonymous keys in TRE where applicable; never use direct identifiers in analysis layer,source_id; dataset/version; field name; collection date; transformation; codebook citation; hash/query,Not evidence of causation by itself,UNVERIFIED_FIELD_AVAILABILITY
INS-013,Institutional/service,Commissioning policy version,Exposure,TEMPORAL_NUMERIC,version/date,Repeated,public/service,DS046;DS047;DS061,DS063;DS001,MIXED_ACCESS;OPEN_AGGREGATE;OPEN_CORPUS;RESTRICTED_TRE,PERSON_LEVEL_SENSITIVE,NO_IF_VALID_SECONDARY_LEGAL_GATEWAY,Exact field/instrument verified; definition versioned; time coverage confirmed; missingness quantified; construct validity assessed,Do not code unavailable as absent; preserve UNKNOWN/NOT_MEASURED; predefine imputation/sensitivity in SAP,Use approved pseudonymous keys in TRE where applicable; never use direct identifiers in analysis layer,source_id; dataset/version; field name; collection date; transformation; codebook citation; hash/query,Not evidence of causation by itself,UNVERIFIED_FIELD_AVAILABILITY
INS-014,Institutional/service,Clinical governance incident history,Context variable,MIXED_OR_SOURCE_SPECIFIC,events,Repeated,service records,DS046;DS047;DS061,DS063;DS001,MIXED_ACCESS;OPEN_AGGREGATE;OPEN_CORPUS;RESTRICTED_TRE,PERSON_LEVEL_SENSITIVE,NO_IF_VALID_SECONDARY_LEGAL_GATEWAY,Exact field/instrument verified; definition versioned; time coverage confirmed; missingness quantified; construct validity assessed,Do not code unavailable as absent; preserve UNKNOWN/NOT_MEASURED; predefine imputation/sensitivity in SAP,Use approved pseudonymous keys in TRE where applicable; never use direct identifiers in analysis layer,source_id; dataset/version; field name; collection date; transformation; codebook citation; hash/query,Not evidence of causation by itself,UNVERIFIED_FIELD_AVAILABILITY
POL-001,Government/policy,DSM/ICD classification version/date,Exposure context,TEMPORAL_NUMERIC,version/date,Repeated,public record,DS029;DS030;DS031;DS032,DS054;DS055;DS063,MIXED_ACCESS;OPEN;OPEN_ARCHIVE;OPEN_CORPUS,PERSON_LEVEL_SENSITIVE,NO_IF_VALID_SECONDARY_LEGAL_GATEWAY,Exact field/instrument verified; definition versioned; time coverage confirmed; missingness quantified; construct validity assessed,Do not code unavailable as absent; preserve UNKNOWN/NOT_MEASURED; predefine imputation/sensitivity in SAP,Use approved pseudonymous keys in TRE where applicable; never use direct identifiers in analysis layer,source_id; dataset/version; field name; collection date; transformation; codebook citation; hash/query,Not evidence of causation by itself,UNVERIFIED_FIELD_AVAILABILITY
POL-002,Government/policy,NHS service specification version/date,Exposure context,TEMPORAL_NUMERIC,version/date,Repeated,public record,DS029;DS030;DS031;DS032,DS054;DS055;DS063,MIXED_ACCESS;OPEN;OPEN_ARCHIVE;OPEN_CORPUS,PERSON_LEVEL_SENSITIVE,NO_IF_VALID_SECONDARY_LEGAL_GATEWAY,Exact field/instrument verified; definition versioned; time coverage confirmed; missingness quantified; construct validity assessed,Do not code unavailable as absent; preserve UNKNOWN/NOT_MEASURED; predefine imputation/sensitivity in SAP,Use approved pseudonymous keys in TRE where applicable; never use direct identifiers in analysis layer,source_id; dataset/version; field name; collection date; transformation; codebook citation; hash/query,Not evidence of causation by itself,UNVERIFIED_FIELD_AVAILABILITY
POL-003,Government/policy,Prescribing policy version/date,Exposure context,TEMPORAL_NUMERIC,version/date,Repeated,public record,DS029;DS030;DS031;DS032,DS054;DS055;DS063,MIXED_ACCESS;OPEN;OPEN_ARCHIVE;OPEN_CORPUS,PERSON_LEVEL_SENSITIVE,NO_IF_VALID_SECONDARY_LEGAL_GATEWAY,Exact field/instrument verified; definition versioned; time coverage confirmed; missingness quantified; construct validity assessed,Do not code unavailable as absent; preserve UNKNOWN/NOT_MEASURED; predefine imputation/sensitivity in SAP,Use approved pseudonymous keys in TRE where applicable; never use direct identifiers in analysis layer,source_id; dataset/version; field name; collection date; transformation; codebook citation; hash/query,Not evidence of causation by itself,UNVERIFIED_FIELD_AVAILABILITY
POL-004,Government/policy,Referral policy version/date,Exposure context,TEMPORAL_NUMERIC,version/date,Repeated,public record,DS029;DS030;DS031;DS032,DS054;DS055;DS063,MIXED_ACCESS;OPEN;OPEN_ARCHIVE;OPEN_CORPUS,PERSON_LEVEL_SENSITIVE,NO_IF_VALID_SECONDARY_LEGAL_GATEWAY,Exact field/instrument verified; definition versioned; time coverage confirmed; missingness quantified; construct validity assessed,Do not code unavailable as absent; preserve UNKNOWN/NOT_MEASURED; predefine imputation/sensitivity in SAP,Use approved pseudonymous keys in TRE where applicable; never use direct identifiers in analysis layer,source_id; dataset/version; field name; collection date; transformation; codebook citation; hash/query,Not evidence of causation by itself,UNVERIFIED_FIELD_AVAILABILITY
POL-005,Government/policy,School guidance version/date,Exposure context,TEMPORAL_NUMERIC,version/date,Repeated,public record,DS029;DS030;DS031;DS032,DS054;DS055;DS063,MIXED_ACCESS;OPEN;OPEN_ARCHIVE;OPEN_CORPUS,PERSON_LEVEL_SENSITIVE,NO_IF_VALID_SECONDARY_LEGAL_GATEWAY,Exact field/instrument verified; definition versioned; time coverage confirmed; missingness quantified; construct validity assessed,Do not code unavailable as absent; preserve UNKNOWN/NOT_MEASURED; predefine imputation/sensitivity in SAP,Use approved pseudonymous keys in TRE where applicable; never use direct identifiers in analysis layer,source_id; dataset/version; field name; collection date; transformation; codebook citation; hash/query,Not evidence of causation by itself,UNVERIFIED_FIELD_AVAILABILITY
POL-006,Government/policy,Regulatory/legal change,Natural experiment,TEMPORAL_NUMERIC,event/date,Repeated,public record,DS029;DS030;DS031;DS032,DS054;DS055;DS063,MIXED_ACCESS;OPEN;OPEN_ARCHIVE;OPEN_CORPUS,PERSON_LEVEL_SENSITIVE,NO_IF_VALID_SECONDARY_LEGAL_GATEWAY,Exact field/instrument verified; definition versioned; time coverage confirmed; missingness quantified; construct validity assessed,Do not code unavailable as absent; preserve UNKNOWN/NOT_MEASURED; predefine imputation/sensitivity in SAP,Use approved pseudonymous keys in TRE where applicable; never use direct identifiers in analysis layer,source_id; dataset/version; field name; collection date; transformation; codebook citation; hash/query,Not evidence of causation by itself,UNVERIFIED_FIELD_AVAILABILITY
POL-007,Government/policy,Clinic opening/closure,Natural experiment,TEMPORAL_NUMERIC,event/date,Repeated,public record,DS029;DS030;DS031;DS032,DS054;DS055;DS063,MIXED_ACCESS;OPEN;OPEN_ARCHIVE;OPEN_CORPUS,PERSON_LEVEL_SENSITIVE,NO_IF_VALID_SECONDARY_LEGAL_GATEWAY,Exact field/instrument verified; definition versioned; time coverage confirmed; missingness quantified; construct validity assessed,Do not code unavailable as absent; preserve UNKNOWN/NOT_MEASURED; predefine imputation/sensitivity in SAP,Use approved pseudonymous keys in TRE where applicable; never use direct identifiers in analysis layer,source_id; dataset/version; field name; collection date; transformation; codebook citation; hash/query,Not evidence of causation by itself,UNVERIFIED_FIELD_AVAILABILITY
POL-008,Government/policy,Commissioning change,Natural experiment,TEMPORAL_NUMERIC,event/date,Repeated,public record,DS029;DS030;DS031;DS032,DS054;DS055;DS063,MIXED_ACCESS;OPEN;OPEN_ARCHIVE;OPEN_CORPUS,PERSON_LEVEL_SENSITIVE,NO_IF_VALID_SECONDARY_LEGAL_GATEWAY,Exact field/instrument verified; definition versioned; time coverage confirmed; missingness quantified; construct validity assessed,Do not code unavailable as absent; preserve UNKNOWN/NOT_MEASURED; predefine imputation/sensitivity in SAP,Use approved pseudonymous keys in TRE where applicable; never use direct identifiers in analysis layer,source_id; dataset/version; field name; collection date; transformation; codebook citation; hash/query,Not evidence of causation by itself,UNVERIFIED_FIELD_AVAILABILITY
POL-009,Government/policy,Public policy announcement salience,Exposure context,MIXED_OR_SOURCE_SPECIFIC,media index,Repeated,public/media,DS029;DS030;DS031;DS032,DS054;DS055;DS063,MIXED_ACCESS;OPEN;OPEN_ARCHIVE;OPEN_CORPUS,PERSON_LEVEL_SENSITIVE,NO_IF_VALID_SECONDARY_LEGAL_GATEWAY,Exact field/instrument verified; definition versioned; time coverage confirmed; missingness quantified; construct validity assessed,Do not code unavailable as absent; preserve UNKNOWN/NOT_MEASURED; predefine imputation/sensitivity in SAP,Use approved pseudonymous keys in TRE where applicable; never use direct identifiers in analysis layer,source_id; dataset/version; field name; collection date; transformation; codebook citation; hash/query,Not evidence of causation by itself,UNVERIFIED_FIELD_AVAILABILITY
POL-010,Government/policy,Research trial availability,Treatment access,TEMPORAL_NUMERIC,yes/no/date,Repeated,public/service,DS029;DS030;DS031;DS032,DS054;DS055;DS063,MIXED_ACCESS;OPEN;OPEN_ARCHIVE;OPEN_CORPUS,PERSON_LEVEL_SENSITIVE,NO_IF_VALID_SECONDARY_LEGAL_GATEWAY,Exact field/instrument verified; definition versioned; time coverage confirmed; missingness quantified; construct validity assessed,Do not code unavailable as absent; preserve UNKNOWN/NOT_MEASURED; predefine imputation/sensitivity in SAP,Use approved pseudonymous keys in TRE where applicable; never use direct identifiers in analysis layer,source_id; dataset/version; field name; collection date; transformation; codebook citation; hash/query,Not evidence of causation by itself,UNVERIFIED_FIELD_AVAILABILITY
DX-001,Diagnostic measurement,DSM item-level criteria,Phenotype,NUMERIC_OR_SCALE,item binary/score,Repeated,clinical/research,DS049;DS050;DS003,DS064;DS018,LICENSED_CORPUS;MIXED_ACCESS;PRIMARY_RESEARCH;RESTRICTED_TRE,PERSON_LEVEL_SENSITIVE,NO_IF_VALID_SECONDARY_LEGAL_GATEWAY,Exact field/instrument verified; definition versioned; time coverage confirmed; missingness quantified; construct validity assessed,Do not code unavailable as absent; preserve UNKNOWN/NOT_MEASURED; predefine imputation/sensitivity in SAP,Use approved pseudonymous keys in TRE where applicable; never use direct identifiers in analysis layer,source_id; dataset/version; field name; collection date; transformation; codebook citation; hash/query,Not evidence of causation by itself,UNVERIFIED_FIELD_AVAILABILITY
DX-002,Diagnostic measurement,ICD item-level criteria,Phenotype,NUMERIC_OR_SCALE,item binary/score,Repeated,clinical/research,DS049;DS050;DS003,DS064;DS018,LICENSED_CORPUS;MIXED_ACCESS;PRIMARY_RESEARCH;RESTRICTED_TRE,PERSON_LEVEL_SENSITIVE,NO_IF_VALID_SECONDARY_LEGAL_GATEWAY,Exact field/instrument verified; definition versioned; time coverage confirmed; missingness quantified; construct validity assessed,Do not code unavailable as absent; preserve UNKNOWN/NOT_MEASURED; predefine imputation/sensitivity in SAP,Use approved pseudonymous keys in TRE where applicable; never use direct identifiers in analysis layer,source_id; dataset/version; field name; collection date; transformation; codebook citation; hash/query,Not evidence of causation by itself,UNVERIFIED_FIELD_AVAILABILITY
DX-003,Diagnostic measurement,Gender-related distress severity,Outcome/Phenotype,TEMPORAL_NUMERIC,validated score,Repeated,PRO,DS049;DS050;DS003,DS064;DS018,LICENSED_CORPUS;MIXED_ACCESS;PRIMARY_RESEARCH;RESTRICTED_TRE,PERSON_LEVEL_SENSITIVE,NO_IF_VALID_SECONDARY_LEGAL_GATEWAY,Exact field/instrument verified; definition versioned; time coverage confirmed; missingness quantified; construct validity assessed,Do not code unavailable as absent; preserve UNKNOWN/NOT_MEASURED; predefine imputation/sensitivity in SAP,Use approved pseudonymous keys in TRE where applicable; never use direct identifiers in analysis layer,source_id; dataset/version; field name; collection date; transformation; codebook citation; hash/query,Not evidence of causation by itself,UNVERIFIED_FIELD_AVAILABILITY
DX-004,Diagnostic measurement,Functional impairment,Outcome/Phenotype,TEMPORAL_NUMERIC,validated score,Repeated,PRO/EHR,DS049;DS050;DS003,DS064;DS018,LICENSED_CORPUS;MIXED_ACCESS;PRIMARY_RESEARCH;RESTRICTED_TRE,PERSON_LEVEL_SENSITIVE,NO_IF_VALID_SECONDARY_LEGAL_GATEWAY,Exact field/instrument verified; definition versioned; time coverage confirmed; missingness quantified; construct validity assessed,Do not code unavailable as absent; preserve UNKNOWN/NOT_MEASURED; predefine imputation/sensitivity in SAP,Use approved pseudonymous keys in TRE where applicable; never use direct identifiers in analysis layer,source_id; dataset/version; field name; collection date; transformation; codebook citation; hash/query,Not evidence of causation by itself,UNVERIFIED_FIELD_AVAILABILITY
DX-005,Diagnostic measurement,Duration/persistence,Phenotype,TEMPORAL_NUMERIC,months,Repeated,EHR/PRO,DS049;DS050;DS003,DS064;DS018,LICENSED_CORPUS;MIXED_ACCESS;PRIMARY_RESEARCH;RESTRICTED_TRE,PERSON_LEVEL_SENSITIVE,NO_IF_VALID_SECONDARY_LEGAL_GATEWAY,Exact field/instrument verified; definition versioned; time coverage confirmed; missingness quantified; construct validity assessed,Do not code unavailable as absent; preserve UNKNOWN/NOT_MEASURED; predefine imputation/sensitivity in SAP,Use approved pseudonymous keys in TRE where applicable; never use direct identifiers in analysis layer,source_id; dataset/version; field name; collection date; transformation; codebook citation; hash/query,Not evidence of causation by itself,UNVERIFIED_FIELD_AVAILABILITY
DX-006,Diagnostic measurement,Clarity/consistency over time,Phenotype,TEMPORAL_NUMERIC,structured rating,Repeated,EHR/PRO,DS049;DS050;DS003,DS064;DS018,LICENSED_CORPUS;MIXED_ACCESS;PRIMARY_RESEARCH;RESTRICTED_TRE,PERSON_LEVEL_SENSITIVE,NO_IF_VALID_SECONDARY_LEGAL_GATEWAY,Exact field/instrument verified; definition versioned; time coverage confirmed; missingness quantified; construct validity assessed,Do not code unavailable as absent; preserve UNKNOWN/NOT_MEASURED; predefine imputation/sensitivity in SAP,Use approved pseudonymous keys in TRE where applicable; never use direct identifiers in analysis layer,source_id; dataset/version; field name; collection date; transformation; codebook citation; hash/query,Not evidence of causation by itself,UNVERIFIED_FIELD_AVAILABILITY
DX-007,Diagnostic measurement,Measure version,Measurement artifact,MIXED_OR_SOURCE_SPECIFIC,version,Repeated,metadata,DS049;DS050;DS003,DS064;DS018,LICENSED_CORPUS;MIXED_ACCESS;PRIMARY_RESEARCH;RESTRICTED_TRE,PERSON_LEVEL_SENSITIVE,NO_IF_VALID_SECONDARY_LEGAL_GATEWAY,Exact field/instrument verified; definition versioned; time coverage confirmed; missingness quantified; construct validity assessed,Do not code unavailable as absent; preserve UNKNOWN/NOT_MEASURED; predefine imputation/sensitivity in SAP,Use approved pseudonymous keys in TRE where applicable; never use direct identifiers in analysis layer,source_id; dataset/version; field name; collection date; transformation; codebook citation; hash/query,Not evidence of causation by itself,UNVERIFIED_FIELD_AVAILABILITY
DX-008,Diagnostic measurement,Informant source,Measurement artifact,MIXED_OR_SOURCE_SPECIFIC,self/parent/clinician,Repeated,metadata,DS049;DS050;DS003,DS064;DS018,LICENSED_CORPUS;MIXED_ACCESS;PRIMARY_RESEARCH;RESTRICTED_TRE,PERSON_LEVEL_SENSITIVE,NO_IF_VALID_SECONDARY_LEGAL_GATEWAY,Exact field/instrument verified; definition versioned; time coverage confirmed; missingness quantified; construct validity assessed,Do not code unavailable as absent; preserve UNKNOWN/NOT_MEASURED; predefine imputation/sensitivity in SAP,Use approved pseudonymous keys in TRE where applicable; never use direct identifiers in analysis layer,source_id; dataset/version; field name; collection date; transformation; codebook citation; hash/query,Not evidence of causation by itself,UNVERIFIED_FIELD_AVAILABILITY
DX-009,Diagnostic measurement,Diagnostic disagreement,Outcome,BINARY,yes/no/type,Repeated,multi-rater,DS049;DS050;DS003,DS064;DS018,LICENSED_CORPUS;MIXED_ACCESS;PRIMARY_RESEARCH;RESTRICTED_TRE,PERSON_LEVEL_SENSITIVE,NO_IF_VALID_SECONDARY_LEGAL_GATEWAY,Exact field/instrument verified; definition versioned; time coverage confirmed; missingness quantified; construct validity assessed,Do not code unavailable as absent; preserve UNKNOWN/NOT_MEASURED; predefine imputation/sensitivity in SAP,Use approved pseudonymous keys in TRE where applicable; never use direct identifiers in analysis layer,source_id; dataset/version; field name; collection date; transformation; codebook citation; hash/query,Not evidence of causation by itself,UNVERIFIED_FIELD_AVAILABILITY
DX-010,Diagnostic measurement,Missing criterion items,Measurement artifact,NUMERIC_OR_SCALE,count,Repeated,metadata,DS049;DS050;DS003,DS064;DS018,LICENSED_CORPUS;MIXED_ACCESS;PRIMARY_RESEARCH;RESTRICTED_TRE,PERSON_LEVEL_SENSITIVE,NO_IF_VALID_SECONDARY_LEGAL_GATEWAY,Exact field/instrument verified; definition versioned; time coverage confirmed; missingness quantified; construct validity assessed,Do not code unavailable as absent; preserve UNKNOWN/NOT_MEASURED; predefine imputation/sensitivity in SAP,Use approved pseudonymous keys in TRE where applicable; never use direct identifiers in analysis layer,source_id; dataset/version; field name; collection date; transformation; codebook citation; hash/query,Not evidence of causation by itself,UNVERIFIED_FIELD_AVAILABILITY
DX-011,Diagnostic measurement,Inter-rater reliability,Validity outcome,NUMERIC_OR_SCALE,kappa/ICC,Analysis,derived,DS049;DS050;DS003,DS064;DS018,LICENSED_CORPUS;MIXED_ACCESS;PRIMARY_RESEARCH;RESTRICTED_TRE,PERSON_LEVEL_SENSITIVE,NO_IF_VALID_SECONDARY_LEGAL_GATEWAY,Exact field/instrument verified; definition versioned; time coverage confirmed; missingness quantified; construct validity assessed,Do not code unavailable as absent; preserve UNKNOWN/NOT_MEASURED; predefine imputation/sensitivity in SAP,Use approved pseudonymous keys in TRE where applicable; never use direct identifiers in analysis layer,source_id; dataset/version; field name; collection date; transformation; codebook citation; hash/query,Not evidence of causation by itself,UNVERIFIED_FIELD_AVAILABILITY
DX-012,Diagnostic measurement,Measurement invariance statistic,Validity outcome,MIXED_OR_SOURCE_SPECIFIC,fit/statistic,Analysis,derived,DS049;DS050;DS003,DS064;DS018,LICENSED_CORPUS;MIXED_ACCESS;PRIMARY_RESEARCH;RESTRICTED_TRE,PERSON_LEVEL_SENSITIVE,NO_IF_VALID_SECONDARY_LEGAL_GATEWAY,Exact field/instrument verified; definition versioned; time coverage confirmed; missingness quantified; construct validity assessed,Do not code unavailable as absent; preserve UNKNOWN/NOT_MEASURED; predefine imputation/sensitivity in SAP,Use approved pseudonymous keys in TRE where applicable; never use direct identifiers in analysis layer,source_id; dataset/version; field name; collection date; transformation; codebook citation; hash/query,Not evidence of causation by itself,UNVERIFIED_FIELD_AVAILABILITY
DX-013,Diagnostic measurement,Discriminant validity statistic,Validity outcome,MIXED_OR_SOURCE_SPECIFIC,AUC/correlation,Analysis,derived,DS049;DS050;DS003,DS064;DS018,LICENSED_CORPUS;MIXED_ACCESS;PRIMARY_RESEARCH;RESTRICTED_TRE,PERSON_LEVEL_SENSITIVE,NO_IF_VALID_SECONDARY_LEGAL_GATEWAY,Exact field/instrument verified; definition versioned; time coverage confirmed; missingness quantified; construct validity assessed,Do not code unavailable as absent; preserve UNKNOWN/NOT_MEASURED; predefine imputation/sensitivity in SAP,Use approved pseudonymous keys in TRE where applicable; never use direct identifiers in analysis layer,source_id; dataset/version; field name; collection date; transformation; codebook citation; hash/query,Not evidence of causation by itself,UNVERIFIED_FIELD_AVAILABILITY
DX-014,Diagnostic measurement,Incremental predictive value,Validity outcome,MIXED_OR_SOURCE_SPECIFIC,delta metric,Analysis,derived,DS049;DS050;DS003,DS064;DS018,LICENSED_CORPUS;MIXED_ACCESS;PRIMARY_RESEARCH;RESTRICTED_TRE,PERSON_LEVEL_SENSITIVE,NO_IF_VALID_SECONDARY_LEGAL_GATEWAY,Exact field/instrument verified; definition versioned; time coverage confirmed; missingness quantified; construct validity assessed,Do not code unavailable as absent; preserve UNKNOWN/NOT_MEASURED; predefine imputation/sensitivity in SAP,Use approved pseudonymous keys in TRE where applicable; never use direct identifiers in analysis layer,source_id; dataset/version; field name; collection date; transformation; codebook citation; hash/query,Not evidence of causation by itself,UNVERIFIED_FIELD_AVAILABILITY
TRT-001,Treatment,No medical intervention comparator,Treatment,NUMERIC_OR_SCALE,strategy,Repeated,EHR/PRO,DS061;DS062;DS004,DS002;DS003;DS005,RESTRICTED_LICENSED;RESTRICTED_STUDY;RESTRICTED_TRE,PERSON_LEVEL_SENSITIVE,NO_IF_VALID_SECONDARY_LEGAL_GATEWAY,Exact field/instrument verified; definition versioned; time coverage confirmed; missingness quantified; construct validity assessed,Do not code unavailable as absent; preserve UNKNOWN/NOT_MEASURED; predefine imputation/sensitivity in SAP,Use approved pseudonymous keys in TRE where applicable; never use direct identifiers in analysis layer,source_id; dataset/version; field name; collection date; transformation; codebook citation; hash/query,Not evidence of causation by itself,UNVERIFIED_FIELD_AVAILABILITY
TRT-002,Treatment,Biopsychosocial/psychological support,Treatment,NUMERIC_OR_SCALE,type/dose,Repeated,EHR,DS061;DS062;DS004,DS002;DS003;DS005,RESTRICTED_LICENSED;RESTRICTED_STUDY;RESTRICTED_TRE,PERSON_LEVEL_SENSITIVE,NO_IF_VALID_SECONDARY_LEGAL_GATEWAY,Exact field/instrument verified; definition versioned; time coverage confirmed; missingness quantified; construct validity assessed,Do not code unavailable as absent; preserve UNKNOWN/NOT_MEASURED; predefine imputation/sensitivity in SAP,Use approved pseudonymous keys in TRE where applicable; never use direct identifiers in analysis layer,source_id; dataset/version; field name; collection date; transformation; codebook citation; hash/query,Not evidence of causation by itself,UNVERIFIED_FIELD_AVAILABILITY
TRT-003,Treatment,Psychotherapy modality,Treatment,NUMERIC_OR_SCALE,type/dose,Repeated,EHR,DS061;DS062;DS004,DS002;DS003;DS005,RESTRICTED_LICENSED;RESTRICTED_STUDY;RESTRICTED_TRE,PERSON_LEVEL_SENSITIVE,NO_IF_VALID_SECONDARY_LEGAL_GATEWAY,Exact field/instrument verified; definition versioned; time coverage confirmed; missingness quantified; construct validity assessed,Do not code unavailable as absent; preserve UNKNOWN/NOT_MEASURED; predefine imputation/sensitivity in SAP,Use approved pseudonymous keys in TRE where applicable; never use direct identifiers in analysis layer,source_id; dataset/version; field name; collection date; transformation; codebook citation; hash/query,Not evidence of causation by itself,UNVERIFIED_FIELD_AVAILABILITY
TRT-004,Treatment,Social transition,Treatment/context exposure,TEMPORAL_NUMERIC,domains/date,Repeated,PRO/EHR,DS061;DS062;DS004,DS002;DS003;DS005,RESTRICTED_LICENSED;RESTRICTED_STUDY;RESTRICTED_TRE,PERSON_LEVEL_SENSITIVE,NO_IF_VALID_SECONDARY_LEGAL_GATEWAY,Exact field/instrument verified; definition versioned; time coverage confirmed; missingness quantified; construct validity assessed,Do not code unavailable as absent; preserve UNKNOWN/NOT_MEASURED; predefine imputation/sensitivity in SAP,Use approved pseudonymous keys in TRE where applicable; never use direct identifiers in analysis layer,source_id; dataset/version; field name; collection date; transformation; codebook citation; hash/query,Not evidence of causation by itself,UNVERIFIED_FIELD_AVAILABILITY
TRT-005,Treatment,Puberty suppression historical/research exposure,Treatment,TEMPORAL_NUMERIC,drug/date,Repeated,EHR,DS061;DS062;DS004,DS002;DS003;DS005,RESTRICTED_LICENSED;RESTRICTED_STUDY;RESTRICTED_TRE,PERSON_LEVEL_SENSITIVE,NO_IF_VALID_SECONDARY_LEGAL_GATEWAY,Exact field/instrument verified; definition versioned; time coverage confirmed; missingness quantified; construct validity assessed,Do not code unavailable as absent; preserve UNKNOWN/NOT_MEASURED; predefine imputation/sensitivity in SAP,Use approved pseudonymous keys in TRE where applicable; never use direct identifiers in analysis layer,source_id; dataset/version; field name; collection date; transformation; codebook citation; hash/query,Not evidence of causation by itself,UNVERIFIED_FIELD_AVAILABILITY
TRT-006,Treatment,Gender-affirming hormone exposure,Treatment,TEMPORAL_NUMERIC,drug/dose/date,Repeated,EHR,DS061;DS062;DS004,DS002;DS003;DS005,RESTRICTED_LICENSED;RESTRICTED_STUDY;RESTRICTED_TRE,PERSON_LEVEL_SENSITIVE,NO_IF_VALID_SECONDARY_LEGAL_GATEWAY,Exact field/instrument verified; definition versioned; time coverage confirmed; missingness quantified; construct validity assessed,Do not code unavailable as absent; preserve UNKNOWN/NOT_MEASURED; predefine imputation/sensitivity in SAP,Use approved pseudonymous keys in TRE where applicable; never use direct identifiers in analysis layer,source_id; dataset/version; field name; collection date; transformation; codebook citation; hash/query,Not evidence of causation by itself,UNVERIFIED_FIELD_AVAILABILITY
TRT-007,Treatment,Surgical intervention,Treatment,TEMPORAL_NUMERIC,procedure/date,Repeated,EHR,DS061;DS062;DS004,DS002;DS003;DS005,RESTRICTED_LICENSED;RESTRICTED_STUDY;RESTRICTED_TRE,PERSON_LEVEL_SENSITIVE,NO_IF_VALID_SECONDARY_LEGAL_GATEWAY,Exact field/instrument verified; definition versioned; time coverage confirmed; missingness quantified; construct validity assessed,Do not code unavailable as absent; preserve UNKNOWN/NOT_MEASURED; predefine imputation/sensitivity in SAP,Use approved pseudonymous keys in TRE where applicable; never use direct identifiers in analysis layer,source_id; dataset/version; field name; collection date; transformation; codebook citation; hash/query,Not evidence of causation by itself,UNVERIFIED_FIELD_AVAILABILITY
TRT-008,Treatment,Concurrent psychiatric treatment,Treatment/confounder,NUMERIC_OR_SCALE,type/dose,Repeated,EHR,DS061;DS062;DS004,DS002;DS003;DS005,RESTRICTED_LICENSED;RESTRICTED_STUDY;RESTRICTED_TRE,PERSON_LEVEL_SENSITIVE,NO_IF_VALID_SECONDARY_LEGAL_GATEWAY,Exact field/instrument verified; definition versioned; time coverage confirmed; missingness quantified; construct validity assessed,Do not code unavailable as absent; preserve UNKNOWN/NOT_MEASURED; predefine imputation/sensitivity in SAP,Use approved pseudonymous keys in TRE where applicable; never use direct identifiers in analysis layer,source_id; dataset/version; field name; collection date; transformation; codebook citation; hash/query,Not evidence of causation by itself,UNVERIFIED_FIELD_AVAILABILITY
TRT-009,Treatment,Treatment adherence,Mediator,TEMPORAL_NUMERIC,percentage/status,Repeated,EHR/PRO,DS061;DS062;DS004,DS002;DS003;DS005,RESTRICTED_LICENSED;RESTRICTED_STUDY;RESTRICTED_TRE,PERSON_LEVEL_SENSITIVE,NO_IF_VALID_SECONDARY_LEGAL_GATEWAY,Exact field/instrument verified; definition versioned; time coverage confirmed; missingness quantified; construct validity assessed,Do not code unavailable as absent; preserve UNKNOWN/NOT_MEASURED; predefine imputation/sensitivity in SAP,Use approved pseudonymous keys in TRE where applicable; never use direct identifiers in analysis layer,source_id; dataset/version; field name; collection date; transformation; codebook citation; hash/query,Not evidence of causation by itself,UNVERIFIED_FIELD_AVAILABILITY
TRT-010,Treatment,Treatment discontinuation reason,Outcome,CATEGORICAL_OR_CODED,coded/text,Repeated,EHR/PRO,DS061;DS062;DS004,DS002;DS003;DS005,RESTRICTED_LICENSED;RESTRICTED_STUDY;RESTRICTED_TRE,PERSON_LEVEL_SENSITIVE,NO_IF_VALID_SECONDARY_LEGAL_GATEWAY,Exact field/instrument verified; definition versioned; time coverage confirmed; missingness quantified; construct validity assessed,Do not code unavailable as absent; preserve UNKNOWN/NOT_MEASURED; predefine imputation/sensitivity in SAP,Use approved pseudonymous keys in TRE where applicable; never use direct identifiers in analysis layer,source_id; dataset/version; field name; collection date; transformation; codebook citation; hash/query,Not evidence of causation by itself,UNVERIFIED_FIELD_AVAILABILITY
TRT-011,Treatment,Treatment change/reversal,Outcome,TEMPORAL_NUMERIC,event/date,Repeated,EHR/PRO,DS061;DS062;DS004,DS002;DS003;DS005,RESTRICTED_LICENSED;RESTRICTED_STUDY;RESTRICTED_TRE,PERSON_LEVEL_SENSITIVE,NO_IF_VALID_SECONDARY_LEGAL_GATEWAY,Exact field/instrument verified; definition versioned; time coverage confirmed; missingness quantified; construct validity assessed,Do not code unavailable as absent; preserve UNKNOWN/NOT_MEASURED; predefine imputation/sensitivity in SAP,Use approved pseudonymous keys in TRE where applicable; never use direct identifiers in analysis layer,source_id; dataset/version; field name; collection date; transformation; codebook citation; hash/query,Not evidence of causation by itself,UNVERIFIED_FIELD_AVAILABILITY
TRT-012,Treatment,Adverse treatment effects,Outcome,MIXED_OR_SOURCE_SPECIFIC,event/severity,Repeated,EHR/PRO,DS061;DS062;DS004,DS002;DS003;DS005,RESTRICTED_LICENSED;RESTRICTED_STUDY;RESTRICTED_TRE,PERSON_LEVEL_SENSITIVE,NO_IF_VALID_SECONDARY_LEGAL_GATEWAY,Exact field/instrument verified; definition versioned; time coverage confirmed; missingness quantified; construct validity assessed,Do not code unavailable as absent; preserve UNKNOWN/NOT_MEASURED; predefine imputation/sensitivity in SAP,Use approved pseudonymous keys in TRE where applicable; never use direct identifiers in analysis layer,source_id; dataset/version; field name; collection date; transformation; codebook citation; hash/query,Not evidence of causation by itself,UNVERIFIED_FIELD_AVAILABILITY
TRT-013,Treatment,Monitoring completeness,Process outcome,TEMPORAL_NUMERIC,percentage,Repeated,EHR,DS061;DS062;DS004,DS002;DS003;DS005,RESTRICTED_LICENSED;RESTRICTED_STUDY;RESTRICTED_TRE,PERSON_LEVEL_SENSITIVE,NO_IF_VALID_SECONDARY_LEGAL_GATEWAY,Exact field/instrument verified; definition versioned; time coverage confirmed; missingness quantified; construct validity assessed,Do not code unavailable as absent; preserve UNKNOWN/NOT_MEASURED; predefine imputation/sensitivity in SAP,Use approved pseudonymous keys in TRE where applicable; never use direct identifiers in analysis layer,source_id; dataset/version; field name; collection date; transformation; codebook citation; hash/query,Not evidence of causation by itself,UNVERIFIED_FIELD_AVAILABILITY
OUT-001,Outcomes,Gender-related distress trajectory,Primary outcome,NUMERIC_OR_SCALE,score/change,Repeated,PRO,DS061;DS062;DS002;DS003,DS004;DS018;DS019,MIXED_ACCESS;RESTRICTED_STUDY;RESTRICTED_TRE,PERSON_LEVEL_SENSITIVE,NO_IF_VALID_SECONDARY_LEGAL_GATEWAY,Exact field/instrument verified; definition versioned; time coverage confirmed; missingness quantified; construct validity assessed,Do not code unavailable as absent; preserve UNKNOWN/NOT_MEASURED; predefine imputation/sensitivity in SAP,Use approved pseudonymous keys in TRE where applicable; never use direct identifiers in analysis layer,source_id; dataset/version; field name; collection date; transformation; codebook citation; hash/query,Not evidence of causation by itself,UNVERIFIED_FIELD_AVAILABILITY
OUT-002,Outcomes,General psychological distress,Outcome,TEMPORAL_NUMERIC,validated score,Repeated,PRO,DS061;DS062;DS002;DS003,DS004;DS018;DS019,MIXED_ACCESS;RESTRICTED_STUDY;RESTRICTED_TRE,PERSON_LEVEL_SENSITIVE,NO_IF_VALID_SECONDARY_LEGAL_GATEWAY,Exact field/instrument verified; definition versioned; time coverage confirmed; missingness quantified; construct validity assessed,Do not code unavailable as absent; preserve UNKNOWN/NOT_MEASURED; predefine imputation/sensitivity in SAP,Use approved pseudonymous keys in TRE where applicable; never use direct identifiers in analysis layer,source_id; dataset/version; field name; collection date; transformation; codebook citation; hash/query,Not evidence of causation by itself,UNVERIFIED_FIELD_AVAILABILITY
OUT-003,Outcomes,Depression severity,Outcome,TEMPORAL_NUMERIC,validated score,Repeated,PRO,DS061;DS062;DS002;DS003,DS004;DS018;DS019,MIXED_ACCESS;RESTRICTED_STUDY;RESTRICTED_TRE,PERSON_LEVEL_SENSITIVE,NO_IF_VALID_SECONDARY_LEGAL_GATEWAY,Exact field/instrument verified; definition versioned; time coverage confirmed; missingness quantified; construct validity assessed,Do not code unavailable as absent; preserve UNKNOWN/NOT_MEASURED; predefine imputation/sensitivity in SAP,Use approved pseudonymous keys in TRE where applicable; never use direct identifiers in analysis layer,source_id; dataset/version; field name; collection date; transformation; codebook citation; hash/query,Not evidence of causation by itself,UNVERIFIED_FIELD_AVAILABILITY
OUT-004,Outcomes,Anxiety severity,Outcome,TEMPORAL_NUMERIC,validated score,Repeated,PRO,DS061;DS062;DS002;DS003,DS004;DS018;DS019,MIXED_ACCESS;RESTRICTED_STUDY;RESTRICTED_TRE,PERSON_LEVEL_SENSITIVE,NO_IF_VALID_SECONDARY_LEGAL_GATEWAY,Exact field/instrument verified; definition versioned; time coverage confirmed; missingness quantified; construct validity assessed,Do not code unavailable as absent; preserve UNKNOWN/NOT_MEASURED; predefine imputation/sensitivity in SAP,Use approved pseudonymous keys in TRE where applicable; never use direct identifiers in analysis layer,source_id; dataset/version; field name; collection date; transformation; codebook citation; hash/query,Not evidence of causation by itself,UNVERIFIED_FIELD_AVAILABILITY
OUT-005,Outcomes,Self-harm events,Outcome,TEMPORAL_NUMERIC,count/date,Repeated,EHR,DS061;DS062;DS002;DS003,DS004;DS018;DS019,MIXED_ACCESS;RESTRICTED_STUDY;RESTRICTED_TRE,PERSON_LEVEL_SENSITIVE,NO_IF_VALID_SECONDARY_LEGAL_GATEWAY,Exact field/instrument verified; definition versioned; time coverage confirmed; missingness quantified; construct validity assessed,Do not code unavailable as absent; preserve UNKNOWN/NOT_MEASURED; predefine imputation/sensitivity in SAP,Use approved pseudonymous keys in TRE where applicable; never use direct identifiers in analysis layer,source_id; dataset/version; field name; collection date; transformation; codebook citation; hash/query,Not evidence of causation by itself,UNVERIFIED_FIELD_AVAILABILITY
OUT-006,Outcomes,Suicidal ideation/attempts,Outcome,NUMERIC_OR_SCALE,events/score,Repeated,EHR/PRO,DS061;DS062;DS002;DS003,DS004;DS018;DS019,MIXED_ACCESS;RESTRICTED_STUDY;RESTRICTED_TRE,PERSON_LEVEL_SENSITIVE,NO_IF_VALID_SECONDARY_LEGAL_GATEWAY,Exact field/instrument verified; definition versioned; time coverage confirmed; missingness quantified; construct validity assessed,Do not code unavailable as absent; preserve UNKNOWN/NOT_MEASURED; predefine imputation/sensitivity in SAP,Use approved pseudonymous keys in TRE where applicable; never use direct identifiers in analysis layer,source_id; dataset/version; field name; collection date; transformation; codebook citation; hash/query,Not evidence of causation by itself,UNVERIFIED_FIELD_AVAILABILITY
OUT-007,Outcomes,Psychiatric hospitalisation,Outcome,TEMPORAL_NUMERIC,event/date,Repeated,EHR,DS061;DS062;DS002;DS003,DS004;DS018;DS019,MIXED_ACCESS;RESTRICTED_STUDY;RESTRICTED_TRE,PERSON_LEVEL_SENSITIVE,NO_IF_VALID_SECONDARY_LEGAL_GATEWAY,Exact field/instrument verified; definition versioned; time coverage confirmed; missingness quantified; construct validity assessed,Do not code unavailable as absent; preserve UNKNOWN/NOT_MEASURED; predefine imputation/sensitivity in SAP,Use approved pseudonymous keys in TRE where applicable; never use direct identifiers in analysis layer,source_id; dataset/version; field name; collection date; transformation; codebook citation; hash/query,Not evidence of causation by itself,UNVERIFIED_FIELD_AVAILABILITY
OUT-008,Outcomes,School attendance,Outcome,MIXED_OR_SOURCE_SPECIFIC,days,Repeated,education,DS061;DS062;DS002;DS003,DS004;DS018;DS019,MIXED_ACCESS;RESTRICTED_STUDY;RESTRICTED_TRE,PERSON_LEVEL_SENSITIVE,NO_IF_VALID_SECONDARY_LEGAL_GATEWAY,Exact field/instrument verified; definition versioned; time coverage confirmed; missingness quantified; construct validity assessed,Do not code unavailable as absent; preserve UNKNOWN/NOT_MEASURED; predefine imputation/sensitivity in SAP,Use approved pseudonymous keys in TRE where applicable; never use direct identifiers in analysis layer,source_id; dataset/version; field name; collection date; transformation; codebook citation; hash/query,Not evidence of causation by itself,UNVERIFIED_FIELD_AVAILABILITY
OUT-009,Outcomes,Academic attainment,Outcome,MIXED_OR_SOURCE_SPECIFIC,grade/qualification,Repeated,education,DS061;DS062;DS002;DS003,DS004;DS018;DS019,MIXED_ACCESS;RESTRICTED_STUDY;RESTRICTED_TRE,PERSON_LEVEL_SENSITIVE,NO_IF_VALID_SECONDARY_LEGAL_GATEWAY,Exact field/instrument verified; definition versioned; time coverage confirmed; missingness quantified; construct validity assessed,Do not code unavailable as absent; preserve UNKNOWN/NOT_MEASURED; predefine imputation/sensitivity in SAP,Use approved pseudonymous keys in TRE where applicable; never use direct identifiers in analysis layer,source_id; dataset/version; field name; collection date; transformation; codebook citation; hash/query,Not evidence of causation by itself,UNVERIFIED_FIELD_AVAILABILITY
OUT-010,Outcomes,Employment status,Outcome,MIXED_OR_SOURCE_SPECIFIC,status,Repeated,admin/PRO,DS061;DS062;DS002;DS003,DS004;DS018;DS019,MIXED_ACCESS;RESTRICTED_STUDY;RESTRICTED_TRE,PERSON_LEVEL_SENSITIVE,NO_IF_VALID_SECONDARY_LEGAL_GATEWAY,Exact field/instrument verified; definition versioned; time coverage confirmed; missingness quantified; construct validity assessed,Do not code unavailable as absent; preserve UNKNOWN/NOT_MEASURED; predefine imputation/sensitivity in SAP,Use approved pseudonymous keys in TRE where applicable; never use direct identifiers in analysis layer,source_id; dataset/version; field name; collection date; transformation; codebook citation; hash/query,Not evidence of causation by itself,UNVERIFIED_FIELD_AVAILABILITY
OUT-011,Outcomes,Relationship/social functioning,Outcome,TEMPORAL_NUMERIC,validated scale,Repeated,PRO,DS061;DS062;DS002;DS003,DS004;DS018;DS019,MIXED_ACCESS;RESTRICTED_STUDY;RESTRICTED_TRE,PERSON_LEVEL_SENSITIVE,NO_IF_VALID_SECONDARY_LEGAL_GATEWAY,Exact field/instrument verified; definition versioned; time coverage confirmed; missingness quantified; construct validity assessed,Do not code unavailable as absent; preserve UNKNOWN/NOT_MEASURED; predefine imputation/sensitivity in SAP,Use approved pseudonymous keys in TRE where applicable; never use direct identifiers in analysis layer,source_id; dataset/version; field name; collection date; transformation; codebook citation; hash/query,Not evidence of causation by itself,UNVERIFIED_FIELD_AVAILABILITY
OUT-012,Outcomes,Independent living/function,Outcome,NUMERIC_OR_SCALE,status/scale,Repeated,PRO/admin,DS061;DS062;DS002;DS003,DS004;DS018;DS019,MIXED_ACCESS;RESTRICTED_STUDY;RESTRICTED_TRE,PERSON_LEVEL_SENSITIVE,NO_IF_VALID_SECONDARY_LEGAL_GATEWAY,Exact field/instrument verified; definition versioned; time coverage confirmed; missingness quantified; construct validity assessed,Do not code unavailable as absent; preserve UNKNOWN/NOT_MEASURED; predefine imputation/sensitivity in SAP,Use approved pseudonymous keys in TRE where applicable; never use direct identifiers in analysis layer,source_id; dataset/version; field name; collection date; transformation; codebook citation; hash/query,Not evidence of causation by itself,UNVERIFIED_FIELD_AVAILABILITY
OUT-013,Outcomes,Healthcare utilisation,Outcome,MIXED_OR_SOURCE_SPECIFIC,visits/admissions,Repeated,EHR,DS061;DS062;DS002;DS003,DS004;DS018;DS019,MIXED_ACCESS;RESTRICTED_STUDY;RESTRICTED_TRE,PERSON_LEVEL_SENSITIVE,NO_IF_VALID_SECONDARY_LEGAL_GATEWAY,Exact field/instrument verified; definition versioned; time coverage confirmed; missingness quantified; construct validity assessed,Do not code unavailable as absent; preserve UNKNOWN/NOT_MEASURED; predefine imputation/sensitivity in SAP,Use approved pseudonymous keys in TRE where applicable; never use direct identifiers in analysis layer,source_id; dataset/version; field name; collection date; transformation; codebook citation; hash/query,Not evidence of causation by itself,UNVERIFIED_FIELD_AVAILABILITY
OUT-014,Outcomes,Quality of life,Outcome,TEMPORAL_NUMERIC,validated PRO,Repeated,PRO,DS061;DS062;DS002;DS003,DS004;DS018;DS019,MIXED_ACCESS;RESTRICTED_STUDY;RESTRICTED_TRE,PERSON_LEVEL_SENSITIVE,NO_IF_VALID_SECONDARY_LEGAL_GATEWAY,Exact field/instrument verified; definition versioned; time coverage confirmed; missingness quantified; construct validity assessed,Do not code unavailable as absent; preserve UNKNOWN/NOT_MEASURED; predefine imputation/sensitivity in SAP,Use approved pseudonymous keys in TRE where applicable; never use direct identifiers in analysis layer,source_id; dataset/version; field name; collection date; transformation; codebook citation; hash/query,Not evidence of causation by itself,UNVERIFIED_FIELD_AVAILABILITY
OUT-015,Outcomes,Wellbeing,Outcome,TEMPORAL_NUMERIC,validated PRO,Repeated,PRO,DS061;DS062;DS002;DS003,DS004;DS018;DS019,MIXED_ACCESS;RESTRICTED_STUDY;RESTRICTED_TRE,PERSON_LEVEL_SENSITIVE,NO_IF_VALID_SECONDARY_LEGAL_GATEWAY,Exact field/instrument verified; definition versioned; time coverage confirmed; missingness quantified; construct validity assessed,Do not code unavailable as absent; preserve UNKNOWN/NOT_MEASURED; predefine imputation/sensitivity in SAP,Use approved pseudonymous keys in TRE where applicable; never use direct identifiers in analysis layer,source_id; dataset/version; field name; collection date; transformation; codebook citation; hash/query,Not evidence of causation by itself,UNVERIFIED_FIELD_AVAILABILITY
OUT-016,Outcomes,Treatment satisfaction,Outcome,NUMERIC_OR_SCALE,scale,Repeated,PRO,DS061;DS062;DS002;DS003,DS004;DS018;DS019,MIXED_ACCESS;RESTRICTED_STUDY;RESTRICTED_TRE,PERSON_LEVEL_SENSITIVE,NO_IF_VALID_SECONDARY_LEGAL_GATEWAY,Exact field/instrument verified; definition versioned; time coverage confirmed; missingness quantified; construct validity assessed,Do not code unavailable as absent; preserve UNKNOWN/NOT_MEASURED; predefine imputation/sensitivity in SAP,Use approved pseudonymous keys in TRE where applicable; never use direct identifiers in analysis layer,source_id; dataset/version; field name; collection date; transformation; codebook citation; hash/query,Not evidence of causation by itself,UNVERIFIED_FIELD_AVAILABILITY
OUT-017,Outcomes,Decisional regret,Outcome,TEMPORAL_NUMERIC,validated scale,Repeated,PRO,DS061;DS062;DS002;DS003,DS004;DS018;DS019,MIXED_ACCESS;RESTRICTED_STUDY;RESTRICTED_TRE,PERSON_LEVEL_SENSITIVE,NO_IF_VALID_SECONDARY_LEGAL_GATEWAY,Exact field/instrument verified; definition versioned; time coverage confirmed; missingness quantified; construct validity assessed,Do not code unavailable as absent; preserve UNKNOWN/NOT_MEASURED; predefine imputation/sensitivity in SAP,Use approved pseudonymous keys in TRE where applicable; never use direct identifiers in analysis layer,source_id; dataset/version; field name; collection date; transformation; codebook citation; hash/query,Not evidence of causation by itself,UNVERIFIED_FIELD_AVAILABILITY
OUT-018,Outcomes,Treatment-goal change,Outcome,TEMPORAL_NUMERIC,status/date,Repeated,PRO/EHR,DS061;DS062;DS002;DS003,DS004;DS018;DS019,MIXED_ACCESS;RESTRICTED_STUDY;RESTRICTED_TRE,PERSON_LEVEL_SENSITIVE,NO_IF_VALID_SECONDARY_LEGAL_GATEWAY,Exact field/instrument verified; definition versioned; time coverage confirmed; missingness quantified; construct validity assessed,Do not code unavailable as absent; preserve UNKNOWN/NOT_MEASURED; predefine imputation/sensitivity in SAP,Use approved pseudonymous keys in TRE where applicable; never use direct identifiers in analysis layer,source_id; dataset/version; field name; collection date; transformation; codebook citation; hash/query,Not evidence of causation by itself,UNVERIFIED_FIELD_AVAILABILITY
OUT-019,Outcomes,Detransition/treatment reversal as participant-defined,Outcome,MIXED_OR_SOURCE_SPECIFIC,status/reason,Repeated,PRO/EHR,DS061;DS062;DS002;DS003,DS004;DS018;DS019,MIXED_ACCESS;RESTRICTED_STUDY;RESTRICTED_TRE,PERSON_LEVEL_SENSITIVE,NO_IF_VALID_SECONDARY_LEGAL_GATEWAY,Exact field/instrument verified; definition versioned; time coverage confirmed; missingness quantified; construct validity assessed,Do not code unavailable as absent; preserve UNKNOWN/NOT_MEASURED; predefine imputation/sensitivity in SAP,Use approved pseudonymous keys in TRE where applicable; never use direct identifiers in analysis layer,source_id; dataset/version; field name; collection date; transformation; codebook citation; hash/query,Not evidence of causation by itself,UNVERIFIED_FIELD_AVAILABILITY
OUT-020,Outcomes,Bone health where relevant,Outcome,MIXED_OR_SOURCE_SPECIFIC,BMD/labs,Repeated,EHR,DS061;DS062;DS002;DS003,DS004;DS018;DS019,MIXED_ACCESS;RESTRICTED_STUDY;RESTRICTED_TRE,PERSON_LEVEL_SENSITIVE,NO_IF_VALID_SECONDARY_LEGAL_GATEWAY,Exact field/instrument verified; definition versioned; time coverage confirmed; missingness quantified; construct validity assessed,Do not code unavailable as absent; preserve UNKNOWN/NOT_MEASURED; predefine imputation/sensitivity in SAP,Use approved pseudonymous keys in TRE where applicable; never use direct identifiers in analysis layer,source_id; dataset/version; field name; collection date; transformation; codebook citation; hash/query,Not evidence of causation by itself,UNVERIFIED_FIELD_AVAILABILITY
OUT-021,Outcomes,Metabolic/cardiovascular outcomes,Outcome,MIXED_OR_SOURCE_SPECIFIC,labs/events,Repeated,EHR,DS061;DS062;DS002;DS003,DS004;DS018;DS019,MIXED_ACCESS;RESTRICTED_STUDY;RESTRICTED_TRE,PERSON_LEVEL_SENSITIVE,NO_IF_VALID_SECONDARY_LEGAL_GATEWAY,Exact field/instrument verified; definition versioned; time coverage confirmed; missingness quantified; construct validity assessed,Do not code unavailable as absent; preserve UNKNOWN/NOT_MEASURED; predefine imputation/sensitivity in SAP,Use approved pseudonymous keys in TRE where applicable; never use direct identifiers in analysis layer,source_id; dataset/version; field name; collection date; transformation; codebook citation; hash/query,Not evidence of causation by itself,UNVERIFIED_FIELD_AVAILABILITY
OUT-022,Outcomes,Sexual function,Outcome,TEMPORAL_NUMERIC,validated PRO,Repeated,PRO,DS061;DS062;DS002;DS003,DS004;DS018;DS019,MIXED_ACCESS;RESTRICTED_STUDY;RESTRICTED_TRE,PERSON_LEVEL_SENSITIVE,NO_IF_VALID_SECONDARY_LEGAL_GATEWAY,Exact field/instrument verified; definition versioned; time coverage confirmed; missingness quantified; construct validity assessed,Do not code unavailable as absent; preserve UNKNOWN/NOT_MEASURED; predefine imputation/sensitivity in SAP,Use approved pseudonymous keys in TRE where applicable; never use direct identifiers in analysis layer,source_id; dataset/version; field name; collection date; transformation; codebook citation; hash/query,Not evidence of causation by itself,UNVERIFIED_FIELD_AVAILABILITY
OUT-023,Outcomes,Fertility outcomes/concerns,Outcome,MIXED_OR_SOURCE_SPECIFIC,status/PRO,Repeated,EHR/PRO,DS061;DS062;DS002;DS003,DS004;DS018;DS019,MIXED_ACCESS;RESTRICTED_STUDY;RESTRICTED_TRE,PERSON_LEVEL_SENSITIVE,NO_IF_VALID_SECONDARY_LEGAL_GATEWAY,Exact field/instrument verified; definition versioned; time coverage confirmed; missingness quantified; construct validity assessed,Do not code unavailable as absent; preserve UNKNOWN/NOT_MEASURED; predefine imputation/sensitivity in SAP,Use approved pseudonymous keys in TRE where applicable; never use direct identifiers in analysis layer,source_id; dataset/version; field name; collection date; transformation; codebook citation; hash/query,Not evidence of causation by itself,UNVERIFIED_FIELD_AVAILABILITY
OUT-024,Outcomes,Surgical complications,Outcome,MIXED_OR_SOURCE_SPECIFIC,events,Repeated,EHR,DS061;DS062;DS002;DS003,DS004;DS018;DS019,MIXED_ACCESS;RESTRICTED_STUDY;RESTRICTED_TRE,PERSON_LEVEL_SENSITIVE,NO_IF_VALID_SECONDARY_LEGAL_GATEWAY,Exact field/instrument verified; definition versioned; time coverage confirmed; missingness quantified; construct validity assessed,Do not code unavailable as absent; preserve UNKNOWN/NOT_MEASURED; predefine imputation/sensitivity in SAP,Use approved pseudonymous keys in TRE where applicable; never use direct identifiers in analysis layer,source_id; dataset/version; field name; collection date; transformation; codebook citation; hash/query,Not evidence of causation by itself,UNVERIFIED_FIELD_AVAILABILITY
OUT-025,Outcomes,Perceived benefit,Outcome,MIXED_OR_SOURCE_SPECIFIC,PRO,Repeated,PRO,DS061;DS062;DS002;DS003,DS004;DS018;DS019,MIXED_ACCESS;RESTRICTED_STUDY;RESTRICTED_TRE,PERSON_LEVEL_SENSITIVE,NO_IF_VALID_SECONDARY_LEGAL_GATEWAY,Exact field/instrument verified; definition versioned; time coverage confirmed; missingness quantified; construct validity assessed,Do not code unavailable as absent; preserve UNKNOWN/NOT_MEASURED; predefine imputation/sensitivity in SAP,Use approved pseudonymous keys in TRE where applicable; never use direct identifiers in analysis layer,source_id; dataset/version; field name; collection date; transformation; codebook citation; hash/query,Not evidence of causation by itself,UNVERIFIED_FIELD_AVAILABILITY
OUT-026,Outcomes,Perceived harm,Outcome,MIXED_OR_SOURCE_SPECIFIC,PRO,Repeated,PRO,DS061;DS062;DS002;DS003,DS004;DS018;DS019,MIXED_ACCESS;RESTRICTED_STUDY;RESTRICTED_TRE,PERSON_LEVEL_SENSITIVE,NO_IF_VALID_SECONDARY_LEGAL_GATEWAY,Exact field/instrument verified; definition versioned; time coverage confirmed; missingness quantified; construct validity assessed,Do not code unavailable as absent; preserve UNKNOWN/NOT_MEASURED; predefine imputation/sensitivity in SAP,Use approved pseudonymous keys in TRE where applicable; never use direct identifiers in analysis layer,source_id; dataset/version; field name; collection date; transformation; codebook citation; hash/query,Not evidence of causation by itself,UNVERIFIED_FIELD_AVAILABILITY
OUT-027,Outcomes,Treatment burden,Outcome,TEMPORAL_NUMERIC,validated/derived,Repeated,PRO,DS061;DS062;DS002;DS003,DS004;DS018;DS019,MIXED_ACCESS;RESTRICTED_STUDY;RESTRICTED_TRE,PERSON_LEVEL_SENSITIVE,NO_IF_VALID_SECONDARY_LEGAL_GATEWAY,Exact field/instrument verified; definition versioned; time coverage confirmed; missingness quantified; construct validity assessed,Do not code unavailable as absent; preserve UNKNOWN/NOT_MEASURED; predefine imputation/sensitivity in SAP,Use approved pseudonymous keys in TRE where applicable; never use direct identifiers in analysis layer,source_id; dataset/version; field name; collection date; transformation; codebook citation; hash/query,Not evidence of causation by itself,UNVERIFIED_FIELD_AVAILABILITY
ND-013,Neurodevelopmental,Age at autism diagnosis,Confounder/Moderator/Measurement,TEMPORAL_NUMERIC,structured/validated measure where available,Repeated,EHR / validated PRO / neurodevelopmental assessment,DS003;DS004;DS018,DS020;DS021,MIXED_ACCESS;RESTRICTED_COHORT;RESTRICTED_TRE,SPECIAL_CATEGORY_OR_HIGH_SENSITIVITY,NO_IF_VALID_SECONDARY_LEGAL_GATEWAY,Exact field/instrument verified; definition versioned; time coverage confirmed; missingness quantified; construct validity assessed,Do not code unavailable as absent; preserve UNKNOWN/NOT_MEASURED; predefine imputation/sensitivity in SAP,Use approved pseudonymous keys in TRE where applicable; never use direct identifiers in analysis layer,source_id; dataset/version; field name; collection date; transformation; codebook citation; hash/query,Not evidence of causation by itself,UNVERIFIED_FIELD_AVAILABILITY
ND-014,Neurodevelopmental,Age at ADHD diagnosis,Confounder/Moderator/Measurement,TEMPORAL_NUMERIC,structured/validated measure where available,Repeated,EHR / validated PRO / neurodevelopmental assessment,DS003;DS004;DS018,DS020;DS021,MIXED_ACCESS;RESTRICTED_COHORT;RESTRICTED_TRE,SPECIAL_CATEGORY_OR_HIGH_SENSITIVITY,NO_IF_VALID_SECONDARY_LEGAL_GATEWAY,Exact field/instrument verified; definition versioned; time coverage confirmed; missingness quantified; construct validity assessed,Do not code unavailable as absent; preserve UNKNOWN/NOT_MEASURED; predefine imputation/sensitivity in SAP,Use approved pseudonymous keys in TRE where applicable; never use direct identifiers in analysis layer,source_id; dataset/version; field name; collection date; transformation; codebook citation; hash/query,Not evidence of causation by itself,UNVERIFIED_FIELD_AVAILABILITY
ND-015,Neurodevelopmental,Autism diagnostic pathway and assessor,Confounder/Moderator/Measurement,TEMPORAL_NUMERIC,structured/validated measure where available,Repeated,EHR / validated PRO / neurodevelopmental assessment,DS003;DS004;DS018,DS020;DS021,MIXED_ACCESS;RESTRICTED_COHORT;RESTRICTED_TRE,SPECIAL_CATEGORY_OR_HIGH_SENSITIVITY,NO_IF_VALID_SECONDARY_LEGAL_GATEWAY,Exact field/instrument verified; definition versioned; time coverage confirmed; missingness quantified; construct validity assessed,Do not code unavailable as absent; preserve UNKNOWN/NOT_MEASURED; predefine imputation/sensitivity in SAP,Use approved pseudonymous keys in TRE where applicable; never use direct identifiers in analysis layer,source_id; dataset/version; field name; collection date; transformation; codebook citation; hash/query,Not evidence of causation by itself,UNVERIFIED_FIELD_AVAILABILITY
ND-016,Neurodevelopmental,Autism diagnostic instrument/version,Confounder/Moderator/Measurement,TEMPORAL_NUMERIC,structured/validated measure where available,Repeated,EHR / validated PRO / neurodevelopmental assessment,DS003;DS004;DS018,DS020;DS021,MIXED_ACCESS;RESTRICTED_COHORT;RESTRICTED_TRE,SPECIAL_CATEGORY_OR_HIGH_SENSITIVITY,NO_IF_VALID_SECONDARY_LEGAL_GATEWAY,Exact field/instrument verified; definition versioned; time coverage confirmed; missingness quantified; construct validity assessed,Do not code unavailable as absent; preserve UNKNOWN/NOT_MEASURED; predefine imputation/sensitivity in SAP,Use approved pseudonymous keys in TRE where applicable; never use direct identifiers in analysis layer,source_id; dataset/version; field name; collection date; transformation; codebook citation; hash/query,Not evidence of causation by itself,UNVERIFIED_FIELD_AVAILABILITY
ND-017,Neurodevelopmental,Autistic trait severity/domain scores,Confounder/Moderator/Measurement,TEMPORAL_NUMERIC,structured/validated measure where available,Repeated,EHR / validated PRO / neurodevelopmental assessment,DS003;DS004;DS018,DS020;DS021,MIXED_ACCESS;RESTRICTED_COHORT;RESTRICTED_TRE,SPECIAL_CATEGORY_OR_HIGH_SENSITIVITY,NO_IF_VALID_SECONDARY_LEGAL_GATEWAY,Exact field/instrument verified; definition versioned; time coverage confirmed; missingness quantified; construct validity assessed,Do not code unavailable as absent; preserve UNKNOWN/NOT_MEASURED; predefine imputation/sensitivity in SAP,Use approved pseudonymous keys in TRE where applicable; never use direct identifiers in analysis layer,source_id; dataset/version; field name; collection date; transformation; codebook citation; hash/query,Not evidence of causation by itself,UNVERIFIED_FIELD_AVAILABILITY
ND-018,Neurodevelopmental,Social-communication differences,Confounder/Moderator/Measurement,TEMPORAL_NUMERIC,structured/validated measure where available,Repeated,EHR / validated PRO / neurodevelopmental assessment,DS003;DS004;DS018,DS020;DS021,MIXED_ACCESS;RESTRICTED_COHORT;RESTRICTED_TRE,SPECIAL_CATEGORY_OR_HIGH_SENSITIVITY,NO_IF_VALID_SECONDARY_LEGAL_GATEWAY,Exact field/instrument verified; definition versioned; time coverage confirmed; missingness quantified; construct validity assessed,Do not code unavailable as absent; preserve UNKNOWN/NOT_MEASURED; predefine imputation/sensitivity in SAP,Use approved pseudonymous keys in TRE where applicable; never use direct identifiers in analysis layer,source_id; dataset/version; field name; collection date; transformation; codebook citation; hash/query,Not evidence of causation by itself,UNVERIFIED_FIELD_AVAILABILITY
ND-019,Neurodevelopmental,Restricted/repetitive behaviour profile,Confounder/Moderator/Measurement,TEMPORAL_NUMERIC,structured/validated measure where available,Repeated,EHR / validated PRO / neurodevelopmental assessment,DS003;DS004;DS018,DS020;DS021,MIXED_ACCESS;RESTRICTED_COHORT;RESTRICTED_TRE,SPECIAL_CATEGORY_OR_HIGH_SENSITIVITY,NO_IF_VALID_SECONDARY_LEGAL_GATEWAY,Exact field/instrument verified; definition versioned; time coverage confirmed; missingness quantified; construct validity assessed,Do not code unavailable as absent; preserve UNKNOWN/NOT_MEASURED; predefine imputation/sensitivity in SAP,Use approved pseudonymous keys in TRE where applicable; never use direct identifiers in analysis layer,source_id; dataset/version; field name; collection date; transformation; codebook citation; hash/query,Not evidence of causation by itself,UNVERIFIED_FIELD_AVAILABILITY
ND-020,Neurodevelopmental,Sensory hyper-reactivity,Confounder/Moderator/Measurement,TEMPORAL_NUMERIC,structured/validated measure where available,Repeated,EHR / validated PRO / neurodevelopmental assessment,DS003;DS004;DS018,DS020;DS021,MIXED_ACCESS;RESTRICTED_COHORT;RESTRICTED_TRE,SPECIAL_CATEGORY_OR_HIGH_SENSITIVITY,NO_IF_VALID_SECONDARY_LEGAL_GATEWAY,Exact field/instrument verified; definition versioned; time coverage confirmed; missingness quantified; construct validity assessed,Do not code unavailable as absent; preserve UNKNOWN/NOT_MEASURED; predefine imputation/sensitivity in SAP,Use approved pseudonymous keys in TRE where applicable; never use direct identifiers in analysis layer,source_id; dataset/version; field name; collection date; transformation; codebook citation; hash/query,Not evidence of causation by itself,UNVERIFIED_FIELD_AVAILABILITY
ND-021,Neurodevelopmental,Sensory hypo-reactivity,Confounder/Moderator/Measurement,TEMPORAL_NUMERIC,structured/validated measure where available,Repeated,EHR / validated PRO / neurodevelopmental assessment,DS003;DS004;DS018,DS020;DS021,MIXED_ACCESS;RESTRICTED_COHORT;RESTRICTED_TRE,SPECIAL_CATEGORY_OR_HIGH_SENSITIVITY,NO_IF_VALID_SECONDARY_LEGAL_GATEWAY,Exact field/instrument verified; definition versioned; time coverage confirmed; missingness quantified; construct validity assessed,Do not code unavailable as absent; preserve UNKNOWN/NOT_MEASURED; predefine imputation/sensitivity in SAP,Use approved pseudonymous keys in TRE where applicable; never use direct identifiers in analysis layer,source_id; dataset/version; field name; collection date; transformation; codebook citation; hash/query,Not evidence of causation by itself,UNVERIFIED_FIELD_AVAILABILITY
ND-022,Neurodevelopmental,Interoceptive awareness/differences,Confounder/Moderator/Measurement,TEMPORAL_NUMERIC,structured/validated measure where available,Repeated,EHR / validated PRO / neurodevelopmental assessment,DS003;DS004;DS018,DS020;DS021,MIXED_ACCESS;RESTRICTED_COHORT;RESTRICTED_TRE,SPECIAL_CATEGORY_OR_HIGH_SENSITIVITY,NO_IF_VALID_SECONDARY_LEGAL_GATEWAY,Exact field/instrument verified; definition versioned; time coverage confirmed; missingness quantified; construct validity assessed,Do not code unavailable as absent; preserve UNKNOWN/NOT_MEASURED; predefine imputation/sensitivity in SAP,Use approved pseudonymous keys in TRE where applicable; never use direct identifiers in analysis layer,source_id; dataset/version; field name; collection date; transformation; codebook citation; hash/query,Not evidence of causation by itself,UNVERIFIED_FIELD_AVAILABILITY
ND-023,Neurodevelopmental,Alexithymia score/traits,Confounder/Moderator/Measurement,TEMPORAL_NUMERIC,structured/validated measure where available,Repeated,EHR / validated PRO / neurodevelopmental assessment,DS003;DS004;DS018,DS020;DS021,MIXED_ACCESS;RESTRICTED_COHORT;RESTRICTED_TRE,SPECIAL_CATEGORY_OR_HIGH_SENSITIVITY,NO_IF_VALID_SECONDARY_LEGAL_GATEWAY,Exact field/instrument verified; definition versioned; time coverage confirmed; missingness quantified; construct validity assessed,Do not code unavailable as absent; preserve UNKNOWN/NOT_MEASURED; predefine imputation/sensitivity in SAP,Use approved pseudonymous keys in TRE where applicable; never use direct identifiers in analysis layer,source_id; dataset/version; field name; collection date; transformation; codebook citation; hash/query,Not evidence of causation by itself,UNVERIFIED_FIELD_AVAILABILITY
ND-024,Neurodevelopmental,Cognitive flexibility/set-shifting,Confounder/Moderator/Measurement,TEMPORAL_NUMERIC,structured/validated measure where available,Repeated,EHR / validated PRO / neurodevelopmental assessment,DS003;DS004;DS018,DS020;DS021,MIXED_ACCESS;RESTRICTED_COHORT;RESTRICTED_TRE,SPECIAL_CATEGORY_OR_HIGH_SENSITIVITY,NO_IF_VALID_SECONDARY_LEGAL_GATEWAY,Exact field/instrument verified; definition versioned; time coverage confirmed; missingness quantified; construct validity assessed,Do not code unavailable as absent; preserve UNKNOWN/NOT_MEASURED; predefine imputation/sensitivity in SAP,Use approved pseudonymous keys in TRE where applicable; never use direct identifiers in analysis layer,source_id; dataset/version; field name; collection date; transformation; codebook citation; hash/query,Not evidence of causation by itself,UNVERIFIED_FIELD_AVAILABILITY
ND-025,Neurodevelopmental,Intolerance of uncertainty,Confounder/Moderator/Measurement,TEMPORAL_NUMERIC,structured/validated measure where available,Repeated,EHR / validated PRO / neurodevelopmental assessment,DS003;DS004;DS018,DS020;DS021,MIXED_ACCESS;RESTRICTED_COHORT;RESTRICTED_TRE,SPECIAL_CATEGORY_OR_HIGH_SENSITIVITY,NO_IF_VALID_SECONDARY_LEGAL_GATEWAY,Exact field/instrument verified; definition versioned; time coverage confirmed; missingness quantified; construct validity assessed,Do not code unavailable as absent; preserve UNKNOWN/NOT_MEASURED; predefine imputation/sensitivity in SAP,Use approved pseudonymous keys in TRE where applicable; never use direct identifiers in analysis layer,source_id; dataset/version; field name; collection date; transformation; codebook citation; hash/query,Not evidence of causation by itself,UNVERIFIED_FIELD_AVAILABILITY
ND-026,Neurodevelopmental,Executive-function profile,Confounder/Moderator/Measurement,TEMPORAL_NUMERIC,structured/validated measure where available,Repeated,EHR / validated PRO / neurodevelopmental assessment,DS003;DS004;DS018,DS020;DS021,MIXED_ACCESS;RESTRICTED_COHORT;RESTRICTED_TRE,SPECIAL_CATEGORY_OR_HIGH_SENSITIVITY,NO_IF_VALID_SECONDARY_LEGAL_GATEWAY,Exact field/instrument verified; definition versioned; time coverage confirmed; missingness quantified; construct validity assessed,Do not code unavailable as absent; preserve UNKNOWN/NOT_MEASURED; predefine imputation/sensitivity in SAP,Use approved pseudonymous keys in TRE where applicable; never use direct identifiers in analysis layer,source_id; dataset/version; field name; collection date; transformation; codebook citation; hash/query,Not evidence of causation by itself,UNVERIFIED_FIELD_AVAILABILITY
ND-027,Neurodevelopmental,Attention regulation profile,Confounder/Moderator/Measurement,TEMPORAL_NUMERIC,structured/validated measure where available,Repeated,EHR / validated PRO / neurodevelopmental assessment,DS003;DS004;DS018,DS020;DS021,MIXED_ACCESS;RESTRICTED_COHORT;RESTRICTED_TRE,SPECIAL_CATEGORY_OR_HIGH_SENSITIVITY,NO_IF_VALID_SECONDARY_LEGAL_GATEWAY,Exact field/instrument verified; definition versioned; time coverage confirmed; missingness quantified; construct validity assessed,Do not code unavailable as absent; preserve UNKNOWN/NOT_MEASURED; predefine imputation/sensitivity in SAP,Use approved pseudonymous keys in TRE where applicable; never use direct identifiers in analysis layer,source_id; dataset/version; field name; collection date; transformation; codebook citation; hash/query,Not evidence of causation by itself,UNVERIFIED_FIELD_AVAILABILITY
ND-028,Neurodevelopmental,Impulsivity profile,Confounder/Moderator/Measurement,TEMPORAL_NUMERIC,structured/validated measure where available,Repeated,EHR / validated PRO / neurodevelopmental assessment,DS003;DS004;DS018,DS020;DS021,MIXED_ACCESS;RESTRICTED_COHORT;RESTRICTED_TRE,SPECIAL_CATEGORY_OR_HIGH_SENSITIVITY,NO_IF_VALID_SECONDARY_LEGAL_GATEWAY,Exact field/instrument verified; definition versioned; time coverage confirmed; missingness quantified; construct validity assessed,Do not code unavailable as absent; preserve UNKNOWN/NOT_MEASURED; predefine imputation/sensitivity in SAP,Use approved pseudonymous keys in TRE where applicable; never use direct identifiers in analysis layer,source_id; dataset/version; field name; collection date; transformation; codebook citation; hash/query,Not evidence of causation by itself,UNVERIFIED_FIELD_AVAILABILITY
ND-029,Neurodevelopmental,Hyperfocus/special-interest intensity,Confounder/Moderator/Measurement,TEMPORAL_NUMERIC,structured/validated measure where available,Repeated,EHR / validated PRO / neurodevelopmental assessment,DS003;DS004;DS018,DS020;DS021,MIXED_ACCESS;RESTRICTED_COHORT;RESTRICTED_TRE,SPECIAL_CATEGORY_OR_HIGH_SENSITIVITY,NO_IF_VALID_SECONDARY_LEGAL_GATEWAY,Exact field/instrument verified; definition versioned; time coverage confirmed; missingness quantified; construct validity assessed,Do not code unavailable as absent; preserve UNKNOWN/NOT_MEASURED; predefine imputation/sensitivity in SAP,Use approved pseudonymous keys in TRE where applicable; never use direct identifiers in analysis layer,source_id; dataset/version; field name; collection date; transformation; codebook citation; hash/query,Not evidence of causation by itself,UNVERIFIED_FIELD_AVAILABILITY
ND-030,Neurodevelopmental,Monotropic attention profile where measured,Confounder/Moderator/Measurement,TEMPORAL_NUMERIC,structured/validated measure where available,Repeated,EHR / validated PRO / neurodevelopmental assessment,DS003;DS004;DS018,DS020;DS021,MIXED_ACCESS;RESTRICTED_COHORT;RESTRICTED_TRE,SPECIAL_CATEGORY_OR_HIGH_SENSITIVITY,NO_IF_VALID_SECONDARY_LEGAL_GATEWAY,Exact field/instrument verified; definition versioned; time coverage confirmed; missingness quantified; construct validity assessed,Do not code unavailable as absent; preserve UNKNOWN/NOT_MEASURED; predefine imputation/sensitivity in SAP,Use approved pseudonymous keys in TRE where applicable; never use direct identifiers in analysis layer,source_id; dataset/version; field name; collection date; transformation; codebook citation; hash/query,Not evidence of causation by itself,UNVERIFIED_FIELD_AVAILABILITY
ND-031,Neurodevelopmental,Pragmatic-language profile,Confounder/Moderator/Measurement,TEMPORAL_NUMERIC,structured/validated measure where available,Repeated,EHR / validated PRO / neurodevelopmental assessment,DS003;DS004;DS018,DS020;DS021,MIXED_ACCESS;RESTRICTED_COHORT;RESTRICTED_TRE,SPECIAL_CATEGORY_OR_HIGH_SENSITIVITY,NO_IF_VALID_SECONDARY_LEGAL_GATEWAY,Exact field/instrument verified; definition versioned; time coverage confirmed; missingness quantified; construct validity assessed,Do not code unavailable as absent; preserve UNKNOWN/NOT_MEASURED; predefine imputation/sensitivity in SAP,Use approved pseudonymous keys in TRE where applicable; never use direct identifiers in analysis layer,source_id; dataset/version; field name; collection date; transformation; codebook citation; hash/query,Not evidence of causation by itself,UNVERIFIED_FIELD_AVAILABILITY
ND-032,Neurodevelopmental,Literal language interpretation tendency,Confounder/Moderator/Measurement,TEMPORAL_NUMERIC,structured/validated measure where available,Repeated,EHR / validated PRO / neurodevelopmental assessment,DS003;DS004;DS018,DS020;DS021,MIXED_ACCESS;RESTRICTED_COHORT;RESTRICTED_TRE,SPECIAL_CATEGORY_OR_HIGH_SENSITIVITY,NO_IF_VALID_SECONDARY_LEGAL_GATEWAY,Exact field/instrument verified; definition versioned; time coverage confirmed; missingness quantified; construct validity assessed,Do not code unavailable as absent; preserve UNKNOWN/NOT_MEASURED; predefine imputation/sensitivity in SAP,Use approved pseudonymous keys in TRE where applicable; never use direct identifiers in analysis layer,source_id; dataset/version; field name; collection date; transformation; codebook citation; hash/query,Not evidence of causation by itself,UNVERIFIED_FIELD_AVAILABILITY
ND-033,Neurodevelopmental,Nonverbal communication differences,Confounder/Moderator/Measurement,TEMPORAL_NUMERIC,structured/validated measure where available,Repeated,EHR / validated PRO / neurodevelopmental assessment,DS003;DS004;DS018,DS020;DS021,MIXED_ACCESS;RESTRICTED_COHORT;RESTRICTED_TRE,SPECIAL_CATEGORY_OR_HIGH_SENSITIVITY,NO_IF_VALID_SECONDARY_LEGAL_GATEWAY,Exact field/instrument verified; definition versioned; time coverage confirmed; missingness quantified; construct validity assessed,Do not code unavailable as absent; preserve UNKNOWN/NOT_MEASURED; predefine imputation/sensitivity in SAP,Use approved pseudonymous keys in TRE where applicable; never use direct identifiers in analysis layer,source_id; dataset/version; field name; collection date; transformation; codebook citation; hash/query,Not evidence of causation by itself,UNVERIFIED_FIELD_AVAILABILITY
ND-034,Neurodevelopmental,Social masking/camouflaging,Confounder/Moderator/Measurement,TEMPORAL_NUMERIC,structured/validated measure where available,Repeated,EHR / validated PRO / neurodevelopmental assessment,DS003;DS004;DS018,DS020;DS021,MIXED_ACCESS;RESTRICTED_COHORT;RESTRICTED_TRE,SPECIAL_CATEGORY_OR_HIGH_SENSITIVITY,NO_IF_VALID_SECONDARY_LEGAL_GATEWAY,Exact field/instrument verified; definition versioned; time coverage confirmed; missingness quantified; construct validity assessed,Do not code unavailable as absent; preserve UNKNOWN/NOT_MEASURED; predefine imputation/sensitivity in SAP,Use approved pseudonymous keys in TRE where applicable; never use direct identifiers in analysis layer,source_id; dataset/version; field name; collection date; transformation; codebook citation; hash/query,Not evidence of causation by itself,UNVERIFIED_FIELD_AVAILABILITY
ND-035,Neurodevelopmental,Masking-related exhaustion/distress,Confounder/Moderator/Measurement,TEMPORAL_NUMERIC,structured/validated measure where available,Repeated,EHR / validated PRO / neurodevelopmental assessment,DS003;DS004;DS018,DS020;DS021,MIXED_ACCESS;RESTRICTED_COHORT;RESTRICTED_TRE,SPECIAL_CATEGORY_OR_HIGH_SENSITIVITY,NO_IF_VALID_SECONDARY_LEGAL_GATEWAY,Exact field/instrument verified; definition versioned; time coverage confirmed; missingness quantified; construct validity assessed,Do not code unavailable as absent; preserve UNKNOWN/NOT_MEASURED; predefine imputation/sensitivity in SAP,Use approved pseudonymous keys in TRE where applicable; never use direct identifiers in analysis layer,source_id; dataset/version; field name; collection date; transformation; codebook citation; hash/query,Not evidence of causation by itself,UNVERIFIED_FIELD_AVAILABILITY
ND-036,Neurodevelopmental,Rejection sensitivity/social threat sensitivity,Confounder/Moderator/Measurement,TEMPORAL_NUMERIC,structured/validated measure where available,Repeated,EHR / validated PRO / neurodevelopmental assessment,DS003;DS004;DS018,DS020;DS021,MIXED_ACCESS;RESTRICTED_COHORT;RESTRICTED_TRE,SPECIAL_CATEGORY_OR_HIGH_SENSITIVITY,NO_IF_VALID_SECONDARY_LEGAL_GATEWAY,Exact field/instrument verified; definition versioned; time coverage confirmed; missingness quantified; construct validity assessed,Do not code unavailable as absent; preserve UNKNOWN/NOT_MEASURED; predefine imputation/sensitivity in SAP,Use approved pseudonymous keys in TRE where applicable; never use direct identifiers in analysis layer,source_id; dataset/version; field name; collection date; transformation; codebook citation; hash/query,Not evidence of causation by itself,UNVERIFIED_FIELD_AVAILABILITY
ND-037,Neurodevelopmental,Need for predictability/routine,Confounder/Moderator/Measurement,TEMPORAL_NUMERIC,structured/validated measure where available,Repeated,EHR / validated PRO / neurodevelopmental assessment,DS003;DS004;DS018,DS020;DS021,MIXED_ACCESS;RESTRICTED_COHORT;RESTRICTED_TRE,SPECIAL_CATEGORY_OR_HIGH_SENSITIVITY,NO_IF_VALID_SECONDARY_LEGAL_GATEWAY,Exact field/instrument verified; definition versioned; time coverage confirmed; missingness quantified; construct validity assessed,Do not code unavailable as absent; preserve UNKNOWN/NOT_MEASURED; predefine imputation/sensitivity in SAP,Use approved pseudonymous keys in TRE where applicable; never use direct identifiers in analysis layer,source_id; dataset/version; field name; collection date; transformation; codebook citation; hash/query,Not evidence of causation by itself,UNVERIFIED_FIELD_AVAILABILITY
ND-038,Neurodevelopmental,Developmental coordination disorder,Confounder/Moderator/Measurement,TEMPORAL_NUMERIC,structured/validated measure where available,Repeated,EHR / validated PRO / neurodevelopmental assessment,DS003;DS004;DS018,DS020;DS021,MIXED_ACCESS;RESTRICTED_COHORT;RESTRICTED_TRE,SPECIAL_CATEGORY_OR_HIGH_SENSITIVITY,NO_IF_VALID_SECONDARY_LEGAL_GATEWAY,Exact field/instrument verified; definition versioned; time coverage confirmed; missingness quantified; construct validity assessed,Do not code unavailable as absent; preserve UNKNOWN/NOT_MEASURED; predefine imputation/sensitivity in SAP,Use approved pseudonymous keys in TRE where applicable; never use direct identifiers in analysis layer,source_id; dataset/version; field name; collection date; transformation; codebook citation; hash/query,Not evidence of causation by itself,UNVERIFIED_FIELD_AVAILABILITY
ND-039,Neurodevelopmental,Dyslexia/specific learning disorder,Confounder/Moderator/Measurement,TEMPORAL_NUMERIC,structured/validated measure where available,Repeated,EHR / validated PRO / neurodevelopmental assessment,DS003;DS004;DS018,DS020;DS021,MIXED_ACCESS;RESTRICTED_COHORT;RESTRICTED_TRE,SPECIAL_CATEGORY_OR_HIGH_SENSITIVITY,NO_IF_VALID_SECONDARY_LEGAL_GATEWAY,Exact field/instrument verified; definition versioned; time coverage confirmed; missingness quantified; construct validity assessed,Do not code unavailable as absent; preserve UNKNOWN/NOT_MEASURED; predefine imputation/sensitivity in SAP,Use approved pseudonymous keys in TRE where applicable; never use direct identifiers in analysis layer,source_id; dataset/version; field name; collection date; transformation; codebook citation; hash/query,Not evidence of causation by itself,UNVERIFIED_FIELD_AVAILABILITY
ND-040,Neurodevelopmental,Intellectual disability/learning disability,Confounder/Moderator/Measurement,TEMPORAL_NUMERIC,structured/validated measure where available,Repeated,EHR / validated PRO / neurodevelopmental assessment,DS003;DS004;DS018,DS020;DS021,MIXED_ACCESS;RESTRICTED_COHORT;RESTRICTED_TRE,SPECIAL_CATEGORY_OR_HIGH_SENSITIVITY,NO_IF_VALID_SECONDARY_LEGAL_GATEWAY,Exact field/instrument verified; definition versioned; time coverage confirmed; missingness quantified; construct validity assessed,Do not code unavailable as absent; preserve UNKNOWN/NOT_MEASURED; predefine imputation/sensitivity in SAP,Use approved pseudonymous keys in TRE where applicable; never use direct identifiers in analysis layer,source_id; dataset/version; field name; collection date; transformation; codebook citation; hash/query,Not evidence of causation by itself,UNVERIFIED_FIELD_AVAILABILITY
ND-041,Neurodevelopmental,Late-recognised neurodivergence,Confounder/Moderator/Measurement,TEMPORAL_NUMERIC,structured/validated measure where available,Repeated,EHR / validated PRO / neurodevelopmental assessment,DS003;DS004;DS018,DS020;DS021,MIXED_ACCESS;RESTRICTED_COHORT;RESTRICTED_TRE,SPECIAL_CATEGORY_OR_HIGH_SENSITIVITY,NO_IF_VALID_SECONDARY_LEGAL_GATEWAY,Exact field/instrument verified; definition versioned; time coverage confirmed; missingness quantified; construct validity assessed,Do not code unavailable as absent; preserve UNKNOWN/NOT_MEASURED; predefine imputation/sensitivity in SAP,Use approved pseudonymous keys in TRE where applicable; never use direct identifiers in analysis layer,source_id; dataset/version; field name; collection date; transformation; codebook citation; hash/query,Not evidence of causation by itself,UNVERIFIED_FIELD_AVAILABILITY
ND-042,Neurodevelopmental,Sex-related diagnostic ascertainment delay in autism,Confounder/Moderator/Measurement,TEMPORAL_NUMERIC,structured/validated measure where available,Repeated,EHR / validated PRO / neurodevelopmental assessment,DS003;DS004;DS018,DS020;DS021,MIXED_ACCESS;RESTRICTED_COHORT;RESTRICTED_TRE,SPECIAL_CATEGORY_OR_HIGH_SENSITIVITY,NO_IF_VALID_SECONDARY_LEGAL_GATEWAY,Exact field/instrument verified; definition versioned; time coverage confirmed; missingness quantified; construct validity assessed,Do not code unavailable as absent; preserve UNKNOWN/NOT_MEASURED; predefine imputation/sensitivity in SAP,Use approved pseudonymous keys in TRE where applicable; never use direct identifiers in analysis layer,source_id; dataset/version; field name; collection date; transformation; codebook citation; hash/query,Not evidence of causation by itself,UNVERIFIED_FIELD_AVAILABILITY
ND-043,Neurodevelopmental,Neurodevelopmental diagnostic overshadowing,Confounder/Moderator/Measurement,TEMPORAL_NUMERIC,structured/validated measure where available,Repeated,EHR / validated PRO / neurodevelopmental assessment,DS003;DS004;DS018,DS020;DS021,MIXED_ACCESS;RESTRICTED_COHORT;RESTRICTED_TRE,SPECIAL_CATEGORY_OR_HIGH_SENSITIVITY,NO_IF_VALID_SECONDARY_LEGAL_GATEWAY,Exact field/instrument verified; definition versioned; time coverage confirmed; missingness quantified; construct validity assessed,Do not code unavailable as absent; preserve UNKNOWN/NOT_MEASURED; predefine imputation/sensitivity in SAP,Use approved pseudonymous keys in TRE where applicable; never use direct identifiers in analysis layer,source_id; dataset/version; field name; collection date; transformation; codebook citation; hash/query,Not evidence of causation by itself,UNVERIFIED_FIELD_AVAILABILITY
ND-044,Neurodevelopmental,Autism-informed clinical assessment provided,Confounder/Moderator/Measurement,TEMPORAL_NUMERIC,structured/validated measure where available,Repeated,EHR / validated PRO / neurodevelopmental assessment,DS003;DS004;DS018,DS020;DS021,MIXED_ACCESS;RESTRICTED_COHORT;RESTRICTED_TRE,SPECIAL_CATEGORY_OR_HIGH_SENSITIVITY,NO_IF_VALID_SECONDARY_LEGAL_GATEWAY,Exact field/instrument verified; definition versioned; time coverage confirmed; missingness quantified; construct validity assessed,Do not code unavailable as absent; preserve UNKNOWN/NOT_MEASURED; predefine imputation/sensitivity in SAP,Use approved pseudonymous keys in TRE where applicable; never use direct identifiers in analysis layer,source_id; dataset/version; field name; collection date; transformation; codebook citation; hash/query,Not evidence of causation by itself,UNVERIFIED_FIELD_AVAILABILITY
ND-045,Neurodevelopmental,ADHD-informed clinical assessment provided,Confounder/Moderator/Measurement,TEMPORAL_NUMERIC,structured/validated measure where available,Repeated,EHR / validated PRO / neurodevelopmental assessment,DS003;DS004;DS018,DS020;DS021,MIXED_ACCESS;RESTRICTED_COHORT;RESTRICTED_TRE,SPECIAL_CATEGORY_OR_HIGH_SENSITIVITY,NO_IF_VALID_SECONDARY_LEGAL_GATEWAY,Exact field/instrument verified; definition versioned; time coverage confirmed; missingness quantified; construct validity assessed,Do not code unavailable as absent; preserve UNKNOWN/NOT_MEASURED; predefine imputation/sensitivity in SAP,Use approved pseudonymous keys in TRE where applicable; never use direct identifiers in analysis layer,source_id; dataset/version; field name; collection date; transformation; codebook citation; hash/query,Not evidence of causation by itself,UNVERIFIED_FIELD_AVAILABILITY
ND-046,Neurodevelopmental,Communication accommodations offered,Confounder/Moderator/Measurement,TEMPORAL_NUMERIC,structured/validated measure where available,Repeated,EHR / validated PRO / neurodevelopmental assessment,DS003;DS004;DS018,DS020;DS021,MIXED_ACCESS;RESTRICTED_COHORT;RESTRICTED_TRE,SPECIAL_CATEGORY_OR_HIGH_SENSITIVITY,NO_IF_VALID_SECONDARY_LEGAL_GATEWAY,Exact field/instrument verified; definition versioned; time coverage confirmed; missingness quantified; construct validity assessed,Do not code unavailable as absent; preserve UNKNOWN/NOT_MEASURED; predefine imputation/sensitivity in SAP,Use approved pseudonymous keys in TRE where applicable; never use direct identifiers in analysis layer,source_id; dataset/version; field name; collection date; transformation; codebook citation; hash/query,Not evidence of causation by itself,UNVERIFIED_FIELD_AVAILABILITY
ND-047,Neurodevelopmental,Sensory accommodations offered,Confounder/Moderator/Measurement,TEMPORAL_NUMERIC,structured/validated measure where available,Repeated,EHR / validated PRO / neurodevelopmental assessment,DS003;DS004;DS018,DS020;DS021,MIXED_ACCESS;RESTRICTED_COHORT;RESTRICTED_TRE,SPECIAL_CATEGORY_OR_HIGH_SENSITIVITY,NO_IF_VALID_SECONDARY_LEGAL_GATEWAY,Exact field/instrument verified; definition versioned; time coverage confirmed; missingness quantified; construct validity assessed,Do not code unavailable as absent; preserve UNKNOWN/NOT_MEASURED; predefine imputation/sensitivity in SAP,Use approved pseudonymous keys in TRE where applicable; never use direct identifiers in analysis layer,source_id; dataset/version; field name; collection date; transformation; codebook citation; hash/query,Not evidence of causation by itself,UNVERIFIED_FIELD_AVAILABILITY
ND-048,Neurodevelopmental,Decision-support accommodations offered,Confounder/Moderator/Measurement,TEMPORAL_NUMERIC,structured/validated measure where available,Repeated,EHR / validated PRO / neurodevelopmental assessment,DS003;DS004;DS018,DS020;DS021,MIXED_ACCESS;RESTRICTED_COHORT;RESTRICTED_TRE,SPECIAL_CATEGORY_OR_HIGH_SENSITIVITY,NO_IF_VALID_SECONDARY_LEGAL_GATEWAY,Exact field/instrument verified; definition versioned; time coverage confirmed; missingness quantified; construct validity assessed,Do not code unavailable as absent; preserve UNKNOWN/NOT_MEASURED; predefine imputation/sensitivity in SAP,Use approved pseudonymous keys in TRE where applicable; never use direct identifiers in analysis layer,source_id; dataset/version; field name; collection date; transformation; codebook citation; hash/query,Not evidence of causation by itself,UNVERIFIED_FIELD_AVAILABILITY
ND-049,Neurodevelopmental,Neurodivergent peer-network exposure,Confounder/Moderator/Measurement,TEMPORAL_NUMERIC,structured/validated measure where available,Repeated,EHR / validated PRO / neurodevelopmental assessment,DS003;DS004;DS018,DS020;DS021,MIXED_ACCESS;RESTRICTED_COHORT;RESTRICTED_TRE,SPECIAL_CATEGORY_OR_HIGH_SENSITIVITY,NO_IF_VALID_SECONDARY_LEGAL_GATEWAY,Exact field/instrument verified; definition versioned; time coverage confirmed; missingness quantified; construct validity assessed,Do not code unavailable as absent; preserve UNKNOWN/NOT_MEASURED; predefine imputation/sensitivity in SAP,Use approved pseudonymous keys in TRE where applicable; never use direct identifiers in analysis layer,source_id; dataset/version; field name; collection date; transformation; codebook citation; hash/query,Not evidence of causation by itself,UNVERIFIED_FIELD_AVAILABILITY
ND-050,Neurodevelopmental,Autistic community/social-media participation,Confounder/Moderator/Measurement,TEMPORAL_NUMERIC,structured/validated measure where available,Repeated,EHR / validated PRO / neurodevelopmental assessment,DS003;DS004;DS018,DS020;DS021,MIXED_ACCESS;RESTRICTED_COHORT;RESTRICTED_TRE,SPECIAL_CATEGORY_OR_HIGH_SENSITIVITY,NO_IF_VALID_SECONDARY_LEGAL_GATEWAY,Exact field/instrument verified; definition versioned; time coverage confirmed; missingness quantified; construct validity assessed,Do not code unavailable as absent; preserve UNKNOWN/NOT_MEASURED; predefine imputation/sensitivity in SAP,Use approved pseudonymous keys in TRE where applicable; never use direct identifiers in analysis layer,source_id; dataset/version; field name; collection date; transformation; codebook citation; hash/query,Not evidence of causation by itself,UNVERIFIED_FIELD_AVAILABILITY
ND-051,Neurodevelopmental,Neurodivergent identity salience,Confounder/Moderator/Measurement,TEMPORAL_NUMERIC,structured/validated measure where available,Repeated,EHR / validated PRO / neurodevelopmental assessment,DS003;DS004;DS018,DS020;DS021,MIXED_ACCESS;RESTRICTED_COHORT;RESTRICTED_TRE,SPECIAL_CATEGORY_OR_HIGH_SENSITIVITY,NO_IF_VALID_SECONDARY_LEGAL_GATEWAY,Exact field/instrument verified; definition versioned; time coverage confirmed; missingness quantified; construct validity assessed,Do not code unavailable as absent; preserve UNKNOWN/NOT_MEASURED; predefine imputation/sensitivity in SAP,Use approved pseudonymous keys in TRE where applicable; never use direct identifiers in analysis layer,source_id; dataset/version; field name; collection date; transformation; codebook citation; hash/query,Not evidence of causation by itself,UNVERIFIED_FIELD_AVAILABILITY
ND-052,Neurodevelopmental,Neurodivergence-related bullying/rejection history,Confounder/Moderator/Measurement,TEMPORAL_NUMERIC,structured/validated measure where available,Repeated,EHR / validated PRO / neurodevelopmental assessment,DS003;DS004;DS018,DS020;DS021,MIXED_ACCESS;RESTRICTED_COHORT;RESTRICTED_TRE,SPECIAL_CATEGORY_OR_HIGH_SENSITIVITY,NO_IF_VALID_SECONDARY_LEGAL_GATEWAY,Exact field/instrument verified; definition versioned; time coverage confirmed; missingness quantified; construct validity assessed,Do not code unavailable as absent; preserve UNKNOWN/NOT_MEASURED; predefine imputation/sensitivity in SAP,Use approved pseudonymous keys in TRE where applicable; never use direct identifiers in analysis layer,source_id; dataset/version; field name; collection date; transformation; codebook citation; hash/query,Not evidence of causation by itself,UNVERIFIED_FIELD_AVAILABILITY
ACA-001,Academic influence / bibliometrics,Annual publication count by predefined proposition,Contextual exposure/Measurement,TEMPORAL_NUMERIC,structured/validated measure where available,Time series,OpenAlex / Crossref / Europe PMC / PubMed / guideline corpus,DS033;DS034;DS035;DS036;DS037;DS042,DS038;DS039;DS040;DS041;DS043;DS044;DS059,LICENSED;MIXED_ACCESS;OPEN;OPEN_API;PUBLIC_WEB,PUBLIC_OR_INSTITUTIONAL,NO_IF_VALID_SECONDARY_LEGAL_GATEWAY,Exact field/instrument verified; definition versioned; time coverage confirmed; missingness quantified; construct validity assessed,Do not code unavailable as absent; preserve UNKNOWN/NOT_MEASURED; predefine imputation/sensitivity in SAP,Use approved pseudonymous keys in TRE where applicable; never use direct identifiers in analysis layer,source_id; dataset/version; field name; collection date; transformation; codebook citation; hash/query,Measures academic diffusion/influence; not truth or causal validity,UNVERIFIED_FIELD_AVAILABILITY
ACA-002,Academic influence / bibliometrics,Annual citation count by predefined proposition,Contextual exposure/Measurement,TEMPORAL_NUMERIC,structured/validated measure where available,Time series,OpenAlex / Crossref / Europe PMC / PubMed / guideline corpus,DS033;DS034;DS035;DS036;DS037;DS042,DS038;DS039;DS040;DS041;DS043;DS044;DS059,LICENSED;MIXED_ACCESS;OPEN;OPEN_API;PUBLIC_WEB,PUBLIC_OR_INSTITUTIONAL,NO_IF_VALID_SECONDARY_LEGAL_GATEWAY,Exact field/instrument verified; definition versioned; time coverage confirmed; missingness quantified; construct validity assessed,Do not code unavailable as absent; preserve UNKNOWN/NOT_MEASURED; predefine imputation/sensitivity in SAP,Use approved pseudonymous keys in TRE where applicable; never use direct identifiers in analysis layer,source_id; dataset/version; field name; collection date; transformation; codebook citation; hash/query,Measures academic diffusion/influence; not truth or causal validity,UNVERIFIED_FIELD_AVAILABILITY
ACA-003,Academic influence / bibliometrics,Field-normalised citation impact,Contextual exposure/Measurement,TEMPORAL_NUMERIC,structured/validated measure where available,Time series,OpenAlex / Crossref / Europe PMC / PubMed / guideline corpus,DS033;DS034;DS035;DS036;DS037;DS042,DS038;DS039;DS040;DS041;DS043;DS044;DS059,LICENSED;MIXED_ACCESS;OPEN;OPEN_API;PUBLIC_WEB,PUBLIC_OR_INSTITUTIONAL,NO_IF_VALID_SECONDARY_LEGAL_GATEWAY,Exact field/instrument verified; definition versioned; time coverage confirmed; missingness quantified; construct validity assessed,Do not code unavailable as absent; preserve UNKNOWN/NOT_MEASURED; predefine imputation/sensitivity in SAP,Use approved pseudonymous keys in TRE where applicable; never use direct identifiers in analysis layer,source_id; dataset/version; field name; collection date; transformation; codebook citation; hash/query,Measures academic diffusion/influence; not truth or causal validity,UNVERIFIED_FIELD_AVAILABILITY
ACA-004,Academic influence / bibliometrics,Number of independent primary datasets,Contextual exposure/Measurement,TEMPORAL_NUMERIC,structured/validated measure where available,Time series,OpenAlex / Crossref / Europe PMC / PubMed / guideline corpus,DS033;DS034;DS035;DS036;DS037;DS042,DS038;DS039;DS040;DS041;DS043;DS044;DS059,LICENSED;MIXED_ACCESS;OPEN;OPEN_API;PUBLIC_WEB,PUBLIC_OR_INSTITUTIONAL,NO_IF_VALID_SECONDARY_LEGAL_GATEWAY,Exact field/instrument verified; definition versioned; time coverage confirmed; missingness quantified; construct validity assessed,Do not code unavailable as absent; preserve UNKNOWN/NOT_MEASURED; predefine imputation/sensitivity in SAP,Use approved pseudonymous keys in TRE where applicable; never use direct identifiers in analysis layer,source_id; dataset/version; field name; collection date; transformation; codebook citation; hash/query,Measures academic diffusion/influence; not truth or causal validity,UNVERIFIED_FIELD_AVAILABILITY
ACA-005,Academic influence / bibliometrics,Number of systematic reviews/meta-analyses,Contextual exposure/Measurement,TEMPORAL_NUMERIC,structured/validated measure where available,Time series,OpenAlex / Crossref / Europe PMC / PubMed / guideline corpus,DS033;DS034;DS035;DS036;DS037;DS042,DS038;DS039;DS040;DS041;DS043;DS044;DS059,LICENSED;MIXED_ACCESS;OPEN;OPEN_API;PUBLIC_WEB,PUBLIC_OR_INSTITUTIONAL,NO_IF_VALID_SECONDARY_LEGAL_GATEWAY,Exact field/instrument verified; definition versioned; time coverage confirmed; missingness quantified; construct validity assessed,Do not code unavailable as absent; preserve UNKNOWN/NOT_MEASURED; predefine imputation/sensitivity in SAP,Use approved pseudonymous keys in TRE where applicable; never use direct identifiers in analysis layer,source_id; dataset/version; field name; collection date; transformation; codebook citation; hash/query,Measures academic diffusion/influence; not truth or causal validity,UNVERIFIED_FIELD_AVAILABILITY
ACA-006,Academic influence / bibliometrics,Number of guidelines citing each paper,Contextual exposure/Measurement,TEMPORAL_NUMERIC,structured/validated measure where available,Time series,OpenAlex / Crossref / Europe PMC / PubMed / guideline corpus,DS033;DS034;DS035;DS036;DS037;DS042,DS038;DS039;DS040;DS041;DS043;DS044;DS059,LICENSED;MIXED_ACCESS;OPEN;OPEN_API;PUBLIC_WEB,PUBLIC_OR_INSTITUTIONAL,NO_IF_VALID_SECONDARY_LEGAL_GATEWAY,Exact field/instrument verified; definition versioned; time coverage confirmed; missingness quantified; construct validity assessed,Do not code unavailable as absent; preserve UNKNOWN/NOT_MEASURED; predefine imputation/sensitivity in SAP,Use approved pseudonymous keys in TRE where applicable; never use direct identifiers in analysis layer,source_id; dataset/version; field name; collection date; transformation; codebook citation; hash/query,Measures academic diffusion/influence; not truth or causal validity,UNVERIFIED_FIELD_AVAILABILITY
ACA-007,Academic influence / bibliometrics,Guideline citation centrality,Contextual exposure/Measurement,TEMPORAL_NUMERIC,structured/validated measure where available,Time series,OpenAlex / Crossref / Europe PMC / PubMed / guideline corpus,DS033;DS034;DS035;DS036;DS037;DS042,DS038;DS039;DS040;DS041;DS043;DS044;DS059,LICENSED;MIXED_ACCESS;OPEN;OPEN_API;PUBLIC_WEB,PUBLIC_OR_INSTITUTIONAL,NO_IF_VALID_SECONDARY_LEGAL_GATEWAY,Exact field/instrument verified; definition versioned; time coverage confirmed; missingness quantified; construct validity assessed,Do not code unavailable as absent; preserve UNKNOWN/NOT_MEASURED; predefine imputation/sensitivity in SAP,Use approved pseudonymous keys in TRE where applicable; never use direct identifiers in analysis layer,source_id; dataset/version; field name; collection date; transformation; codebook citation; hash/query,Measures academic diffusion/influence; not truth or causal validity,UNVERIFIED_FIELD_AVAILABILITY
ACA-008,Academic influence / bibliometrics,Policy document citation centrality,Contextual exposure/Measurement,TEMPORAL_NUMERIC,structured/validated measure where available,Time series,OpenAlex / Crossref / Europe PMC / PubMed / guideline corpus,DS033;DS034;DS035;DS036;DS037;DS042,DS038;DS039;DS040;DS041;DS043;DS044;DS059,LICENSED;MIXED_ACCESS;OPEN;OPEN_API;PUBLIC_WEB,PUBLIC_OR_INSTITUTIONAL,NO_IF_VALID_SECONDARY_LEGAL_GATEWAY,Exact field/instrument verified; definition versioned; time coverage confirmed; missingness quantified; construct validity assessed,Do not code unavailable as absent; preserve UNKNOWN/NOT_MEASURED; predefine imputation/sensitivity in SAP,Use approved pseudonymous keys in TRE where applicable; never use direct identifiers in analysis layer,source_id; dataset/version; field name; collection date; transformation; codebook citation; hash/query,Measures academic diffusion/influence; not truth or causal validity,UNVERIFIED_FIELD_AVAILABILITY
ACA-009,Academic influence / bibliometrics,Author co-authorship network centrality,Contextual exposure/Measurement,TEMPORAL_NUMERIC,structured/validated measure where available,Time series,OpenAlex / Crossref / Europe PMC / PubMed / guideline corpus,DS033;DS034;DS035;DS036;DS037;DS042,DS038;DS039;DS040;DS041;DS043;DS044;DS059,LICENSED;MIXED_ACCESS;OPEN;OPEN_API;PUBLIC_WEB,PUBLIC_OR_INSTITUTIONAL,NO_IF_VALID_SECONDARY_LEGAL_GATEWAY,Exact field/instrument verified; definition versioned; time coverage confirmed; missingness quantified; construct validity assessed,Do not code unavailable as absent; preserve UNKNOWN/NOT_MEASURED; predefine imputation/sensitivity in SAP,Use approved pseudonymous keys in TRE where applicable; never use direct identifiers in analysis layer,source_id; dataset/version; field name; collection date; transformation; codebook citation; hash/query,Measures academic diffusion/influence; not truth or causal validity,UNVERIFIED_FIELD_AVAILABILITY
ACA-010,Academic influence / bibliometrics,Institution collaboration network centrality,Contextual exposure/Measurement,TEMPORAL_NUMERIC,structured/validated measure where available,Time series,OpenAlex / Crossref / Europe PMC / PubMed / guideline corpus,DS033;DS034;DS035;DS036;DS037;DS042,DS038;DS039;DS040;DS041;DS043;DS044;DS059,LICENSED;MIXED_ACCESS;OPEN;OPEN_API;PUBLIC_WEB,PUBLIC_OR_INSTITUTIONAL,NO_IF_VALID_SECONDARY_LEGAL_GATEWAY,Exact field/instrument verified; definition versioned; time coverage confirmed; missingness quantified; construct validity assessed,Do not code unavailable as absent; preserve UNKNOWN/NOT_MEASURED; predefine imputation/sensitivity in SAP,Use approved pseudonymous keys in TRE where applicable; never use direct identifiers in analysis layer,source_id; dataset/version; field name; collection date; transformation; codebook citation; hash/query,Measures academic diffusion/influence; not truth or causal validity,UNVERIFIED_FIELD_AVAILABILITY
ACA-011,Academic influence / bibliometrics,Funder network centrality,Contextual exposure/Measurement,TEMPORAL_NUMERIC,structured/validated measure where available,Time series,OpenAlex / Crossref / Europe PMC / PubMed / guideline corpus,DS033;DS034;DS035;DS036;DS037;DS042,DS038;DS039;DS040;DS041;DS043;DS044;DS059,LICENSED;MIXED_ACCESS;OPEN;OPEN_API;PUBLIC_WEB,PUBLIC_OR_INSTITUTIONAL,NO_IF_VALID_SECONDARY_LEGAL_GATEWAY,Exact field/instrument verified; definition versioned; time coverage confirmed; missingness quantified; construct validity assessed,Do not code unavailable as absent; preserve UNKNOWN/NOT_MEASURED; predefine imputation/sensitivity in SAP,Use approved pseudonymous keys in TRE where applicable; never use direct identifiers in analysis layer,source_id; dataset/version; field name; collection date; transformation; codebook citation; hash/query,Measures academic diffusion/influence; not truth or causal validity,UNVERIFIED_FIELD_AVAILABILITY
ACA-012,Academic influence / bibliometrics,Proportion of corpus by study design,Contextual exposure/Measurement,TEMPORAL_NUMERIC,structured/validated measure where available,Time series,OpenAlex / Crossref / Europe PMC / PubMed / guideline corpus,DS033;DS034;DS035;DS036;DS037;DS042,DS038;DS039;DS040;DS041;DS043;DS044;DS059,LICENSED;MIXED_ACCESS;OPEN;OPEN_API;PUBLIC_WEB,PUBLIC_OR_INSTITUTIONAL,NO_IF_VALID_SECONDARY_LEGAL_GATEWAY,Exact field/instrument verified; definition versioned; time coverage confirmed; missingness quantified; construct validity assessed,Do not code unavailable as absent; preserve UNKNOWN/NOT_MEASURED; predefine imputation/sensitivity in SAP,Use approved pseudonymous keys in TRE where applicable; never use direct identifiers in analysis layer,source_id; dataset/version; field name; collection date; transformation; codebook citation; hash/query,Measures academic diffusion/influence; not truth or causal validity,UNVERIFIED_FIELD_AVAILABILITY
ACA-013,Academic influence / bibliometrics,Proportion of corpus with prospective design,Contextual exposure/Measurement,TEMPORAL_NUMERIC,structured/validated measure where available,Time series,OpenAlex / Crossref / Europe PMC / PubMed / guideline corpus,DS033;DS034;DS035;DS036;DS037;DS042,DS038;DS039;DS040;DS041;DS043;DS044;DS059,LICENSED;MIXED_ACCESS;OPEN;OPEN_API;PUBLIC_WEB,PUBLIC_OR_INSTITUTIONAL,NO_IF_VALID_SECONDARY_LEGAL_GATEWAY,Exact field/instrument verified; definition versioned; time coverage confirmed; missingness quantified; construct validity assessed,Do not code unavailable as absent; preserve UNKNOWN/NOT_MEASURED; predefine imputation/sensitivity in SAP,Use approved pseudonymous keys in TRE where applicable; never use direct identifiers in analysis layer,source_id; dataset/version; field name; collection date; transformation; codebook citation; hash/query,Measures academic diffusion/influence; not truth or causal validity,UNVERIFIED_FIELD_AVAILABILITY
ACA-014,Academic influence / bibliometrics,Proportion with comparator/control group,Contextual exposure/Measurement,TEMPORAL_NUMERIC,structured/validated measure where available,Time series,OpenAlex / Crossref / Europe PMC / PubMed / guideline corpus,DS033;DS034;DS035;DS036;DS037;DS042,DS038;DS039;DS040;DS041;DS043;DS044;DS059,LICENSED;MIXED_ACCESS;OPEN;OPEN_API;PUBLIC_WEB,PUBLIC_OR_INSTITUTIONAL,NO_IF_VALID_SECONDARY_LEGAL_GATEWAY,Exact field/instrument verified; definition versioned; time coverage confirmed; missingness quantified; construct validity assessed,Do not code unavailable as absent; preserve UNKNOWN/NOT_MEASURED; predefine imputation/sensitivity in SAP,Use approved pseudonymous keys in TRE where applicable; never use direct identifiers in analysis layer,source_id; dataset/version; field name; collection date; transformation; codebook citation; hash/query,Measures academic diffusion/influence; not truth or causal validity,UNVERIFIED_FIELD_AVAILABILITY
ACA-015,Academic influence / bibliometrics,Proportion with preregistration,Contextual exposure/Measurement,TEMPORAL_NUMERIC,structured/validated measure where available,Time series,OpenAlex / Crossref / Europe PMC / PubMed / guideline corpus,DS033;DS034;DS035;DS036;DS037;DS042,DS038;DS039;DS040;DS041;DS043;DS044;DS059,LICENSED;MIXED_ACCESS;OPEN;OPEN_API;PUBLIC_WEB,PUBLIC_OR_INSTITUTIONAL,NO_IF_VALID_SECONDARY_LEGAL_GATEWAY,Exact field/instrument verified; definition versioned; time coverage confirmed; missingness quantified; construct validity assessed,Do not code unavailable as absent; preserve UNKNOWN/NOT_MEASURED; predefine imputation/sensitivity in SAP,Use approved pseudonymous keys in TRE where applicable; never use direct identifiers in analysis layer,source_id; dataset/version; field name; collection date; transformation; codebook citation; hash/query,Measures academic diffusion/influence; not truth or causal validity,UNVERIFIED_FIELD_AVAILABILITY
ACA-016,Academic influence / bibliometrics,Proportion with open data/code,Contextual exposure/Measurement,TEMPORAL_NUMERIC,structured/validated measure where available,Time series,OpenAlex / Crossref / Europe PMC / PubMed / guideline corpus,DS033;DS034;DS035;DS036;DS037;DS042,DS038;DS039;DS040;DS041;DS043;DS044;DS059,LICENSED;MIXED_ACCESS;OPEN;OPEN_API;PUBLIC_WEB,PUBLIC_OR_INSTITUTIONAL,NO_IF_VALID_SECONDARY_LEGAL_GATEWAY,Exact field/instrument verified; definition versioned; time coverage confirmed; missingness quantified; construct validity assessed,Do not code unavailable as absent; preserve UNKNOWN/NOT_MEASURED; predefine imputation/sensitivity in SAP,Use approved pseudonymous keys in TRE where applicable; never use direct identifiers in analysis layer,source_id; dataset/version; field name; collection date; transformation; codebook citation; hash/query,Measures academic diffusion/influence; not truth or causal validity,UNVERIFIED_FIELD_AVAILABILITY
ACA-017,Academic influence / bibliometrics,Proportion with disclosed conflicts of interest,Contextual exposure/Measurement,TEMPORAL_NUMERIC,structured/validated measure where available,Time series,OpenAlex / Crossref / Europe PMC / PubMed / guideline corpus,DS033;DS034;DS035;DS036;DS037;DS042,DS038;DS039;DS040;DS041;DS043;DS044;DS059,LICENSED;MIXED_ACCESS;OPEN;OPEN_API;PUBLIC_WEB,PUBLIC_OR_INSTITUTIONAL,NO_IF_VALID_SECONDARY_LEGAL_GATEWAY,Exact field/instrument verified; definition versioned; time coverage confirmed; missingness quantified; construct validity assessed,Do not code unavailable as absent; preserve UNKNOWN/NOT_MEASURED; predefine imputation/sensitivity in SAP,Use approved pseudonymous keys in TRE where applicable; never use direct identifiers in analysis layer,source_id; dataset/version; field name; collection date; transformation; codebook citation; hash/query,Measures academic diffusion/influence; not truth or causal validity,UNVERIFIED_FIELD_AVAILABILITY
ACA-018,Academic influence / bibliometrics,Proportion with industry/advocacy/government funding,Contextual exposure/Measurement,TEMPORAL_NUMERIC,structured/validated measure where available,Time series,OpenAlex / Crossref / Europe PMC / PubMed / guideline corpus,DS033;DS034;DS035;DS036;DS037;DS042,DS038;DS039;DS040;DS041;DS043;DS044;DS059,LICENSED;MIXED_ACCESS;OPEN;OPEN_API;PUBLIC_WEB,PUBLIC_OR_INSTITUTIONAL,NO_IF_VALID_SECONDARY_LEGAL_GATEWAY,Exact field/instrument verified; definition versioned; time coverage confirmed; missingness quantified; construct validity assessed,Do not code unavailable as absent; preserve UNKNOWN/NOT_MEASURED; predefine imputation/sensitivity in SAP,Use approved pseudonymous keys in TRE where applicable; never use direct identifiers in analysis layer,source_id; dataset/version; field name; collection date; transformation; codebook citation; hash/query,Measures academic diffusion/influence; not truth or causal validity,UNVERIFIED_FIELD_AVAILABILITY
ACA-019,Academic influence / bibliometrics,Retraction/correction/expression-of-concern status,Contextual exposure/Measurement,TEMPORAL_NUMERIC,structured/validated measure where available,Time series,OpenAlex / Crossref / Europe PMC / PubMed / guideline corpus,DS033;DS034;DS035;DS036;DS037;DS042,DS038;DS039;DS040;DS041;DS043;DS044;DS059,LICENSED;MIXED_ACCESS;OPEN;OPEN_API;PUBLIC_WEB,PUBLIC_OR_INSTITUTIONAL,NO_IF_VALID_SECONDARY_LEGAL_GATEWAY,Exact field/instrument verified; definition versioned; time coverage confirmed; missingness quantified; construct validity assessed,Do not code unavailable as absent; preserve UNKNOWN/NOT_MEASURED; predefine imputation/sensitivity in SAP,Use approved pseudonymous keys in TRE where applicable; never use direct identifiers in analysis layer,source_id; dataset/version; field name; collection date; transformation; codebook citation; hash/query,Measures academic diffusion/influence; not truth or causal validity,UNVERIFIED_FIELD_AVAILABILITY
ACA-020,Academic influence / bibliometrics,Replication count,Contextual exposure/Measurement,TEMPORAL_NUMERIC,structured/validated measure where available,Time series,OpenAlex / Crossref / Europe PMC / PubMed / guideline corpus,DS033;DS034;DS035;DS036;DS037;DS042,DS038;DS039;DS040;DS041;DS043;DS044;DS059,LICENSED;MIXED_ACCESS;OPEN;OPEN_API;PUBLIC_WEB,PUBLIC_OR_INSTITUTIONAL,NO_IF_VALID_SECONDARY_LEGAL_GATEWAY,Exact field/instrument verified; definition versioned; time coverage confirmed; missingness quantified; construct validity assessed,Do not code unavailable as absent; preserve UNKNOWN/NOT_MEASURED; predefine imputation/sensitivity in SAP,Use approved pseudonymous keys in TRE where applicable; never use direct identifiers in analysis layer,source_id; dataset/version; field name; collection date; transformation; codebook citation; hash/query,Measures academic diffusion/influence; not truth or causal validity,UNVERIFIED_FIELD_AVAILABILITY
ACA-021,Academic influence / bibliometrics,Independent replication count,Contextual exposure/Measurement,TEMPORAL_NUMERIC,structured/validated measure where available,Time series,OpenAlex / Crossref / Europe PMC / PubMed / guideline corpus,DS033;DS034;DS035;DS036;DS037;DS042,DS038;DS039;DS040;DS041;DS043;DS044;DS059,LICENSED;MIXED_ACCESS;OPEN;OPEN_API;PUBLIC_WEB,PUBLIC_OR_INSTITUTIONAL,NO_IF_VALID_SECONDARY_LEGAL_GATEWAY,Exact field/instrument verified; definition versioned; time coverage confirmed; missingness quantified; construct validity assessed,Do not code unavailable as absent; preserve UNKNOWN/NOT_MEASURED; predefine imputation/sensitivity in SAP,Use approved pseudonymous keys in TRE where applicable; never use direct identifiers in analysis layer,source_id; dataset/version; field name; collection date; transformation; codebook citation; hash/query,Measures academic diffusion/influence; not truth or causal validity,UNVERIFIED_FIELD_AVAILABILITY
ACA-022,Academic influence / bibliometrics,Data-set reuse/dependence count,Contextual exposure/Measurement,TEMPORAL_NUMERIC,structured/validated measure where available,Time series,OpenAlex / Crossref / Europe PMC / PubMed / guideline corpus,DS033;DS034;DS035;DS036;DS037;DS042,DS038;DS039;DS040;DS041;DS043;DS044;DS059,LICENSED;MIXED_ACCESS;OPEN;OPEN_API;PUBLIC_WEB,PUBLIC_OR_INSTITUTIONAL,NO_IF_VALID_SECONDARY_LEGAL_GATEWAY,Exact field/instrument verified; definition versioned; time coverage confirmed; missingness quantified; construct validity assessed,Do not code unavailable as absent; preserve UNKNOWN/NOT_MEASURED; predefine imputation/sensitivity in SAP,Use approved pseudonymous keys in TRE where applicable; never use direct identifiers in analysis layer,source_id; dataset/version; field name; collection date; transformation; codebook citation; hash/query,Measures academic diffusion/influence; not truth or causal validity,UNVERIFIED_FIELD_AVAILABILITY
ACA-023,Academic influence / bibliometrics,Guideline ancestry/dependency graph,Contextual exposure/Measurement,TEMPORAL_NUMERIC,structured/validated measure where available,Time series,OpenAlex / Crossref / Europe PMC / PubMed / guideline corpus,DS033;DS034;DS035;DS036;DS037;DS042,DS038;DS039;DS040;DS041;DS043;DS044;DS059,LICENSED;MIXED_ACCESS;OPEN;OPEN_API;PUBLIC_WEB,PUBLIC_OR_INSTITUTIONAL,NO_IF_VALID_SECONDARY_LEGAL_GATEWAY,Exact field/instrument verified; definition versioned; time coverage confirmed; missingness quantified; construct validity assessed,Do not code unavailable as absent; preserve UNKNOWN/NOT_MEASURED; predefine imputation/sensitivity in SAP,Use approved pseudonymous keys in TRE where applicable; never use direct identifiers in analysis layer,source_id; dataset/version; field name; collection date; transformation; codebook citation; hash/query,Measures academic diffusion/influence; not truth or causal validity,UNVERIFIED_FIELD_AVAILABILITY
ACA-024,Academic influence / bibliometrics,Self-citation rate,Contextual exposure/Measurement,TEMPORAL_NUMERIC,structured/validated measure where available,Time series,OpenAlex / Crossref / Europe PMC / PubMed / guideline corpus,DS033;DS034;DS035;DS036;DS037;DS042,DS038;DS039;DS040;DS041;DS043;DS044;DS059,LICENSED;MIXED_ACCESS;OPEN;OPEN_API;PUBLIC_WEB,PUBLIC_OR_INSTITUTIONAL,NO_IF_VALID_SECONDARY_LEGAL_GATEWAY,Exact field/instrument verified; definition versioned; time coverage confirmed; missingness quantified; construct validity assessed,Do not code unavailable as absent; preserve UNKNOWN/NOT_MEASURED; predefine imputation/sensitivity in SAP,Use approved pseudonymous keys in TRE where applicable; never use direct identifiers in analysis layer,source_id; dataset/version; field name; collection date; transformation; codebook citation; hash/query,Measures academic diffusion/influence; not truth or causal validity,UNVERIFIED_FIELD_AVAILABILITY
ACA-025,Academic influence / bibliometrics,Citation-cluster modularity/echo-chamber index,Contextual exposure/Measurement,TEMPORAL_NUMERIC,structured/validated measure where available,Time series,OpenAlex / Crossref / Europe PMC / PubMed / guideline corpus,DS033;DS034;DS035;DS036;DS037;DS042,DS038;DS039;DS040;DS041;DS043;DS044;DS059,LICENSED;MIXED_ACCESS;OPEN;OPEN_API;PUBLIC_WEB,PUBLIC_OR_INSTITUTIONAL,NO_IF_VALID_SECONDARY_LEGAL_GATEWAY,Exact field/instrument verified; definition versioned; time coverage confirmed; missingness quantified; construct validity assessed,Do not code unavailable as absent; preserve UNKNOWN/NOT_MEASURED; predefine imputation/sensitivity in SAP,Use approved pseudonymous keys in TRE where applicable; never use direct identifiers in analysis layer,source_id; dataset/version; field name; collection date; transformation; codebook citation; hash/query,Measures academic diffusion/influence; not truth or causal validity,UNVERIFIED_FIELD_AVAILABILITY
ACA-026,Academic influence / bibliometrics,Stance toward proposition: supports/challenges/mixed/method-only,Contextual exposure/Measurement,TEMPORAL_NUMERIC,structured/validated measure where available,Time series,OpenAlex / Crossref / Europe PMC / PubMed / guideline corpus,DS033;DS034;DS035;DS036;DS037;DS042,DS038;DS039;DS040;DS041;DS043;DS044;DS059,LICENSED;MIXED_ACCESS;OPEN;OPEN_API;PUBLIC_WEB,PUBLIC_OR_INSTITUTIONAL,NO_IF_VALID_SECONDARY_LEGAL_GATEWAY,Exact field/instrument verified; definition versioned; time coverage confirmed; missingness quantified; construct validity assessed,Do not code unavailable as absent; preserve UNKNOWN/NOT_MEASURED; predefine imputation/sensitivity in SAP,Use approved pseudonymous keys in TRE where applicable; never use direct identifiers in analysis layer,source_id; dataset/version; field name; collection date; transformation; codebook citation; hash/query,Measures academic diffusion/influence; not truth or causal validity,UNVERIFIED_FIELD_AVAILABILITY
ACA-027,Academic influence / bibliometrics,Epistemic-certainty language score,Contextual exposure/Measurement,TEMPORAL_NUMERIC,structured/validated measure where available,Time series,OpenAlex / Crossref / Europe PMC / PubMed / guideline corpus,DS033;DS034;DS035;DS036;DS037;DS042,DS038;DS039;DS040;DS041;DS043;DS044;DS059,LICENSED;MIXED_ACCESS;OPEN;OPEN_API;PUBLIC_WEB,PUBLIC_OR_INSTITUTIONAL,NO_IF_VALID_SECONDARY_LEGAL_GATEWAY,Exact field/instrument verified; definition versioned; time coverage confirmed; missingness quantified; construct validity assessed,Do not code unavailable as absent; preserve UNKNOWN/NOT_MEASURED; predefine imputation/sensitivity in SAP,Use approved pseudonymous keys in TRE where applicable; never use direct identifiers in analysis layer,source_id; dataset/version; field name; collection date; transformation; codebook citation; hash/query,Measures academic diffusion/influence; not truth or causal validity,UNVERIFIED_FIELD_AVAILABILITY
ACA-028,Academic influence / bibliometrics,Causal-language overstatement score,Contextual exposure/Measurement,TEMPORAL_NUMERIC,structured/validated measure where available,Time series,OpenAlex / Crossref / Europe PMC / PubMed / guideline corpus,DS033;DS034;DS035;DS036;DS037;DS042,DS038;DS039;DS040;DS041;DS043;DS044;DS059,LICENSED;MIXED_ACCESS;OPEN;OPEN_API;PUBLIC_WEB,PUBLIC_OR_INSTITUTIONAL,NO_IF_VALID_SECONDARY_LEGAL_GATEWAY,Exact field/instrument verified; definition versioned; time coverage confirmed; missingness quantified; construct validity assessed,Do not code unavailable as absent; preserve UNKNOWN/NOT_MEASURED; predefine imputation/sensitivity in SAP,Use approved pseudonymous keys in TRE where applicable; never use direct identifiers in analysis layer,source_id; dataset/version; field name; collection date; transformation; codebook citation; hash/query,Measures academic diffusion/influence; not truth or causal validity,UNVERIFIED_FIELD_AVAILABILITY
ACA-029,Academic influence / bibliometrics,Abstract-to-full-text conclusion consistency,Contextual exposure/Measurement,TEMPORAL_NUMERIC,structured/validated measure where available,Time series,OpenAlex / Crossref / Europe PMC / PubMed / guideline corpus,DS033;DS034;DS035;DS036;DS037;DS042,DS038;DS039;DS040;DS041;DS043;DS044;DS059,LICENSED;MIXED_ACCESS;OPEN;OPEN_API;PUBLIC_WEB,PUBLIC_OR_INSTITUTIONAL,NO_IF_VALID_SECONDARY_LEGAL_GATEWAY,Exact field/instrument verified; definition versioned; time coverage confirmed; missingness quantified; construct validity assessed,Do not code unavailable as absent; preserve UNKNOWN/NOT_MEASURED; predefine imputation/sensitivity in SAP,Use approved pseudonymous keys in TRE where applicable; never use direct identifiers in analysis layer,source_id; dataset/version; field name; collection date; transformation; codebook citation; hash/query,Measures academic diffusion/influence; not truth or causal validity,UNVERIFIED_FIELD_AVAILABILITY
ACA-030,Academic influence / bibliometrics,Media/policy amplification lag after publication,Contextual exposure/Measurement,TEMPORAL_NUMERIC,structured/validated measure where available,Time series,OpenAlex / Crossref / Europe PMC / PubMed / guideline corpus,DS033;DS034;DS035;DS036;DS037;DS042,DS038;DS039;DS040;DS041;DS043;DS044;DS059,LICENSED;MIXED_ACCESS;OPEN;OPEN_API;PUBLIC_WEB,PUBLIC_OR_INSTITUTIONAL,NO_IF_VALID_SECONDARY_LEGAL_GATEWAY,Exact field/instrument verified; definition versioned; time coverage confirmed; missingness quantified; construct validity assessed,Do not code unavailable as absent; preserve UNKNOWN/NOT_MEASURED; predefine imputation/sensitivity in SAP,Use approved pseudonymous keys in TRE where applicable; never use direct identifiers in analysis layer,source_id; dataset/version; field name; collection date; transformation; codebook citation; hash/query,Measures academic diffusion/influence; not truth or causal validity,UNVERIFIED_FIELD_AVAILABILITY
ACA-031,Academic influence / bibliometrics,Time from publication to guideline incorporation,Contextual exposure/Measurement,TEMPORAL_NUMERIC,structured/validated measure where available,Time series,OpenAlex / Crossref / Europe PMC / PubMed / guideline corpus,DS033;DS034;DS035;DS036;DS037;DS042,DS038;DS039;DS040;DS041;DS043;DS044;DS059,LICENSED;MIXED_ACCESS;OPEN;OPEN_API;PUBLIC_WEB,PUBLIC_OR_INSTITUTIONAL,NO_IF_VALID_SECONDARY_LEGAL_GATEWAY,Exact field/instrument verified; definition versioned; time coverage confirmed; missingness quantified; construct validity assessed,Do not code unavailable as absent; preserve UNKNOWN/NOT_MEASURED; predefine imputation/sensitivity in SAP,Use approved pseudonymous keys in TRE where applicable; never use direct identifiers in analysis layer,source_id; dataset/version; field name; collection date; transformation; codebook citation; hash/query,Measures academic diffusion/influence; not truth or causal validity,UNVERIFIED_FIELD_AVAILABILITY
ACA-032,Academic influence / bibliometrics,Contrary-evidence citation rate,Contextual exposure/Measurement,TEMPORAL_NUMERIC,structured/validated measure where available,Time series,OpenAlex / Crossref / Europe PMC / PubMed / guideline corpus,DS033;DS034;DS035;DS036;DS037;DS042,DS038;DS039;DS040;DS041;DS043;DS044;DS059,LICENSED;MIXED_ACCESS;OPEN;OPEN_API;PUBLIC_WEB,PUBLIC_OR_INSTITUTIONAL,NO_IF_VALID_SECONDARY_LEGAL_GATEWAY,Exact field/instrument verified; definition versioned; time coverage confirmed; missingness quantified; construct validity assessed,Do not code unavailable as absent; preserve UNKNOWN/NOT_MEASURED; predefine imputation/sensitivity in SAP,Use approved pseudonymous keys in TRE where applicable; never use direct identifiers in analysis layer,source_id; dataset/version; field name; collection date; transformation; codebook citation; hash/query,Measures academic diffusion/influence; not truth or causal validity,UNVERIFIED_FIELD_AVAILABILITY
ACA-033,Academic influence / bibliometrics,Citation asymmetry toward supportive vs challenging evidence,Contextual exposure/Measurement,TEMPORAL_NUMERIC,structured/validated measure where available,Time series,OpenAlex / Crossref / Europe PMC / PubMed / guideline corpus,DS033;DS034;DS035;DS036;DS037;DS042,DS038;DS039;DS040;DS041;DS043;DS044;DS059,LICENSED;MIXED_ACCESS;OPEN;OPEN_API;PUBLIC_WEB,PUBLIC_OR_INSTITUTIONAL,NO_IF_VALID_SECONDARY_LEGAL_GATEWAY,Exact field/instrument verified; definition versioned; time coverage confirmed; missingness quantified; construct validity assessed,Do not code unavailable as absent; preserve UNKNOWN/NOT_MEASURED; predefine imputation/sensitivity in SAP,Use approved pseudonymous keys in TRE where applicable; never use direct identifiers in analysis layer,source_id; dataset/version; field name; collection date; transformation; codebook citation; hash/query,Measures academic diffusion/influence; not truth or causal validity,UNVERIFIED_FIELD_AVAILABILITY
ACA-034,Academic influence / bibliometrics,Research-topic prevalence over time,Contextual exposure/Measurement,TEMPORAL_NUMERIC,structured/validated measure where available,Time series,OpenAlex / Crossref / Europe PMC / PubMed / guideline corpus,DS033;DS034;DS035;DS036;DS037;DS042,DS038;DS039;DS040;DS041;DS043;DS044;DS059,LICENSED;MIXED_ACCESS;OPEN;OPEN_API;PUBLIC_WEB,PUBLIC_OR_INSTITUTIONAL,NO_IF_VALID_SECONDARY_LEGAL_GATEWAY,Exact field/instrument verified; definition versioned; time coverage confirmed; missingness quantified; construct validity assessed,Do not code unavailable as absent; preserve UNKNOWN/NOT_MEASURED; predefine imputation/sensitivity in SAP,Use approved pseudonymous keys in TRE where applicable; never use direct identifiers in analysis layer,source_id; dataset/version; field name; collection date; transformation; codebook citation; hash/query,Measures academic diffusion/influence; not truth or causal validity,UNVERIFIED_FIELD_AVAILABILITY
ACA-035,Academic influence / bibliometrics,Discipline composition over time,Contextual exposure/Measurement,TEMPORAL_NUMERIC,structured/validated measure where available,Time series,OpenAlex / Crossref / Europe PMC / PubMed / guideline corpus,DS033;DS034;DS035;DS036;DS037;DS042,DS038;DS039;DS040;DS041;DS043;DS044;DS059,LICENSED;MIXED_ACCESS;OPEN;OPEN_API;PUBLIC_WEB,PUBLIC_OR_INSTITUTIONAL,NO_IF_VALID_SECONDARY_LEGAL_GATEWAY,Exact field/instrument verified; definition versioned; time coverage confirmed; missingness quantified; construct validity assessed,Do not code unavailable as absent; preserve UNKNOWN/NOT_MEASURED; predefine imputation/sensitivity in SAP,Use approved pseudonymous keys in TRE where applicable; never use direct identifiers in analysis layer,source_id; dataset/version; field name; collection date; transformation; codebook citation; hash/query,Measures academic diffusion/influence; not truth or causal validity,UNVERIFIED_FIELD_AVAILABILITY
ACA-036,Academic influence / bibliometrics,Geographical origin of evidence,Contextual exposure/Measurement,TEMPORAL_NUMERIC,structured/validated measure where available,Time series,OpenAlex / Crossref / Europe PMC / PubMed / guideline corpus,DS033;DS034;DS035;DS036;DS037;DS042,DS038;DS039;DS040;DS041;DS043;DS044;DS059,LICENSED;MIXED_ACCESS;OPEN;OPEN_API;PUBLIC_WEB,PUBLIC_OR_INSTITUTIONAL,NO_IF_VALID_SECONDARY_LEGAL_GATEWAY,Exact field/instrument verified; definition versioned; time coverage confirmed; missingness quantified; construct validity assessed,Do not code unavailable as absent; preserve UNKNOWN/NOT_MEASURED; predefine imputation/sensitivity in SAP,Use approved pseudonymous keys in TRE where applicable; never use direct identifiers in analysis layer,source_id; dataset/version; field name; collection date; transformation; codebook citation; hash/query,Measures academic diffusion/influence; not truth or causal validity,UNVERIFIED_FIELD_AVAILABILITY
ACA-037,Academic influence / bibliometrics,Population representativeness of evidence base,Contextual exposure/Measurement,TEMPORAL_NUMERIC,structured/validated measure where available,Time series,OpenAlex / Crossref / Europe PMC / PubMed / guideline corpus,DS033;DS034;DS035;DS036;DS037;DS042,DS038;DS039;DS040;DS041;DS043;DS044;DS059,LICENSED;MIXED_ACCESS;OPEN;OPEN_API;PUBLIC_WEB,PUBLIC_OR_INSTITUTIONAL,NO_IF_VALID_SECONDARY_LEGAL_GATEWAY,Exact field/instrument verified; definition versioned; time coverage confirmed; missingness quantified; construct validity assessed,Do not code unavailable as absent; preserve UNKNOWN/NOT_MEASURED; predefine imputation/sensitivity in SAP,Use approved pseudonymous keys in TRE where applicable; never use direct identifiers in analysis layer,source_id; dataset/version; field name; collection date; transformation; codebook citation; hash/query,Measures academic diffusion/influence; not truth or causal validity,UNVERIFIED_FIELD_AVAILABILITY
ACA-038,Academic influence / bibliometrics,Autism/neurodiversity-specific publication share,Contextual exposure/Measurement,TEMPORAL_NUMERIC,structured/validated measure where available,Time series,OpenAlex / Crossref / Europe PMC / PubMed / guideline corpus,DS033;DS034;DS035;DS036;DS037;DS042,DS038;DS039;DS040;DS041;DS043;DS044;DS059,LICENSED;MIXED_ACCESS;OPEN;OPEN_API;PUBLIC_WEB,PUBLIC_OR_INSTITUTIONAL,NO_IF_VALID_SECONDARY_LEGAL_GATEWAY,Exact field/instrument verified; definition versioned; time coverage confirmed; missingness quantified; construct validity assessed,Do not code unavailable as absent; preserve UNKNOWN/NOT_MEASURED; predefine imputation/sensitivity in SAP,Use approved pseudonymous keys in TRE where applicable; never use direct identifiers in analysis layer,source_id; dataset/version; field name; collection date; transformation; codebook citation; hash/query,Measures academic diffusion/influence; not truth or causal validity,UNVERIFIED_FIELD_AVAILABILITY
ACA-039,Academic influence / bibliometrics,Gender-dysphoria measure-validation publication share,Contextual exposure/Measurement,TEMPORAL_NUMERIC,structured/validated measure where available,Time series,OpenAlex / Crossref / Europe PMC / PubMed / guideline corpus,DS033;DS034;DS035;DS036;DS037;DS042,DS038;DS039;DS040;DS041;DS043;DS044;DS059,LICENSED;MIXED_ACCESS;OPEN;OPEN_API;PUBLIC_WEB,PUBLIC_OR_INSTITUTIONAL,NO_IF_VALID_SECONDARY_LEGAL_GATEWAY,Exact field/instrument verified; definition versioned; time coverage confirmed; missingness quantified; construct validity assessed,Do not code unavailable as absent; preserve UNKNOWN/NOT_MEASURED; predefine imputation/sensitivity in SAP,Use approved pseudonymous keys in TRE where applicable; never use direct identifiers in analysis layer,source_id; dataset/version; field name; collection date; transformation; codebook citation; hash/query,Measures academic diffusion/influence; not truth or causal validity,UNVERIFIED_FIELD_AVAILABILITY
LING-001,Clinical conversation / linguistic dynamics,Recording/transcript consent state,Exposure/Mediator/Measurement,TEMPORAL_NUMERIC,structured/validated measure where available,Encounter/repeated,Consented audio/video transcript + NLP + human coding,DS064;DS065,DS046;DS058,MIXED_ACCESS;OPEN_CORPUS;PRIMARY_RESEARCH,LOWER_SENSITIVITY_OR_AGGREGATE,NO_IF_VALID_SECONDARY_LEGAL_GATEWAY,Exact field/instrument verified; definition versioned; time coverage confirmed; missingness quantified; construct validity assessed,Do not code unavailable as absent; preserve UNKNOWN/NOT_MEASURED; predefine imputation/sensitivity in SAP,Use approved pseudonymous keys in TRE where applicable; never use direct identifiers in analysis layer,source_id; dataset/version; field name; collection date; transformation; codebook citation; hash/query,Linguistic correlation does not prove persuasion or causation,UNVERIFIED_FIELD_AVAILABILITY
LING-002,Clinical conversation / linguistic dynamics,Speaker identity/role diarisation,Exposure/Mediator/Measurement,TEMPORAL_NUMERIC,structured/validated measure where available,Encounter/repeated,Consented audio/video transcript + NLP + human coding,DS064;DS065,DS046;DS058,MIXED_ACCESS;OPEN_CORPUS;PRIMARY_RESEARCH,LOWER_SENSITIVITY_OR_AGGREGATE,NO_IF_VALID_SECONDARY_LEGAL_GATEWAY,Exact field/instrument verified; definition versioned; time coverage confirmed; missingness quantified; construct validity assessed,Do not code unavailable as absent; preserve UNKNOWN/NOT_MEASURED; predefine imputation/sensitivity in SAP,Use approved pseudonymous keys in TRE where applicable; never use direct identifiers in analysis layer,source_id; dataset/version; field name; collection date; transformation; codebook citation; hash/query,Linguistic correlation does not prove persuasion or causation,UNVERIFIED_FIELD_AVAILABILITY
LING-003,Clinical conversation / linguistic dynamics,Speaking-time ratio clinician/patient/parent,Exposure/Mediator/Measurement,TEMPORAL_NUMERIC,structured/validated measure where available,Encounter/repeated,Consented audio/video transcript + NLP + human coding,DS064;DS065,DS046;DS058,MIXED_ACCESS;OPEN_CORPUS;PRIMARY_RESEARCH,LOWER_SENSITIVITY_OR_AGGREGATE,NO_IF_VALID_SECONDARY_LEGAL_GATEWAY,Exact field/instrument verified; definition versioned; time coverage confirmed; missingness quantified; construct validity assessed,Do not code unavailable as absent; preserve UNKNOWN/NOT_MEASURED; predefine imputation/sensitivity in SAP,Use approved pseudonymous keys in TRE where applicable; never use direct identifiers in analysis layer,source_id; dataset/version; field name; collection date; transformation; codebook citation; hash/query,Linguistic correlation does not prove persuasion or causation,UNVERIFIED_FIELD_AVAILABILITY
LING-004,Clinical conversation / linguistic dynamics,Turn-taking balance,Exposure/Mediator/Measurement,TEMPORAL_NUMERIC,structured/validated measure where available,Encounter/repeated,Consented audio/video transcript + NLP + human coding,DS064;DS065,DS046;DS058,MIXED_ACCESS;OPEN_CORPUS;PRIMARY_RESEARCH,LOWER_SENSITIVITY_OR_AGGREGATE,NO_IF_VALID_SECONDARY_LEGAL_GATEWAY,Exact field/instrument verified; definition versioned; time coverage confirmed; missingness quantified; construct validity assessed,Do not code unavailable as absent; preserve UNKNOWN/NOT_MEASURED; predefine imputation/sensitivity in SAP,Use approved pseudonymous keys in TRE where applicable; never use direct identifiers in analysis layer,source_id; dataset/version; field name; collection date; transformation; codebook citation; hash/query,Linguistic correlation does not prove persuasion or causation,UNVERIFIED_FIELD_AVAILABILITY
LING-005,Clinical conversation / linguistic dynamics,Interruption frequency by speaker,Exposure/Mediator/Measurement,TEMPORAL_NUMERIC,structured/validated measure where available,Encounter/repeated,Consented audio/video transcript + NLP + human coding,DS064;DS065,DS046;DS058,MIXED_ACCESS;OPEN_CORPUS;PRIMARY_RESEARCH,LOWER_SENSITIVITY_OR_AGGREGATE,NO_IF_VALID_SECONDARY_LEGAL_GATEWAY,Exact field/instrument verified; definition versioned; time coverage confirmed; missingness quantified; construct validity assessed,Do not code unavailable as absent; preserve UNKNOWN/NOT_MEASURED; predefine imputation/sensitivity in SAP,Use approved pseudonymous keys in TRE where applicable; never use direct identifiers in analysis layer,source_id; dataset/version; field name; collection date; transformation; codebook citation; hash/query,Linguistic correlation does not prove persuasion or causation,UNVERIFIED_FIELD_AVAILABILITY
LING-006,Clinical conversation / linguistic dynamics,Question count by speaker,Exposure/Mediator/Measurement,TEMPORAL_NUMERIC,structured/validated measure where available,Encounter/repeated,Consented audio/video transcript + NLP + human coding,DS064;DS065,DS046;DS058,MIXED_ACCESS;OPEN_CORPUS;PRIMARY_RESEARCH,LOWER_SENSITIVITY_OR_AGGREGATE,NO_IF_VALID_SECONDARY_LEGAL_GATEWAY,Exact field/instrument verified; definition versioned; time coverage confirmed; missingness quantified; construct validity assessed,Do not code unavailable as absent; preserve UNKNOWN/NOT_MEASURED; predefine imputation/sensitivity in SAP,Use approved pseudonymous keys in TRE where applicable; never use direct identifiers in analysis layer,source_id; dataset/version; field name; collection date; transformation; codebook citation; hash/query,Linguistic correlation does not prove persuasion or causation,UNVERIFIED_FIELD_AVAILABILITY
LING-007,Clinical conversation / linguistic dynamics,Open-question proportion,Exposure/Mediator/Measurement,TEMPORAL_NUMERIC,structured/validated measure where available,Encounter/repeated,Consented audio/video transcript + NLP + human coding,DS064;DS065,DS046;DS058,MIXED_ACCESS;OPEN_CORPUS;PRIMARY_RESEARCH,LOWER_SENSITIVITY_OR_AGGREGATE,NO_IF_VALID_SECONDARY_LEGAL_GATEWAY,Exact field/instrument verified; definition versioned; time coverage confirmed; missingness quantified; construct validity assessed,Do not code unavailable as absent; preserve UNKNOWN/NOT_MEASURED; predefine imputation/sensitivity in SAP,Use approved pseudonymous keys in TRE where applicable; never use direct identifiers in analysis layer,source_id; dataset/version; field name; collection date; transformation; codebook citation; hash/query,Linguistic correlation does not prove persuasion or causation,UNVERIFIED_FIELD_AVAILABILITY
LING-008,Clinical conversation / linguistic dynamics,Closed-question proportion,Exposure/Mediator/Measurement,TEMPORAL_NUMERIC,structured/validated measure where available,Encounter/repeated,Consented audio/video transcript + NLP + human coding,DS064;DS065,DS046;DS058,MIXED_ACCESS;OPEN_CORPUS;PRIMARY_RESEARCH,LOWER_SENSITIVITY_OR_AGGREGATE,NO_IF_VALID_SECONDARY_LEGAL_GATEWAY,Exact field/instrument verified; definition versioned; time coverage confirmed; missingness quantified; construct validity assessed,Do not code unavailable as absent; preserve UNKNOWN/NOT_MEASURED; predefine imputation/sensitivity in SAP,Use approved pseudonymous keys in TRE where applicable; never use direct identifiers in analysis layer,source_id; dataset/version; field name; collection date; transformation; codebook citation; hash/query,Linguistic correlation does not prove persuasion or causation,UNVERIFIED_FIELD_AVAILABILITY
LING-009,Clinical conversation / linguistic dynamics,Leading-question frequency,Exposure/Mediator/Measurement,TEMPORAL_NUMERIC,structured/validated measure where available,Encounter/repeated,Consented audio/video transcript + NLP + human coding,DS064;DS065,DS046;DS058,MIXED_ACCESS;OPEN_CORPUS;PRIMARY_RESEARCH,LOWER_SENSITIVITY_OR_AGGREGATE,NO_IF_VALID_SECONDARY_LEGAL_GATEWAY,Exact field/instrument verified; definition versioned; time coverage confirmed; missingness quantified; construct validity assessed,Do not code unavailable as absent; preserve UNKNOWN/NOT_MEASURED; predefine imputation/sensitivity in SAP,Use approved pseudonymous keys in TRE where applicable; never use direct identifiers in analysis layer,source_id; dataset/version; field name; collection date; transformation; codebook citation; hash/query,Linguistic correlation does not prove persuasion or causation,UNVERIFIED_FIELD_AVAILABILITY
LING-010,Clinical conversation / linguistic dynamics,Presupposition frequency,Exposure/Mediator/Measurement,TEMPORAL_NUMERIC,structured/validated measure where available,Encounter/repeated,Consented audio/video transcript + NLP + human coding,DS064;DS065,DS046;DS058,MIXED_ACCESS;OPEN_CORPUS;PRIMARY_RESEARCH,LOWER_SENSITIVITY_OR_AGGREGATE,NO_IF_VALID_SECONDARY_LEGAL_GATEWAY,Exact field/instrument verified; definition versioned; time coverage confirmed; missingness quantified; construct validity assessed,Do not code unavailable as absent; preserve UNKNOWN/NOT_MEASURED; predefine imputation/sensitivity in SAP,Use approved pseudonymous keys in TRE where applicable; never use direct identifiers in analysis layer,source_id; dataset/version; field name; collection date; transformation; codebook citation; hash/query,Linguistic correlation does not prove persuasion or causation,UNVERIFIED_FIELD_AVAILABILITY
LING-011,Clinical conversation / linguistic dynamics,Option-framing balance,Exposure/Mediator/Measurement,TEMPORAL_NUMERIC,structured/validated measure where available,Encounter/repeated,Consented audio/video transcript + NLP + human coding,DS064;DS065,DS046;DS058,MIXED_ACCESS;OPEN_CORPUS;PRIMARY_RESEARCH,LOWER_SENSITIVITY_OR_AGGREGATE,NO_IF_VALID_SECONDARY_LEGAL_GATEWAY,Exact field/instrument verified; definition versioned; time coverage confirmed; missingness quantified; construct validity assessed,Do not code unavailable as absent; preserve UNKNOWN/NOT_MEASURED; predefine imputation/sensitivity in SAP,Use approved pseudonymous keys in TRE where applicable; never use direct identifiers in analysis layer,source_id; dataset/version; field name; collection date; transformation; codebook citation; hash/query,Linguistic correlation does not prove persuasion or causation,UNVERIFIED_FIELD_AVAILABILITY
LING-012,Clinical conversation / linguistic dynamics,Gain-versus-loss framing,Exposure/Mediator/Measurement,TEMPORAL_NUMERIC,structured/validated measure where available,Encounter/repeated,Consented audio/video transcript + NLP + human coding,DS064;DS065,DS046;DS058,MIXED_ACCESS;OPEN_CORPUS;PRIMARY_RESEARCH,LOWER_SENSITIVITY_OR_AGGREGATE,NO_IF_VALID_SECONDARY_LEGAL_GATEWAY,Exact field/instrument verified; definition versioned; time coverage confirmed; missingness quantified; construct validity assessed,Do not code unavailable as absent; preserve UNKNOWN/NOT_MEASURED; predefine imputation/sensitivity in SAP,Use approved pseudonymous keys in TRE where applicable; never use direct identifiers in analysis layer,source_id; dataset/version; field name; collection date; transformation; codebook citation; hash/query,Linguistic correlation does not prove persuasion or causation,UNVERIFIED_FIELD_AVAILABILITY
LING-013,Clinical conversation / linguistic dynamics,Risk-frequency versus percentage framing,Exposure/Mediator/Measurement,TEMPORAL_NUMERIC,structured/validated measure where available,Encounter/repeated,Consented audio/video transcript + NLP + human coding,DS064;DS065,DS046;DS058,MIXED_ACCESS;OPEN_CORPUS;PRIMARY_RESEARCH,LOWER_SENSITIVITY_OR_AGGREGATE,NO_IF_VALID_SECONDARY_LEGAL_GATEWAY,Exact field/instrument verified; definition versioned; time coverage confirmed; missingness quantified; construct validity assessed,Do not code unavailable as absent; preserve UNKNOWN/NOT_MEASURED; predefine imputation/sensitivity in SAP,Use approved pseudonymous keys in TRE where applicable; never use direct identifiers in analysis layer,source_id; dataset/version; field name; collection date; transformation; codebook citation; hash/query,Linguistic correlation does not prove persuasion or causation,UNVERIFIED_FIELD_AVAILABILITY
LING-014,Clinical conversation / linguistic dynamics,Order in which treatment options are presented,Exposure/Mediator/Measurement,TEMPORAL_NUMERIC,structured/validated measure where available,Encounter/repeated,Consented audio/video transcript + NLP + human coding,DS064;DS065,DS046;DS058,MIXED_ACCESS;OPEN_CORPUS;PRIMARY_RESEARCH,LOWER_SENSITIVITY_OR_AGGREGATE,NO_IF_VALID_SECONDARY_LEGAL_GATEWAY,Exact field/instrument verified; definition versioned; time coverage confirmed; missingness quantified; construct validity assessed,Do not code unavailable as absent; preserve UNKNOWN/NOT_MEASURED; predefine imputation/sensitivity in SAP,Use approved pseudonymous keys in TRE where applicable; never use direct identifiers in analysis layer,source_id; dataset/version; field name; collection date; transformation; codebook citation; hash/query,Linguistic correlation does not prove persuasion or causation,UNVERIFIED_FIELD_AVAILABILITY
LING-015,Clinical conversation / linguistic dynamics,Number of options presented,Exposure/Mediator/Measurement,TEMPORAL_NUMERIC,structured/validated measure where available,Encounter/repeated,Consented audio/video transcript + NLP + human coding,DS064;DS065,DS046;DS058,MIXED_ACCESS;OPEN_CORPUS;PRIMARY_RESEARCH,LOWER_SENSITIVITY_OR_AGGREGATE,NO_IF_VALID_SECONDARY_LEGAL_GATEWAY,Exact field/instrument verified; definition versioned; time coverage confirmed; missingness quantified; construct validity assessed,Do not code unavailable as absent; preserve UNKNOWN/NOT_MEASURED; predefine imputation/sensitivity in SAP,Use approved pseudonymous keys in TRE where applicable; never use direct identifiers in analysis layer,source_id; dataset/version; field name; collection date; transformation; codebook citation; hash/query,Linguistic correlation does not prove persuasion or causation,UNVERIFIED_FIELD_AVAILABILITY
LING-016,Clinical conversation / linguistic dynamics,Material options omitted from discussion,Exposure/Mediator/Measurement,TEMPORAL_NUMERIC,structured/validated measure where available,Encounter/repeated,Consented audio/video transcript + NLP + human coding,DS064;DS065,DS046;DS058,MIXED_ACCESS;OPEN_CORPUS;PRIMARY_RESEARCH,LOWER_SENSITIVITY_OR_AGGREGATE,NO_IF_VALID_SECONDARY_LEGAL_GATEWAY,Exact field/instrument verified; definition versioned; time coverage confirmed; missingness quantified; construct validity assessed,Do not code unavailable as absent; preserve UNKNOWN/NOT_MEASURED; predefine imputation/sensitivity in SAP,Use approved pseudonymous keys in TRE where applicable; never use direct identifiers in analysis layer,source_id; dataset/version; field name; collection date; transformation; codebook citation; hash/query,Linguistic correlation does not prove persuasion or causation,UNVERIFIED_FIELD_AVAILABILITY
LING-017,Clinical conversation / linguistic dynamics,Clinician certainty/epistemic modality,Exposure/Mediator/Measurement,TEMPORAL_NUMERIC,structured/validated measure where available,Encounter/repeated,Consented audio/video transcript + NLP + human coding,DS064;DS065,DS046;DS058,MIXED_ACCESS;OPEN_CORPUS;PRIMARY_RESEARCH,LOWER_SENSITIVITY_OR_AGGREGATE,NO_IF_VALID_SECONDARY_LEGAL_GATEWAY,Exact field/instrument verified; definition versioned; time coverage confirmed; missingness quantified; construct validity assessed,Do not code unavailable as absent; preserve UNKNOWN/NOT_MEASURED; predefine imputation/sensitivity in SAP,Use approved pseudonymous keys in TRE where applicable; never use direct identifiers in analysis layer,source_id; dataset/version; field name; collection date; transformation; codebook citation; hash/query,Linguistic correlation does not prove persuasion or causation,UNVERIFIED_FIELD_AVAILABILITY
LING-018,Clinical conversation / linguistic dynamics,Patient certainty/epistemic modality,Exposure/Mediator/Measurement,TEMPORAL_NUMERIC,structured/validated measure where available,Encounter/repeated,Consented audio/video transcript + NLP + human coding,DS064;DS065,DS046;DS058,MIXED_ACCESS;OPEN_CORPUS;PRIMARY_RESEARCH,LOWER_SENSITIVITY_OR_AGGREGATE,NO_IF_VALID_SECONDARY_LEGAL_GATEWAY,Exact field/instrument verified; definition versioned; time coverage confirmed; missingness quantified; construct validity assessed,Do not code unavailable as absent; preserve UNKNOWN/NOT_MEASURED; predefine imputation/sensitivity in SAP,Use approved pseudonymous keys in TRE where applicable; never use direct identifiers in analysis layer,source_id; dataset/version; field name; collection date; transformation; codebook citation; hash/query,Linguistic correlation does not prove persuasion or causation,UNVERIFIED_FIELD_AVAILABILITY
LING-019,Clinical conversation / linguistic dynamics,Hedging frequency,Exposure/Mediator/Measurement,TEMPORAL_NUMERIC,structured/validated measure where available,Encounter/repeated,Consented audio/video transcript + NLP + human coding,DS064;DS065,DS046;DS058,MIXED_ACCESS;OPEN_CORPUS;PRIMARY_RESEARCH,LOWER_SENSITIVITY_OR_AGGREGATE,NO_IF_VALID_SECONDARY_LEGAL_GATEWAY,Exact field/instrument verified; definition versioned; time coverage confirmed; missingness quantified; construct validity assessed,Do not code unavailable as absent; preserve UNKNOWN/NOT_MEASURED; predefine imputation/sensitivity in SAP,Use approved pseudonymous keys in TRE where applicable; never use direct identifiers in analysis layer,source_id; dataset/version; field name; collection date; transformation; codebook citation; hash/query,Linguistic correlation does not prove persuasion or causation,UNVERIFIED_FIELD_AVAILABILITY
LING-020,Clinical conversation / linguistic dynamics,Directive/paternalistic language score,Exposure/Mediator/Measurement,TEMPORAL_NUMERIC,structured/validated measure where available,Encounter/repeated,Consented audio/video transcript + NLP + human coding,DS064;DS065,DS046;DS058,MIXED_ACCESS;OPEN_CORPUS;PRIMARY_RESEARCH,LOWER_SENSITIVITY_OR_AGGREGATE,NO_IF_VALID_SECONDARY_LEGAL_GATEWAY,Exact field/instrument verified; definition versioned; time coverage confirmed; missingness quantified; construct validity assessed,Do not code unavailable as absent; preserve UNKNOWN/NOT_MEASURED; predefine imputation/sensitivity in SAP,Use approved pseudonymous keys in TRE where applicable; never use direct identifiers in analysis layer,source_id; dataset/version; field name; collection date; transformation; codebook citation; hash/query,Linguistic correlation does not prove persuasion or causation,UNVERIFIED_FIELD_AVAILABILITY
LING-021,Clinical conversation / linguistic dynamics,Shared-decision language score,Exposure/Mediator/Measurement,TEMPORAL_NUMERIC,structured/validated measure where available,Encounter/repeated,Consented audio/video transcript + NLP + human coding,DS064;DS065,DS046;DS058,MIXED_ACCESS;OPEN_CORPUS;PRIMARY_RESEARCH,LOWER_SENSITIVITY_OR_AGGREGATE,NO_IF_VALID_SECONDARY_LEGAL_GATEWAY,Exact field/instrument verified; definition versioned; time coverage confirmed; missingness quantified; construct validity assessed,Do not code unavailable as absent; preserve UNKNOWN/NOT_MEASURED; predefine imputation/sensitivity in SAP,Use approved pseudonymous keys in TRE where applicable; never use direct identifiers in analysis layer,source_id; dataset/version; field name; collection date; transformation; codebook citation; hash/query,Linguistic correlation does not prove persuasion or causation,UNVERIFIED_FIELD_AVAILABILITY
LING-022,Clinical conversation / linguistic dynamics,Empathy/validation language score,Exposure/Mediator/Measurement,TEMPORAL_NUMERIC,structured/validated measure where available,Encounter/repeated,Consented audio/video transcript + NLP + human coding,DS064;DS065,DS046;DS058,MIXED_ACCESS;OPEN_CORPUS;PRIMARY_RESEARCH,LOWER_SENSITIVITY_OR_AGGREGATE,NO_IF_VALID_SECONDARY_LEGAL_GATEWAY,Exact field/instrument verified; definition versioned; time coverage confirmed; missingness quantified; construct validity assessed,Do not code unavailable as absent; preserve UNKNOWN/NOT_MEASURED; predefine imputation/sensitivity in SAP,Use approved pseudonymous keys in TRE where applicable; never use direct identifiers in analysis layer,source_id; dataset/version; field name; collection date; transformation; codebook citation; hash/query,Linguistic correlation does not prove persuasion or causation,UNVERIFIED_FIELD_AVAILABILITY
LING-023,Clinical conversation / linguistic dynamics,Affiliation/rapport language markers,Exposure/Mediator/Measurement,TEMPORAL_NUMERIC,structured/validated measure where available,Encounter/repeated,Consented audio/video transcript + NLP + human coding,DS064;DS065,DS046;DS058,MIXED_ACCESS;OPEN_CORPUS;PRIMARY_RESEARCH,LOWER_SENSITIVITY_OR_AGGREGATE,NO_IF_VALID_SECONDARY_LEGAL_GATEWAY,Exact field/instrument verified; definition versioned; time coverage confirmed; missingness quantified; construct validity assessed,Do not code unavailable as absent; preserve UNKNOWN/NOT_MEASURED; predefine imputation/sensitivity in SAP,Use approved pseudonymous keys in TRE where applicable; never use direct identifiers in analysis layer,source_id; dataset/version; field name; collection date; transformation; codebook citation; hash/query,Linguistic correlation does not prove persuasion or causation,UNVERIFIED_FIELD_AVAILABILITY
LING-024,Clinical conversation / linguistic dynamics,Authority/clout language markers,Exposure/Mediator/Measurement,TEMPORAL_NUMERIC,structured/validated measure where available,Encounter/repeated,Consented audio/video transcript + NLP + human coding,DS064;DS065,DS046;DS058,MIXED_ACCESS;OPEN_CORPUS;PRIMARY_RESEARCH,LOWER_SENSITIVITY_OR_AGGREGATE,NO_IF_VALID_SECONDARY_LEGAL_GATEWAY,Exact field/instrument verified; definition versioned; time coverage confirmed; missingness quantified; construct validity assessed,Do not code unavailable as absent; preserve UNKNOWN/NOT_MEASURED; predefine imputation/sensitivity in SAP,Use approved pseudonymous keys in TRE where applicable; never use direct identifiers in analysis layer,source_id; dataset/version; field name; collection date; transformation; codebook citation; hash/query,Linguistic correlation does not prove persuasion or causation,UNVERIFIED_FIELD_AVAILABILITY
LING-025,Clinical conversation / linguistic dynamics,Causal-language frequency,Exposure/Mediator/Measurement,TEMPORAL_NUMERIC,structured/validated measure where available,Encounter/repeated,Consented audio/video transcript + NLP + human coding,DS064;DS065,DS046;DS058,MIXED_ACCESS;OPEN_CORPUS;PRIMARY_RESEARCH,LOWER_SENSITIVITY_OR_AGGREGATE,NO_IF_VALID_SECONDARY_LEGAL_GATEWAY,Exact field/instrument verified; definition versioned; time coverage confirmed; missingness quantified; construct validity assessed,Do not code unavailable as absent; preserve UNKNOWN/NOT_MEASURED; predefine imputation/sensitivity in SAP,Use approved pseudonymous keys in TRE where applicable; never use direct identifiers in analysis layer,source_id; dataset/version; field name; collection date; transformation; codebook citation; hash/query,Linguistic correlation does not prove persuasion or causation,UNVERIFIED_FIELD_AVAILABILITY
LING-026,Clinical conversation / linguistic dynamics,Diagnostic-label introduction timing,Exposure/Mediator/Measurement,TEMPORAL_NUMERIC,structured/validated measure where available,Encounter/repeated,Consented audio/video transcript + NLP + human coding,DS064;DS065,DS046;DS058,MIXED_ACCESS;OPEN_CORPUS;PRIMARY_RESEARCH,LOWER_SENSITIVITY_OR_AGGREGATE,NO_IF_VALID_SECONDARY_LEGAL_GATEWAY,Exact field/instrument verified; definition versioned; time coverage confirmed; missingness quantified; construct validity assessed,Do not code unavailable as absent; preserve UNKNOWN/NOT_MEASURED; predefine imputation/sensitivity in SAP,Use approved pseudonymous keys in TRE where applicable; never use direct identifiers in analysis layer,source_id; dataset/version; field name; collection date; transformation; codebook citation; hash/query,Linguistic correlation does not prove persuasion or causation,UNVERIFIED_FIELD_AVAILABILITY
LING-027,Clinical conversation / linguistic dynamics,Identity-label introduction timing and speaker,Exposure/Mediator/Measurement,TEMPORAL_NUMERIC,structured/validated measure where available,Encounter/repeated,Consented audio/video transcript + NLP + human coding,DS064;DS065,DS046;DS058,MIXED_ACCESS;OPEN_CORPUS;PRIMARY_RESEARCH,LOWER_SENSITIVITY_OR_AGGREGATE,NO_IF_VALID_SECONDARY_LEGAL_GATEWAY,Exact field/instrument verified; definition versioned; time coverage confirmed; missingness quantified; construct validity assessed,Do not code unavailable as absent; preserve UNKNOWN/NOT_MEASURED; predefine imputation/sensitivity in SAP,Use approved pseudonymous keys in TRE where applicable; never use direct identifiers in analysis layer,source_id; dataset/version; field name; collection date; transformation; codebook citation; hash/query,Linguistic correlation does not prove persuasion or causation,UNVERIFIED_FIELD_AVAILABILITY
LING-028,Clinical conversation / linguistic dynamics,Terminology adoption/convergence over consultation,Exposure/Mediator/Measurement,TEMPORAL_NUMERIC,structured/validated measure where available,Encounter/repeated,Consented audio/video transcript + NLP + human coding,DS064;DS065,DS046;DS058,MIXED_ACCESS;OPEN_CORPUS;PRIMARY_RESEARCH,LOWER_SENSITIVITY_OR_AGGREGATE,NO_IF_VALID_SECONDARY_LEGAL_GATEWAY,Exact field/instrument verified; definition versioned; time coverage confirmed; missingness quantified; construct validity assessed,Do not code unavailable as absent; preserve UNKNOWN/NOT_MEASURED; predefine imputation/sensitivity in SAP,Use approved pseudonymous keys in TRE where applicable; never use direct identifiers in analysis layer,source_id; dataset/version; field name; collection date; transformation; codebook citation; hash/query,Linguistic correlation does not prove persuasion or causation,UNVERIFIED_FIELD_AVAILABILITY
LING-029,Clinical conversation / linguistic dynamics,Lexical entrainment/accommodation,Exposure/Mediator/Measurement,TEMPORAL_NUMERIC,structured/validated measure where available,Encounter/repeated,Consented audio/video transcript + NLP + human coding,DS064;DS065,DS046;DS058,MIXED_ACCESS;OPEN_CORPUS;PRIMARY_RESEARCH,LOWER_SENSITIVITY_OR_AGGREGATE,NO_IF_VALID_SECONDARY_LEGAL_GATEWAY,Exact field/instrument verified; definition versioned; time coverage confirmed; missingness quantified; construct validity assessed,Do not code unavailable as absent; preserve UNKNOWN/NOT_MEASURED; predefine imputation/sensitivity in SAP,Use approved pseudonymous keys in TRE where applicable; never use direct identifiers in analysis layer,source_id; dataset/version; field name; collection date; transformation; codebook citation; hash/query,Linguistic correlation does not prove persuasion or causation,UNVERIFIED_FIELD_AVAILABILITY
LING-030,Clinical conversation / linguistic dynamics,Repetition/priming of key labels,Exposure/Mediator/Measurement,TEMPORAL_NUMERIC,structured/validated measure where available,Encounter/repeated,Consented audio/video transcript + NLP + human coding,DS064;DS065,DS046;DS058,MIXED_ACCESS;OPEN_CORPUS;PRIMARY_RESEARCH,LOWER_SENSITIVITY_OR_AGGREGATE,NO_IF_VALID_SECONDARY_LEGAL_GATEWAY,Exact field/instrument verified; definition versioned; time coverage confirmed; missingness quantified; construct validity assessed,Do not code unavailable as absent; preserve UNKNOWN/NOT_MEASURED; predefine imputation/sensitivity in SAP,Use approved pseudonymous keys in TRE where applicable; never use direct identifiers in analysis layer,source_id; dataset/version; field name; collection date; transformation; codebook citation; hash/query,Linguistic correlation does not prove persuasion or causation,UNVERIFIED_FIELD_AVAILABILITY
LING-031,Clinical conversation / linguistic dynamics,Reflective-listening frequency,Exposure/Mediator/Measurement,TEMPORAL_NUMERIC,structured/validated measure where available,Encounter/repeated,Consented audio/video transcript + NLP + human coding,DS064;DS065,DS046;DS058,MIXED_ACCESS;OPEN_CORPUS;PRIMARY_RESEARCH,LOWER_SENSITIVITY_OR_AGGREGATE,NO_IF_VALID_SECONDARY_LEGAL_GATEWAY,Exact field/instrument verified; definition versioned; time coverage confirmed; missingness quantified; construct validity assessed,Do not code unavailable as absent; preserve UNKNOWN/NOT_MEASURED; predefine imputation/sensitivity in SAP,Use approved pseudonymous keys in TRE where applicable; never use direct identifiers in analysis layer,source_id; dataset/version; field name; collection date; transformation; codebook citation; hash/query,Linguistic correlation does not prove persuasion or causation,UNVERIFIED_FIELD_AVAILABILITY
LING-032,Clinical conversation / linguistic dynamics,Challenge/disconfirmation questions asked,Exposure/Mediator/Measurement,TEMPORAL_NUMERIC,structured/validated measure where available,Encounter/repeated,Consented audio/video transcript + NLP + human coding,DS064;DS065,DS046;DS058,MIXED_ACCESS;OPEN_CORPUS;PRIMARY_RESEARCH,LOWER_SENSITIVITY_OR_AGGREGATE,NO_IF_VALID_SECONDARY_LEGAL_GATEWAY,Exact field/instrument verified; definition versioned; time coverage confirmed; missingness quantified; construct validity assessed,Do not code unavailable as absent; preserve UNKNOWN/NOT_MEASURED; predefine imputation/sensitivity in SAP,Use approved pseudonymous keys in TRE where applicable; never use direct identifiers in analysis layer,source_id; dataset/version; field name; collection date; transformation; codebook citation; hash/query,Linguistic correlation does not prove persuasion or causation,UNVERIFIED_FIELD_AVAILABILITY
LING-033,Clinical conversation / linguistic dynamics,Alternative-explanation exploration count,Exposure/Mediator/Measurement,TEMPORAL_NUMERIC,structured/validated measure where available,Encounter/repeated,Consented audio/video transcript + NLP + human coding,DS064;DS065,DS046;DS058,MIXED_ACCESS;OPEN_CORPUS;PRIMARY_RESEARCH,LOWER_SENSITIVITY_OR_AGGREGATE,NO_IF_VALID_SECONDARY_LEGAL_GATEWAY,Exact field/instrument verified; definition versioned; time coverage confirmed; missingness quantified; construct validity assessed,Do not code unavailable as absent; preserve UNKNOWN/NOT_MEASURED; predefine imputation/sensitivity in SAP,Use approved pseudonymous keys in TRE where applicable; never use direct identifiers in analysis layer,source_id; dataset/version; field name; collection date; transformation; codebook citation; hash/query,Linguistic correlation does not prove persuasion or causation,UNVERIFIED_FIELD_AVAILABILITY
LING-034,Clinical conversation / linguistic dynamics,Checking-understanding frequency,Exposure/Mediator/Measurement,TEMPORAL_NUMERIC,structured/validated measure where available,Encounter/repeated,Consented audio/video transcript + NLP + human coding,DS064;DS065,DS046;DS058,MIXED_ACCESS;OPEN_CORPUS;PRIMARY_RESEARCH,LOWER_SENSITIVITY_OR_AGGREGATE,NO_IF_VALID_SECONDARY_LEGAL_GATEWAY,Exact field/instrument verified; definition versioned; time coverage confirmed; missingness quantified; construct validity assessed,Do not code unavailable as absent; preserve UNKNOWN/NOT_MEASURED; predefine imputation/sensitivity in SAP,Use approved pseudonymous keys in TRE where applicable; never use direct identifiers in analysis layer,source_id; dataset/version; field name; collection date; transformation; codebook citation; hash/query,Linguistic correlation does not prove persuasion or causation,UNVERIFIED_FIELD_AVAILABILITY
LING-035,Clinical conversation / linguistic dynamics,Teach-back use,Exposure/Mediator/Measurement,TEMPORAL_NUMERIC,structured/validated measure where available,Encounter/repeated,Consented audio/video transcript + NLP + human coding,DS064;DS065,DS046;DS058,MIXED_ACCESS;OPEN_CORPUS;PRIMARY_RESEARCH,LOWER_SENSITIVITY_OR_AGGREGATE,NO_IF_VALID_SECONDARY_LEGAL_GATEWAY,Exact field/instrument verified; definition versioned; time coverage confirmed; missingness quantified; construct validity assessed,Do not code unavailable as absent; preserve UNKNOWN/NOT_MEASURED; predefine imputation/sensitivity in SAP,Use approved pseudonymous keys in TRE where applicable; never use direct identifiers in analysis layer,source_id; dataset/version; field name; collection date; transformation; codebook citation; hash/query,Linguistic correlation does not prove persuasion or causation,UNVERIFIED_FIELD_AVAILABILITY
LING-036,Clinical conversation / linguistic dynamics,Explicit uncertainty communication,Exposure/Mediator/Measurement,TEMPORAL_NUMERIC,structured/validated measure where available,Encounter/repeated,Consented audio/video transcript + NLP + human coding,DS064;DS065,DS046;DS058,MIXED_ACCESS;OPEN_CORPUS;PRIMARY_RESEARCH,LOWER_SENSITIVITY_OR_AGGREGATE,NO_IF_VALID_SECONDARY_LEGAL_GATEWAY,Exact field/instrument verified; definition versioned; time coverage confirmed; missingness quantified; construct validity assessed,Do not code unavailable as absent; preserve UNKNOWN/NOT_MEASURED; predefine imputation/sensitivity in SAP,Use approved pseudonymous keys in TRE where applicable; never use direct identifiers in analysis layer,source_id; dataset/version; field name; collection date; transformation; codebook citation; hash/query,Linguistic correlation does not prove persuasion or causation,UNVERIFIED_FIELD_AVAILABILITY
LING-037,Clinical conversation / linguistic dynamics,Explicit discussion of evidence quality,Exposure/Mediator/Measurement,TEMPORAL_NUMERIC,structured/validated measure where available,Encounter/repeated,Consented audio/video transcript + NLP + human coding,DS064;DS065,DS046;DS058,MIXED_ACCESS;OPEN_CORPUS;PRIMARY_RESEARCH,LOWER_SENSITIVITY_OR_AGGREGATE,NO_IF_VALID_SECONDARY_LEGAL_GATEWAY,Exact field/instrument verified; definition versioned; time coverage confirmed; missingness quantified; construct validity assessed,Do not code unavailable as absent; preserve UNKNOWN/NOT_MEASURED; predefine imputation/sensitivity in SAP,Use approved pseudonymous keys in TRE where applicable; never use direct identifiers in analysis layer,source_id; dataset/version; field name; collection date; transformation; codebook citation; hash/query,Linguistic correlation does not prove persuasion or causation,UNVERIFIED_FIELD_AVAILABILITY
LING-038,Clinical conversation / linguistic dynamics,Explicit discussion of reversibility/irreversibility,Exposure/Mediator/Measurement,TEMPORAL_NUMERIC,structured/validated measure where available,Encounter/repeated,Consented audio/video transcript + NLP + human coding,DS064;DS065,DS046;DS058,MIXED_ACCESS;OPEN_CORPUS;PRIMARY_RESEARCH,LOWER_SENSITIVITY_OR_AGGREGATE,NO_IF_VALID_SECONDARY_LEGAL_GATEWAY,Exact field/instrument verified; definition versioned; time coverage confirmed; missingness quantified; construct validity assessed,Do not code unavailable as absent; preserve UNKNOWN/NOT_MEASURED; predefine imputation/sensitivity in SAP,Use approved pseudonymous keys in TRE where applicable; never use direct identifiers in analysis layer,source_id; dataset/version; field name; collection date; transformation; codebook citation; hash/query,Linguistic correlation does not prove persuasion or causation,UNVERIFIED_FIELD_AVAILABILITY
LING-039,Clinical conversation / linguistic dynamics,Patient baseline preference before consultation,Exposure/Mediator/Measurement,TEMPORAL_NUMERIC,structured/validated measure where available,Encounter/repeated,Consented audio/video transcript + NLP + human coding,DS064;DS065,DS046;DS058,MIXED_ACCESS;OPEN_CORPUS;PRIMARY_RESEARCH,LOWER_SENSITIVITY_OR_AGGREGATE,NO_IF_VALID_SECONDARY_LEGAL_GATEWAY,Exact field/instrument verified; definition versioned; time coverage confirmed; missingness quantified; construct validity assessed,Do not code unavailable as absent; preserve UNKNOWN/NOT_MEASURED; predefine imputation/sensitivity in SAP,Use approved pseudonymous keys in TRE where applicable; never use direct identifiers in analysis layer,source_id; dataset/version; field name; collection date; transformation; codebook citation; hash/query,Linguistic correlation does not prove persuasion or causation,UNVERIFIED_FIELD_AVAILABILITY
LING-040,Clinical conversation / linguistic dynamics,Patient preference after consultation,Exposure/Mediator/Measurement,TEMPORAL_NUMERIC,structured/validated measure where available,Encounter/repeated,Consented audio/video transcript + NLP + human coding,DS064;DS065,DS046;DS058,MIXED_ACCESS;OPEN_CORPUS;PRIMARY_RESEARCH,LOWER_SENSITIVITY_OR_AGGREGATE,NO_IF_VALID_SECONDARY_LEGAL_GATEWAY,Exact field/instrument verified; definition versioned; time coverage confirmed; missingness quantified; construct validity assessed,Do not code unavailable as absent; preserve UNKNOWN/NOT_MEASURED; predefine imputation/sensitivity in SAP,Use approved pseudonymous keys in TRE where applicable; never use direct identifiers in analysis layer,source_id; dataset/version; field name; collection date; transformation; codebook citation; hash/query,Linguistic correlation does not prove persuasion or causation,UNVERIFIED_FIELD_AVAILABILITY
LING-041,Clinical conversation / linguistic dynamics,Preference-change magnitude,Exposure/Mediator/Measurement,TEMPORAL_NUMERIC,structured/validated measure where available,Encounter/repeated,Consented audio/video transcript + NLP + human coding,DS064;DS065,DS046;DS058,MIXED_ACCESS;OPEN_CORPUS;PRIMARY_RESEARCH,LOWER_SENSITIVITY_OR_AGGREGATE,NO_IF_VALID_SECONDARY_LEGAL_GATEWAY,Exact field/instrument verified; definition versioned; time coverage confirmed; missingness quantified; construct validity assessed,Do not code unavailable as absent; preserve UNKNOWN/NOT_MEASURED; predefine imputation/sensitivity in SAP,Use approved pseudonymous keys in TRE where applicable; never use direct identifiers in analysis layer,source_id; dataset/version; field name; collection date; transformation; codebook citation; hash/query,Linguistic correlation does not prove persuasion or causation,UNVERIFIED_FIELD_AVAILABILITY
LING-042,Clinical conversation / linguistic dynamics,Parent/carer preference before/after consultation,Exposure/Mediator/Measurement,TEMPORAL_NUMERIC,structured/validated measure where available,Encounter/repeated,Consented audio/video transcript + NLP + human coding,DS064;DS065,DS046;DS058,MIXED_ACCESS;OPEN_CORPUS;PRIMARY_RESEARCH,LOWER_SENSITIVITY_OR_AGGREGATE,NO_IF_VALID_SECONDARY_LEGAL_GATEWAY,Exact field/instrument verified; definition versioned; time coverage confirmed; missingness quantified; construct validity assessed,Do not code unavailable as absent; preserve UNKNOWN/NOT_MEASURED; predefine imputation/sensitivity in SAP,Use approved pseudonymous keys in TRE where applicable; never use direct identifiers in analysis layer,source_id; dataset/version; field name; collection date; transformation; codebook citation; hash/query,Linguistic correlation does not prove persuasion or causation,UNVERIFIED_FIELD_AVAILABILITY
LING-043,Clinical conversation / linguistic dynamics,Clinician recommendation before/after MDT input,Exposure/Mediator/Measurement,TEMPORAL_NUMERIC,structured/validated measure where available,Encounter/repeated,Consented audio/video transcript + NLP + human coding,DS064;DS065,DS046;DS058,MIXED_ACCESS;OPEN_CORPUS;PRIMARY_RESEARCH,LOWER_SENSITIVITY_OR_AGGREGATE,NO_IF_VALID_SECONDARY_LEGAL_GATEWAY,Exact field/instrument verified; definition versioned; time coverage confirmed; missingness quantified; construct validity assessed,Do not code unavailable as absent; preserve UNKNOWN/NOT_MEASURED; predefine imputation/sensitivity in SAP,Use approved pseudonymous keys in TRE where applicable; never use direct identifiers in analysis layer,source_id; dataset/version; field name; collection date; transformation; codebook citation; hash/query,Linguistic correlation does not prove persuasion or causation,UNVERIFIED_FIELD_AVAILABILITY
LING-044,Clinical conversation / linguistic dynamics,Emotional valence/arousal trajectory,Exposure/Mediator/Measurement,TEMPORAL_NUMERIC,structured/validated measure where available,Encounter/repeated,Consented audio/video transcript + NLP + human coding,DS064;DS065,DS046;DS058,MIXED_ACCESS;OPEN_CORPUS;PRIMARY_RESEARCH,LOWER_SENSITIVITY_OR_AGGREGATE,NO_IF_VALID_SECONDARY_LEGAL_GATEWAY,Exact field/instrument verified; definition versioned; time coverage confirmed; missingness quantified; construct validity assessed,Do not code unavailable as absent; preserve UNKNOWN/NOT_MEASURED; predefine imputation/sensitivity in SAP,Use approved pseudonymous keys in TRE where applicable; never use direct identifiers in analysis layer,source_id; dataset/version; field name; collection date; transformation; codebook citation; hash/query,Linguistic correlation does not prove persuasion or causation,UNVERIFIED_FIELD_AVAILABILITY
LING-045,Clinical conversation / linguistic dynamics,Silence/non-fluency markers,Exposure/Mediator/Measurement,TEMPORAL_NUMERIC,structured/validated measure where available,Encounter/repeated,Consented audio/video transcript + NLP + human coding,DS064;DS065,DS046;DS058,MIXED_ACCESS;OPEN_CORPUS;PRIMARY_RESEARCH,LOWER_SENSITIVITY_OR_AGGREGATE,NO_IF_VALID_SECONDARY_LEGAL_GATEWAY,Exact field/instrument verified; definition versioned; time coverage confirmed; missingness quantified; construct validity assessed,Do not code unavailable as absent; preserve UNKNOWN/NOT_MEASURED; predefine imputation/sensitivity in SAP,Use approved pseudonymous keys in TRE where applicable; never use direct identifiers in analysis layer,source_id; dataset/version; field name; collection date; transformation; codebook citation; hash/query,Linguistic correlation does not prove persuasion or causation,UNVERIFIED_FIELD_AVAILABILITY
LING-046,Clinical conversation / linguistic dynamics,Pronoun/use-of-self markers,Exposure/Mediator/Measurement,TEMPORAL_NUMERIC,structured/validated measure where available,Encounter/repeated,Consented audio/video transcript + NLP + human coding,DS064;DS065,DS046;DS058,MIXED_ACCESS;OPEN_CORPUS;PRIMARY_RESEARCH,LOWER_SENSITIVITY_OR_AGGREGATE,NO_IF_VALID_SECONDARY_LEGAL_GATEWAY,Exact field/instrument verified; definition versioned; time coverage confirmed; missingness quantified; construct validity assessed,Do not code unavailable as absent; preserve UNKNOWN/NOT_MEASURED; predefine imputation/sensitivity in SAP,Use approved pseudonymous keys in TRE where applicable; never use direct identifiers in analysis layer,source_id; dataset/version; field name; collection date; transformation; codebook citation; hash/query,Linguistic correlation does not prove persuasion or causation,UNVERIFIED_FIELD_AVAILABILITY
LING-047,Clinical conversation / linguistic dynamics,Narrative coherence change across sessions,Exposure/Mediator/Measurement,TEMPORAL_NUMERIC,structured/validated measure where available,Encounter/repeated,Consented audio/video transcript + NLP + human coding,DS064;DS065,DS046;DS058,MIXED_ACCESS;OPEN_CORPUS;PRIMARY_RESEARCH,LOWER_SENSITIVITY_OR_AGGREGATE,NO_IF_VALID_SECONDARY_LEGAL_GATEWAY,Exact field/instrument verified; definition versioned; time coverage confirmed; missingness quantified; construct validity assessed,Do not code unavailable as absent; preserve UNKNOWN/NOT_MEASURED; predefine imputation/sensitivity in SAP,Use approved pseudonymous keys in TRE where applicable; never use direct identifiers in analysis layer,source_id; dataset/version; field name; collection date; transformation; codebook citation; hash/query,Linguistic correlation does not prove persuasion or causation,UNVERIFIED_FIELD_AVAILABILITY
LING-048,Clinical conversation / linguistic dynamics,Language shift before and after diagnosis/referral,Exposure/Mediator/Measurement,TEMPORAL_NUMERIC,structured/validated measure where available,Encounter/repeated,Consented audio/video transcript + NLP + human coding,DS064;DS065,DS046;DS058,MIXED_ACCESS;OPEN_CORPUS;PRIMARY_RESEARCH,LOWER_SENSITIVITY_OR_AGGREGATE,NO_IF_VALID_SECONDARY_LEGAL_GATEWAY,Exact field/instrument verified; definition versioned; time coverage confirmed; missingness quantified; construct validity assessed,Do not code unavailable as absent; preserve UNKNOWN/NOT_MEASURED; predefine imputation/sensitivity in SAP,Use approved pseudonymous keys in TRE where applicable; never use direct identifiers in analysis layer,source_id; dataset/version; field name; collection date; transformation; codebook citation; hash/query,Linguistic correlation does not prove persuasion or causation,UNVERIFIED_FIELD_AVAILABILITY
LING-049,Clinical conversation / linguistic dynamics,Language shift before and after social transition,Exposure/Mediator/Measurement,TEMPORAL_NUMERIC,structured/validated measure where available,Encounter/repeated,Consented audio/video transcript + NLP + human coding,DS064;DS065,DS046;DS058,MIXED_ACCESS;OPEN_CORPUS;PRIMARY_RESEARCH,LOWER_SENSITIVITY_OR_AGGREGATE,NO_IF_VALID_SECONDARY_LEGAL_GATEWAY,Exact field/instrument verified; definition versioned; time coverage confirmed; missingness quantified; construct validity assessed,Do not code unavailable as absent; preserve UNKNOWN/NOT_MEASURED; predefine imputation/sensitivity in SAP,Use approved pseudonymous keys in TRE where applicable; never use direct identifiers in analysis layer,source_id; dataset/version; field name; collection date; transformation; codebook citation; hash/query,Linguistic correlation does not prove persuasion or causation,UNVERIFIED_FIELD_AVAILABILITY
LING-050,Clinical conversation / linguistic dynamics,Conversation-derived influence score held as research-only,Exposure/Mediator/Measurement,TEMPORAL_NUMERIC,structured/validated measure where available,Encounter/repeated,Consented audio/video transcript + NLP + human coding,DS064;DS065,DS046;DS058,MIXED_ACCESS;OPEN_CORPUS;PRIMARY_RESEARCH,LOWER_SENSITIVITY_OR_AGGREGATE,NO_IF_VALID_SECONDARY_LEGAL_GATEWAY,Exact field/instrument verified; definition versioned; time coverage confirmed; missingness quantified; construct validity assessed,Do not code unavailable as absent; preserve UNKNOWN/NOT_MEASURED; predefine imputation/sensitivity in SAP,Use approved pseudonymous keys in TRE where applicable; never use direct identifiers in analysis layer,source_id; dataset/version; field name; collection date; transformation; codebook citation; hash/query,Linguistic correlation does not prove persuasion or causation,UNVERIFIED_FIELD_AVAILABILITY
PER-001,Persuasion / marketing / exposure dynamics,Gender-related content exposure frequency,Exposure/Moderator/Mediator,TEMPORAL_NUMERIC,structured/validated measure where available,Time-varying,Consented digital trace / surveys / content corpus,DS065;DS023,DS025;DS026;DS028,MIXED_ACCESS;OPEN;PRIMARY_RESEARCH;PUBLIC_API_LIMITED;RESTRICTED_RESEARCH_API,LOWER_SENSITIVITY_OR_AGGREGATE,YES_IF_PRIMARY_PARTICIPANT_DATA,Exact field/instrument verified; definition versioned; time coverage confirmed; missingness quantified; construct validity assessed,Do not code unavailable as absent; preserve UNKNOWN/NOT_MEASURED; predefine imputation/sensitivity in SAP,Use approved pseudonymous keys in TRE where applicable; never use direct identifiers in analysis layer,source_id; dataset/version; field name; collection date; transformation; codebook citation; hash/query,Exposure is probabilistic and cannot determine individual identity/outcome,UNVERIFIED_FIELD_AVAILABILITY
PER-002,Persuasion / marketing / exposure dynamics,Content exposure duration,Exposure/Moderator/Mediator,TEMPORAL_NUMERIC,structured/validated measure where available,Time-varying,Consented digital trace / surveys / content corpus,DS065;DS023,DS025;DS026;DS028,MIXED_ACCESS;OPEN;PRIMARY_RESEARCH;PUBLIC_API_LIMITED;RESTRICTED_RESEARCH_API,LOWER_SENSITIVITY_OR_AGGREGATE,YES_IF_PRIMARY_PARTICIPANT_DATA,Exact field/instrument verified; definition versioned; time coverage confirmed; missingness quantified; construct validity assessed,Do not code unavailable as absent; preserve UNKNOWN/NOT_MEASURED; predefine imputation/sensitivity in SAP,Use approved pseudonymous keys in TRE where applicable; never use direct identifiers in analysis layer,source_id; dataset/version; field name; collection date; transformation; codebook citation; hash/query,Exposure is probabilistic and cannot determine individual identity/outcome,UNVERIFIED_FIELD_AVAILABILITY
PER-003,Persuasion / marketing / exposure dynamics,Active engagement versus passive exposure,Exposure/Moderator/Mediator,TEMPORAL_NUMERIC,structured/validated measure where available,Time-varying,Consented digital trace / surveys / content corpus,DS065;DS023,DS025;DS026;DS028,MIXED_ACCESS;OPEN;PRIMARY_RESEARCH;PUBLIC_API_LIMITED;RESTRICTED_RESEARCH_API,LOWER_SENSITIVITY_OR_AGGREGATE,YES_IF_PRIMARY_PARTICIPANT_DATA,Exact field/instrument verified; definition versioned; time coverage confirmed; missingness quantified; construct validity assessed,Do not code unavailable as absent; preserve UNKNOWN/NOT_MEASURED; predefine imputation/sensitivity in SAP,Use approved pseudonymous keys in TRE where applicable; never use direct identifiers in analysis layer,source_id; dataset/version; field name; collection date; transformation; codebook citation; hash/query,Exposure is probabilistic and cannot determine individual identity/outcome,UNVERIFIED_FIELD_AVAILABILITY
PER-004,Persuasion / marketing / exposure dynamics,First age of relevant exposure,Exposure/Moderator/Mediator,TEMPORAL_NUMERIC,structured/validated measure where available,Time-varying,Consented digital trace / surveys / content corpus,DS065;DS023,DS025;DS026;DS028,MIXED_ACCESS;OPEN;PRIMARY_RESEARCH;PUBLIC_API_LIMITED;RESTRICTED_RESEARCH_API,LOWER_SENSITIVITY_OR_AGGREGATE,YES_IF_PRIMARY_PARTICIPANT_DATA,Exact field/instrument verified; definition versioned; time coverage confirmed; missingness quantified; construct validity assessed,Do not code unavailable as absent; preserve UNKNOWN/NOT_MEASURED; predefine imputation/sensitivity in SAP,Use approved pseudonymous keys in TRE where applicable; never use direct identifiers in analysis layer,source_id; dataset/version; field name; collection date; transformation; codebook citation; hash/query,Exposure is probabilistic and cannot determine individual identity/outcome,UNVERIFIED_FIELD_AVAILABILITY
PER-005,Persuasion / marketing / exposure dynamics,Exposure before versus after first reported distress,Exposure/Moderator/Mediator,TEMPORAL_NUMERIC,structured/validated measure where available,Time-varying,Consented digital trace / surveys / content corpus,DS065;DS023,DS025;DS026;DS028,MIXED_ACCESS;OPEN;PRIMARY_RESEARCH;PUBLIC_API_LIMITED;RESTRICTED_RESEARCH_API,LOWER_SENSITIVITY_OR_AGGREGATE,YES_IF_PRIMARY_PARTICIPANT_DATA,Exact field/instrument verified; definition versioned; time coverage confirmed; missingness quantified; construct validity assessed,Do not code unavailable as absent; preserve UNKNOWN/NOT_MEASURED; predefine imputation/sensitivity in SAP,Use approved pseudonymous keys in TRE where applicable; never use direct identifiers in analysis layer,source_id; dataset/version; field name; collection date; transformation; codebook citation; hash/query,Exposure is probabilistic and cannot determine individual identity/outcome,UNVERIFIED_FIELD_AVAILABILITY
PER-006,Persuasion / marketing / exposure dynamics,Message repetition frequency,Exposure/Moderator/Mediator,TEMPORAL_NUMERIC,structured/validated measure where available,Time-varying,Consented digital trace / surveys / content corpus,DS065;DS023,DS025;DS026;DS028,MIXED_ACCESS;OPEN;PRIMARY_RESEARCH;PUBLIC_API_LIMITED;RESTRICTED_RESEARCH_API,LOWER_SENSITIVITY_OR_AGGREGATE,YES_IF_PRIMARY_PARTICIPANT_DATA,Exact field/instrument verified; definition versioned; time coverage confirmed; missingness quantified; construct validity assessed,Do not code unavailable as absent; preserve UNKNOWN/NOT_MEASURED; predefine imputation/sensitivity in SAP,Use approved pseudonymous keys in TRE where applicable; never use direct identifiers in analysis layer,source_id; dataset/version; field name; collection date; transformation; codebook citation; hash/query,Exposure is probabilistic and cannot determine individual identity/outcome,UNVERIFIED_FIELD_AVAILABILITY
PER-007,Persuasion / marketing / exposure dynamics,Mere-exposure index,Exposure/Moderator/Mediator,TEMPORAL_NUMERIC,structured/validated measure where available,Time-varying,Consented digital trace / surveys / content corpus,DS065;DS023,DS025;DS026;DS028,MIXED_ACCESS;OPEN;PRIMARY_RESEARCH;PUBLIC_API_LIMITED;RESTRICTED_RESEARCH_API,LOWER_SENSITIVITY_OR_AGGREGATE,YES_IF_PRIMARY_PARTICIPANT_DATA,Exact field/instrument verified; definition versioned; time coverage confirmed; missingness quantified; construct validity assessed,Do not code unavailable as absent; preserve UNKNOWN/NOT_MEASURED; predefine imputation/sensitivity in SAP,Use approved pseudonymous keys in TRE where applicable; never use direct identifiers in analysis layer,source_id; dataset/version; field name; collection date; transformation; codebook citation; hash/query,Exposure is probabilistic and cannot determine individual identity/outcome,UNVERIFIED_FIELD_AVAILABILITY
PER-008,Persuasion / marketing / exposure dynamics,Source-credibility cue exposure,Exposure/Moderator/Mediator,TEMPORAL_NUMERIC,structured/validated measure where available,Time-varying,Consented digital trace / surveys / content corpus,DS065;DS023,DS025;DS026;DS028,MIXED_ACCESS;OPEN;PRIMARY_RESEARCH;PUBLIC_API_LIMITED;RESTRICTED_RESEARCH_API,LOWER_SENSITIVITY_OR_AGGREGATE,YES_IF_PRIMARY_PARTICIPANT_DATA,Exact field/instrument verified; definition versioned; time coverage confirmed; missingness quantified; construct validity assessed,Do not code unavailable as absent; preserve UNKNOWN/NOT_MEASURED; predefine imputation/sensitivity in SAP,Use approved pseudonymous keys in TRE where applicable; never use direct identifiers in analysis layer,source_id; dataset/version; field name; collection date; transformation; codebook citation; hash/query,Exposure is probabilistic and cannot determine individual identity/outcome,UNVERIFIED_FIELD_AVAILABILITY
PER-009,Persuasion / marketing / exposure dynamics,Expert/authority cue exposure,Exposure/Moderator/Mediator,TEMPORAL_NUMERIC,structured/validated measure where available,Time-varying,Consented digital trace / surveys / content corpus,DS065;DS023,DS025;DS026;DS028,MIXED_ACCESS;OPEN;PRIMARY_RESEARCH;PUBLIC_API_LIMITED;RESTRICTED_RESEARCH_API,LOWER_SENSITIVITY_OR_AGGREGATE,YES_IF_PRIMARY_PARTICIPANT_DATA,Exact field/instrument verified; definition versioned; time coverage confirmed; missingness quantified; construct validity assessed,Do not code unavailable as absent; preserve UNKNOWN/NOT_MEASURED; predefine imputation/sensitivity in SAP,Use approved pseudonymous keys in TRE where applicable; never use direct identifiers in analysis layer,source_id; dataset/version; field name; collection date; transformation; codebook citation; hash/query,Exposure is probabilistic and cannot determine individual identity/outcome,UNVERIFIED_FIELD_AVAILABILITY
PER-010,Persuasion / marketing / exposure dynamics,Social-proof cue exposure,Exposure/Moderator/Mediator,TEMPORAL_NUMERIC,structured/validated measure where available,Time-varying,Consented digital trace / surveys / content corpus,DS065;DS023,DS025;DS026;DS028,MIXED_ACCESS;OPEN;PRIMARY_RESEARCH;PUBLIC_API_LIMITED;RESTRICTED_RESEARCH_API,LOWER_SENSITIVITY_OR_AGGREGATE,YES_IF_PRIMARY_PARTICIPANT_DATA,Exact field/instrument verified; definition versioned; time coverage confirmed; missingness quantified; construct validity assessed,Do not code unavailable as absent; preserve UNKNOWN/NOT_MEASURED; predefine imputation/sensitivity in SAP,Use approved pseudonymous keys in TRE where applicable; never use direct identifiers in analysis layer,source_id; dataset/version; field name; collection date; transformation; codebook citation; hash/query,Exposure is probabilistic and cannot determine individual identity/outcome,UNVERIFIED_FIELD_AVAILABILITY
PER-011,Persuasion / marketing / exposure dynamics,Normative-consensus cue exposure,Exposure/Moderator/Mediator,TEMPORAL_NUMERIC,structured/validated measure where available,Time-varying,Consented digital trace / surveys / content corpus,DS065;DS023,DS025;DS026;DS028,MIXED_ACCESS;OPEN;PRIMARY_RESEARCH;PUBLIC_API_LIMITED;RESTRICTED_RESEARCH_API,LOWER_SENSITIVITY_OR_AGGREGATE,YES_IF_PRIMARY_PARTICIPANT_DATA,Exact field/instrument verified; definition versioned; time coverage confirmed; missingness quantified; construct validity assessed,Do not code unavailable as absent; preserve UNKNOWN/NOT_MEASURED; predefine imputation/sensitivity in SAP,Use approved pseudonymous keys in TRE where applicable; never use direct identifiers in analysis layer,source_id; dataset/version; field name; collection date; transformation; codebook citation; hash/query,Exposure is probabilistic and cannot determine individual identity/outcome,UNVERIFIED_FIELD_AVAILABILITY
PER-012,Persuasion / marketing / exposure dynamics,Influencer/celebrity exposure,Exposure/Moderator/Mediator,TEMPORAL_NUMERIC,structured/validated measure where available,Time-varying,Consented digital trace / surveys / content corpus,DS065;DS023,DS025;DS026;DS028,MIXED_ACCESS;OPEN;PRIMARY_RESEARCH;PUBLIC_API_LIMITED;RESTRICTED_RESEARCH_API,LOWER_SENSITIVITY_OR_AGGREGATE,YES_IF_PRIMARY_PARTICIPANT_DATA,Exact field/instrument verified; definition versioned; time coverage confirmed; missingness quantified; construct validity assessed,Do not code unavailable as absent; preserve UNKNOWN/NOT_MEASURED; predefine imputation/sensitivity in SAP,Use approved pseudonymous keys in TRE where applicable; never use direct identifiers in analysis layer,source_id; dataset/version; field name; collection date; transformation; codebook citation; hash/query,Exposure is probabilistic and cannot determine individual identity/outcome,UNVERIFIED_FIELD_AVAILABILITY
PER-013,Persuasion / marketing / exposure dynamics,Parasocial relationship intensity,Exposure/Moderator/Mediator,TEMPORAL_NUMERIC,structured/validated measure where available,Time-varying,Consented digital trace / surveys / content corpus,DS065;DS023,DS025;DS026;DS028,MIXED_ACCESS;OPEN;PRIMARY_RESEARCH;PUBLIC_API_LIMITED;RESTRICTED_RESEARCH_API,LOWER_SENSITIVITY_OR_AGGREGATE,YES_IF_PRIMARY_PARTICIPANT_DATA,Exact field/instrument verified; definition versioned; time coverage confirmed; missingness quantified; construct validity assessed,Do not code unavailable as absent; preserve UNKNOWN/NOT_MEASURED; predefine imputation/sensitivity in SAP,Use approved pseudonymous keys in TRE where applicable; never use direct identifiers in analysis layer,source_id; dataset/version; field name; collection date; transformation; codebook citation; hash/query,Exposure is probabilistic and cannot determine individual identity/outcome,UNVERIFIED_FIELD_AVAILABILITY
PER-014,Persuasion / marketing / exposure dynamics,Peer endorsement exposure,Exposure/Moderator/Mediator,TEMPORAL_NUMERIC,structured/validated measure where available,Time-varying,Consented digital trace / surveys / content corpus,DS065;DS023,DS025;DS026;DS028,MIXED_ACCESS;OPEN;PRIMARY_RESEARCH;PUBLIC_API_LIMITED;RESTRICTED_RESEARCH_API,LOWER_SENSITIVITY_OR_AGGREGATE,YES_IF_PRIMARY_PARTICIPANT_DATA,Exact field/instrument verified; definition versioned; time coverage confirmed; missingness quantified; construct validity assessed,Do not code unavailable as absent; preserve UNKNOWN/NOT_MEASURED; predefine imputation/sensitivity in SAP,Use approved pseudonymous keys in TRE where applicable; never use direct identifiers in analysis layer,source_id; dataset/version; field name; collection date; transformation; codebook citation; hash/query,Exposure is probabilistic and cannot determine individual identity/outcome,UNVERIFIED_FIELD_AVAILABILITY
PER-015,Persuasion / marketing / exposure dynamics,Identity-based message framing,Exposure/Moderator/Mediator,TEMPORAL_NUMERIC,structured/validated measure where available,Time-varying,Consented digital trace / surveys / content corpus,DS065;DS023,DS025;DS026;DS028,MIXED_ACCESS;OPEN;PRIMARY_RESEARCH;PUBLIC_API_LIMITED;RESTRICTED_RESEARCH_API,LOWER_SENSITIVITY_OR_AGGREGATE,YES_IF_PRIMARY_PARTICIPANT_DATA,Exact field/instrument verified; definition versioned; time coverage confirmed; missingness quantified; construct validity assessed,Do not code unavailable as absent; preserve UNKNOWN/NOT_MEASURED; predefine imputation/sensitivity in SAP,Use approved pseudonymous keys in TRE where applicable; never use direct identifiers in analysis layer,source_id; dataset/version; field name; collection date; transformation; codebook citation; hash/query,Exposure is probabilistic and cannot determine individual identity/outcome,UNVERIFIED_FIELD_AVAILABILITY
PER-016,Persuasion / marketing / exposure dynamics,Moral/emotional framing,Exposure/Moderator/Mediator,TEMPORAL_NUMERIC,structured/validated measure where available,Time-varying,Consented digital trace / surveys / content corpus,DS065;DS023,DS025;DS026;DS028,MIXED_ACCESS;OPEN;PRIMARY_RESEARCH;PUBLIC_API_LIMITED;RESTRICTED_RESEARCH_API,LOWER_SENSITIVITY_OR_AGGREGATE,YES_IF_PRIMARY_PARTICIPANT_DATA,Exact field/instrument verified; definition versioned; time coverage confirmed; missingness quantified; construct validity assessed,Do not code unavailable as absent; preserve UNKNOWN/NOT_MEASURED; predefine imputation/sensitivity in SAP,Use approved pseudonymous keys in TRE where applicable; never use direct identifiers in analysis layer,source_id; dataset/version; field name; collection date; transformation; codebook citation; hash/query,Exposure is probabilistic and cannot determine individual identity/outcome,UNVERIFIED_FIELD_AVAILABILITY
PER-017,Persuasion / marketing / exposure dynamics,Fear/threat framing,Exposure/Moderator/Mediator,TEMPORAL_NUMERIC,structured/validated measure where available,Time-varying,Consented digital trace / surveys / content corpus,DS065;DS023,DS025;DS026;DS028,MIXED_ACCESS;OPEN;PRIMARY_RESEARCH;PUBLIC_API_LIMITED;RESTRICTED_RESEARCH_API,LOWER_SENSITIVITY_OR_AGGREGATE,YES_IF_PRIMARY_PARTICIPANT_DATA,Exact field/instrument verified; definition versioned; time coverage confirmed; missingness quantified; construct validity assessed,Do not code unavailable as absent; preserve UNKNOWN/NOT_MEASURED; predefine imputation/sensitivity in SAP,Use approved pseudonymous keys in TRE where applicable; never use direct identifiers in analysis layer,source_id; dataset/version; field name; collection date; transformation; codebook citation; hash/query,Exposure is probabilistic and cannot determine individual identity/outcome,UNVERIFIED_FIELD_AVAILABILITY
PER-018,Persuasion / marketing / exposure dynamics,Hope/relief framing,Exposure/Moderator/Mediator,TEMPORAL_NUMERIC,structured/validated measure where available,Time-varying,Consented digital trace / surveys / content corpus,DS065;DS023,DS025;DS026;DS028,MIXED_ACCESS;OPEN;PRIMARY_RESEARCH;PUBLIC_API_LIMITED;RESTRICTED_RESEARCH_API,LOWER_SENSITIVITY_OR_AGGREGATE,YES_IF_PRIMARY_PARTICIPANT_DATA,Exact field/instrument verified; definition versioned; time coverage confirmed; missingness quantified; construct validity assessed,Do not code unavailable as absent; preserve UNKNOWN/NOT_MEASURED; predefine imputation/sensitivity in SAP,Use approved pseudonymous keys in TRE where applicable; never use direct identifiers in analysis layer,source_id; dataset/version; field name; collection date; transformation; codebook citation; hash/query,Exposure is probabilistic and cannot determine individual identity/outcome,UNVERIFIED_FIELD_AVAILABILITY
PER-019,Persuasion / marketing / exposure dynamics,Urgency/scarcity framing,Exposure/Moderator/Mediator,TEMPORAL_NUMERIC,structured/validated measure where available,Time-varying,Consented digital trace / surveys / content corpus,DS065;DS023,DS025;DS026;DS028,MIXED_ACCESS;OPEN;PRIMARY_RESEARCH;PUBLIC_API_LIMITED;RESTRICTED_RESEARCH_API,LOWER_SENSITIVITY_OR_AGGREGATE,YES_IF_PRIMARY_PARTICIPANT_DATA,Exact field/instrument verified; definition versioned; time coverage confirmed; missingness quantified; construct validity assessed,Do not code unavailable as absent; preserve UNKNOWN/NOT_MEASURED; predefine imputation/sensitivity in SAP,Use approved pseudonymous keys in TRE where applicable; never use direct identifiers in analysis layer,source_id; dataset/version; field name; collection date; transformation; codebook citation; hash/query,Exposure is probabilistic and cannot determine individual identity/outcome,UNVERIFIED_FIELD_AVAILABILITY
PER-020,Persuasion / marketing / exposure dynamics,Call-to-action exposure,Exposure/Moderator/Mediator,TEMPORAL_NUMERIC,structured/validated measure where available,Time-varying,Consented digital trace / surveys / content corpus,DS065;DS023,DS025;DS026;DS028,MIXED_ACCESS;OPEN;PRIMARY_RESEARCH;PUBLIC_API_LIMITED;RESTRICTED_RESEARCH_API,LOWER_SENSITIVITY_OR_AGGREGATE,YES_IF_PRIMARY_PARTICIPANT_DATA,Exact field/instrument verified; definition versioned; time coverage confirmed; missingness quantified; construct validity assessed,Do not code unavailable as absent; preserve UNKNOWN/NOT_MEASURED; predefine imputation/sensitivity in SAP,Use approved pseudonymous keys in TRE where applicable; never use direct identifiers in analysis layer,source_id; dataset/version; field name; collection date; transformation; codebook citation; hash/query,Exposure is probabilistic and cannot determine individual identity/outcome,UNVERIFIED_FIELD_AVAILABILITY
PER-021,Persuasion / marketing / exposure dynamics,Narrative/testimonial exposure,Exposure/Moderator/Mediator,TEMPORAL_NUMERIC,structured/validated measure where available,Time-varying,Consented digital trace / surveys / content corpus,DS065;DS023,DS025;DS026;DS028,MIXED_ACCESS;OPEN;PRIMARY_RESEARCH;PUBLIC_API_LIMITED;RESTRICTED_RESEARCH_API,LOWER_SENSITIVITY_OR_AGGREGATE,YES_IF_PRIMARY_PARTICIPANT_DATA,Exact field/instrument verified; definition versioned; time coverage confirmed; missingness quantified; construct validity assessed,Do not code unavailable as absent; preserve UNKNOWN/NOT_MEASURED; predefine imputation/sensitivity in SAP,Use approved pseudonymous keys in TRE where applicable; never use direct identifiers in analysis layer,source_id; dataset/version; field name; collection date; transformation; codebook citation; hash/query,Exposure is probabilistic and cannot determine individual identity/outcome,UNVERIFIED_FIELD_AVAILABILITY
PER-022,Persuasion / marketing / exposure dynamics,Before-and-after transformation imagery exposure,Exposure/Moderator/Mediator,TEMPORAL_NUMERIC,structured/validated measure where available,Time-varying,Consented digital trace / surveys / content corpus,DS065;DS023,DS025;DS026;DS028,MIXED_ACCESS;OPEN;PRIMARY_RESEARCH;PUBLIC_API_LIMITED;RESTRICTED_RESEARCH_API,LOWER_SENSITIVITY_OR_AGGREGATE,YES_IF_PRIMARY_PARTICIPANT_DATA,Exact field/instrument verified; definition versioned; time coverage confirmed; missingness quantified; construct validity assessed,Do not code unavailable as absent; preserve UNKNOWN/NOT_MEASURED; predefine imputation/sensitivity in SAP,Use approved pseudonymous keys in TRE where applicable; never use direct identifiers in analysis layer,source_id; dataset/version; field name; collection date; transformation; codebook citation; hash/query,Exposure is probabilistic and cannot determine individual identity/outcome,UNVERIFIED_FIELD_AVAILABILITY
PER-023,Persuasion / marketing / exposure dynamics,Sponsored-content exposure,Exposure/Moderator/Mediator,TEMPORAL_NUMERIC,structured/validated measure where available,Time-varying,Consented digital trace / surveys / content corpus,DS065;DS023,DS025;DS026;DS028,MIXED_ACCESS;OPEN;PRIMARY_RESEARCH;PUBLIC_API_LIMITED;RESTRICTED_RESEARCH_API,LOWER_SENSITIVITY_OR_AGGREGATE,YES_IF_PRIMARY_PARTICIPANT_DATA,Exact field/instrument verified; definition versioned; time coverage confirmed; missingness quantified; construct validity assessed,Do not code unavailable as absent; preserve UNKNOWN/NOT_MEASURED; predefine imputation/sensitivity in SAP,Use approved pseudonymous keys in TRE where applicable; never use direct identifiers in analysis layer,source_id; dataset/version; field name; collection date; transformation; codebook citation; hash/query,Exposure is probabilistic and cannot determine individual identity/outcome,UNVERIFIED_FIELD_AVAILABILITY
PER-024,Persuasion / marketing / exposure dynamics,Commercial-provider marketing exposure,Exposure/Moderator/Mediator,TEMPORAL_NUMERIC,structured/validated measure where available,Time-varying,Consented digital trace / surveys / content corpus,DS065;DS023,DS025;DS026;DS028,MIXED_ACCESS;OPEN;PRIMARY_RESEARCH;PUBLIC_API_LIMITED;RESTRICTED_RESEARCH_API,LOWER_SENSITIVITY_OR_AGGREGATE,YES_IF_PRIMARY_PARTICIPANT_DATA,Exact field/instrument verified; definition versioned; time coverage confirmed; missingness quantified; construct validity assessed,Do not code unavailable as absent; preserve UNKNOWN/NOT_MEASURED; predefine imputation/sensitivity in SAP,Use approved pseudonymous keys in TRE where applicable; never use direct identifiers in analysis layer,source_id; dataset/version; field name; collection date; transformation; codebook citation; hash/query,Exposure is probabilistic and cannot determine individual identity/outcome,UNVERIFIED_FIELD_AVAILABILITY
PER-025,Persuasion / marketing / exposure dynamics,Advocacy-campaign exposure,Exposure/Moderator/Mediator,TEMPORAL_NUMERIC,structured/validated measure where available,Time-varying,Consented digital trace / surveys / content corpus,DS065;DS023,DS025;DS026;DS028,MIXED_ACCESS;OPEN;PRIMARY_RESEARCH;PUBLIC_API_LIMITED;RESTRICTED_RESEARCH_API,LOWER_SENSITIVITY_OR_AGGREGATE,YES_IF_PRIMARY_PARTICIPANT_DATA,Exact field/instrument verified; definition versioned; time coverage confirmed; missingness quantified; construct validity assessed,Do not code unavailable as absent; preserve UNKNOWN/NOT_MEASURED; predefine imputation/sensitivity in SAP,Use approved pseudonymous keys in TRE where applicable; never use direct identifiers in analysis layer,source_id; dataset/version; field name; collection date; transformation; codebook citation; hash/query,Exposure is probabilistic and cannot determine individual identity/outcome,UNVERIFIED_FIELD_AVAILABILITY
PER-026,Persuasion / marketing / exposure dynamics,Institutional branding/symbol exposure,Exposure/Moderator/Mediator,TEMPORAL_NUMERIC,structured/validated measure where available,Time-varying,Consented digital trace / surveys / content corpus,DS065;DS023,DS025;DS026;DS028,MIXED_ACCESS;OPEN;PRIMARY_RESEARCH;PUBLIC_API_LIMITED;RESTRICTED_RESEARCH_API,LOWER_SENSITIVITY_OR_AGGREGATE,YES_IF_PRIMARY_PARTICIPANT_DATA,Exact field/instrument verified; definition versioned; time coverage confirmed; missingness quantified; construct validity assessed,Do not code unavailable as absent; preserve UNKNOWN/NOT_MEASURED; predefine imputation/sensitivity in SAP,Use approved pseudonymous keys in TRE where applicable; never use direct identifiers in analysis layer,source_id; dataset/version; field name; collection date; transformation; codebook citation; hash/query,Exposure is probabilistic and cannot determine individual identity/outcome,UNVERIFIED_FIELD_AVAILABILITY
PER-027,Persuasion / marketing / exposure dynamics,School/education messaging exposure,Exposure/Moderator/Mediator,TEMPORAL_NUMERIC,structured/validated measure where available,Time-varying,Consented digital trace / surveys / content corpus,DS065;DS023,DS025;DS026;DS028,MIXED_ACCESS;OPEN;PRIMARY_RESEARCH;PUBLIC_API_LIMITED;RESTRICTED_RESEARCH_API,LOWER_SENSITIVITY_OR_AGGREGATE,YES_IF_PRIMARY_PARTICIPANT_DATA,Exact field/instrument verified; definition versioned; time coverage confirmed; missingness quantified; construct validity assessed,Do not code unavailable as absent; preserve UNKNOWN/NOT_MEASURED; predefine imputation/sensitivity in SAP,Use approved pseudonymous keys in TRE where applicable; never use direct identifiers in analysis layer,source_id; dataset/version; field name; collection date; transformation; codebook citation; hash/query,Exposure is probabilistic and cannot determine individual identity/outcome,UNVERIFIED_FIELD_AVAILABILITY
PER-028,Persuasion / marketing / exposure dynamics,Countervailing/critical information exposure,Exposure/Moderator/Mediator,TEMPORAL_NUMERIC,structured/validated measure where available,Time-varying,Consented digital trace / surveys / content corpus,DS065;DS023,DS025;DS026;DS028,MIXED_ACCESS;OPEN;PRIMARY_RESEARCH;PUBLIC_API_LIMITED;RESTRICTED_RESEARCH_API,LOWER_SENSITIVITY_OR_AGGREGATE,YES_IF_PRIMARY_PARTICIPANT_DATA,Exact field/instrument verified; definition versioned; time coverage confirmed; missingness quantified; construct validity assessed,Do not code unavailable as absent; preserve UNKNOWN/NOT_MEASURED; predefine imputation/sensitivity in SAP,Use approved pseudonymous keys in TRE where applicable; never use direct identifiers in analysis layer,source_id; dataset/version; field name; collection date; transformation; codebook citation; hash/query,Exposure is probabilistic and cannot determine individual identity/outcome,UNVERIFIED_FIELD_AVAILABILITY
PER-029,Persuasion / marketing / exposure dynamics,Viewpoint diversity of information environment,Exposure/Moderator/Mediator,TEMPORAL_NUMERIC,structured/validated measure where available,Time-varying,Consented digital trace / surveys / content corpus,DS065;DS023,DS025;DS026;DS028,MIXED_ACCESS;OPEN;PRIMARY_RESEARCH;PUBLIC_API_LIMITED;RESTRICTED_RESEARCH_API,LOWER_SENSITIVITY_OR_AGGREGATE,YES_IF_PRIMARY_PARTICIPANT_DATA,Exact field/instrument verified; definition versioned; time coverage confirmed; missingness quantified; construct validity assessed,Do not code unavailable as absent; preserve UNKNOWN/NOT_MEASURED; predefine imputation/sensitivity in SAP,Use approved pseudonymous keys in TRE where applicable; never use direct identifiers in analysis layer,source_id; dataset/version; field name; collection date; transformation; codebook citation; hash/query,Exposure is probabilistic and cannot determine individual identity/outcome,UNVERIFIED_FIELD_AVAILABILITY
PER-030,Persuasion / marketing / exposure dynamics,Algorithmic recommendation intensity,Exposure/Moderator/Mediator,TEMPORAL_NUMERIC,structured/validated measure where available,Time-varying,Consented digital trace / surveys / content corpus,DS065;DS023,DS025;DS026;DS028,MIXED_ACCESS;OPEN;PRIMARY_RESEARCH;PUBLIC_API_LIMITED;RESTRICTED_RESEARCH_API,LOWER_SENSITIVITY_OR_AGGREGATE,YES_IF_PRIMARY_PARTICIPANT_DATA,Exact field/instrument verified; definition versioned; time coverage confirmed; missingness quantified; construct validity assessed,Do not code unavailable as absent; preserve UNKNOWN/NOT_MEASURED; predefine imputation/sensitivity in SAP,Use approved pseudonymous keys in TRE where applicable; never use direct identifiers in analysis layer,source_id; dataset/version; field name; collection date; transformation; codebook citation; hash/query,Exposure is probabilistic and cannot determine individual identity/outcome,UNVERIFIED_FIELD_AVAILABILITY
PER-031,Persuasion / marketing / exposure dynamics,Algorithmic rabbit-hole/concentration index,Exposure/Moderator/Mediator,TEMPORAL_NUMERIC,structured/validated measure where available,Time-varying,Consented digital trace / surveys / content corpus,DS065;DS023,DS025;DS026;DS028,MIXED_ACCESS;OPEN;PRIMARY_RESEARCH;PUBLIC_API_LIMITED;RESTRICTED_RESEARCH_API,LOWER_SENSITIVITY_OR_AGGREGATE,YES_IF_PRIMARY_PARTICIPANT_DATA,Exact field/instrument verified; definition versioned; time coverage confirmed; missingness quantified; construct validity assessed,Do not code unavailable as absent; preserve UNKNOWN/NOT_MEASURED; predefine imputation/sensitivity in SAP,Use approved pseudonymous keys in TRE where applicable; never use direct identifiers in analysis layer,source_id; dataset/version; field name; collection date; transformation; codebook citation; hash/query,Exposure is probabilistic and cannot determine individual identity/outcome,UNVERIFIED_FIELD_AVAILABILITY
PER-032,Persuasion / marketing / exposure dynamics,Search-initiated versus algorithm-initiated exposure,Exposure/Moderator/Mediator,TEMPORAL_NUMERIC,structured/validated measure where available,Time-varying,Consented digital trace / surveys / content corpus,DS065;DS023,DS025;DS026;DS028,MIXED_ACCESS;OPEN;PRIMARY_RESEARCH;PUBLIC_API_LIMITED;RESTRICTED_RESEARCH_API,LOWER_SENSITIVITY_OR_AGGREGATE,YES_IF_PRIMARY_PARTICIPANT_DATA,Exact field/instrument verified; definition versioned; time coverage confirmed; missingness quantified; construct validity assessed,Do not code unavailable as absent; preserve UNKNOWN/NOT_MEASURED; predefine imputation/sensitivity in SAP,Use approved pseudonymous keys in TRE where applicable; never use direct identifiers in analysis layer,source_id; dataset/version; field name; collection date; transformation; codebook citation; hash/query,Exposure is probabilistic and cannot determine individual identity/outcome,UNVERIFIED_FIELD_AVAILABILITY
PER-033,Persuasion / marketing / exposure dynamics,Network homophily index,Exposure/Moderator/Mediator,TEMPORAL_NUMERIC,structured/validated measure where available,Time-varying,Consented digital trace / surveys / content corpus,DS065;DS023,DS025;DS026;DS028,MIXED_ACCESS;OPEN;PRIMARY_RESEARCH;PUBLIC_API_LIMITED;RESTRICTED_RESEARCH_API,LOWER_SENSITIVITY_OR_AGGREGATE,YES_IF_PRIMARY_PARTICIPANT_DATA,Exact field/instrument verified; definition versioned; time coverage confirmed; missingness quantified; construct validity assessed,Do not code unavailable as absent; preserve UNKNOWN/NOT_MEASURED; predefine imputation/sensitivity in SAP,Use approved pseudonymous keys in TRE where applicable; never use direct identifiers in analysis layer,source_id; dataset/version; field name; collection date; transformation; codebook citation; hash/query,Exposure is probabilistic and cannot determine individual identity/outcome,UNVERIFIED_FIELD_AVAILABILITY
PER-034,Persuasion / marketing / exposure dynamics,Network contagion candidate metric,Exposure/Moderator/Mediator,TEMPORAL_NUMERIC,structured/validated measure where available,Time-varying,Consented digital trace / surveys / content corpus,DS065;DS023,DS025;DS026;DS028,MIXED_ACCESS;OPEN;PRIMARY_RESEARCH;PUBLIC_API_LIMITED;RESTRICTED_RESEARCH_API,LOWER_SENSITIVITY_OR_AGGREGATE,YES_IF_PRIMARY_PARTICIPANT_DATA,Exact field/instrument verified; definition versioned; time coverage confirmed; missingness quantified; construct validity assessed,Do not code unavailable as absent; preserve UNKNOWN/NOT_MEASURED; predefine imputation/sensitivity in SAP,Use approved pseudonymous keys in TRE where applicable; never use direct identifiers in analysis layer,source_id; dataset/version; field name; collection date; transformation; codebook citation; hash/query,Exposure is probabilistic and cannot determine individual identity/outcome,UNVERIFIED_FIELD_AVAILABILITY
PER-035,Persuasion / marketing / exposure dynamics,Persuasion-knowledge/media-literacy score,Exposure/Moderator/Mediator,TEMPORAL_NUMERIC,structured/validated measure where available,Time-varying,Consented digital trace / surveys / content corpus,DS065;DS023,DS025;DS026;DS028,MIXED_ACCESS;OPEN;PRIMARY_RESEARCH;PUBLIC_API_LIMITED;RESTRICTED_RESEARCH_API,LOWER_SENSITIVITY_OR_AGGREGATE,YES_IF_PRIMARY_PARTICIPANT_DATA,Exact field/instrument verified; definition versioned; time coverage confirmed; missingness quantified; construct validity assessed,Do not code unavailable as absent; preserve UNKNOWN/NOT_MEASURED; predefine imputation/sensitivity in SAP,Use approved pseudonymous keys in TRE where applicable; never use direct identifiers in analysis layer,source_id; dataset/version; field name; collection date; transformation; codebook citation; hash/query,Exposure is probabilistic and cannot determine individual identity/outcome,UNVERIFIED_FIELD_AVAILABILITY
PER-036,Persuasion / marketing / exposure dynamics,Baseline susceptibility to social influence,Exposure/Moderator/Mediator,TEMPORAL_NUMERIC,structured/validated measure where available,Time-varying,Consented digital trace / surveys / content corpus,DS065;DS023,DS025;DS026;DS028,MIXED_ACCESS;OPEN;PRIMARY_RESEARCH;PUBLIC_API_LIMITED;RESTRICTED_RESEARCH_API,LOWER_SENSITIVITY_OR_AGGREGATE,YES_IF_PRIMARY_PARTICIPANT_DATA,Exact field/instrument verified; definition versioned; time coverage confirmed; missingness quantified; construct validity assessed,Do not code unavailable as absent; preserve UNKNOWN/NOT_MEASURED; predefine imputation/sensitivity in SAP,Use approved pseudonymous keys in TRE where applicable; never use direct identifiers in analysis layer,source_id; dataset/version; field name; collection date; transformation; codebook citation; hash/query,Exposure is probabilistic and cannot determine individual identity/outcome,UNVERIFIED_FIELD_AVAILABILITY
PER-037,Persuasion / marketing / exposure dynamics,Need for social approval,Exposure/Moderator/Mediator,TEMPORAL_NUMERIC,structured/validated measure where available,Time-varying,Consented digital trace / surveys / content corpus,DS065;DS023,DS025;DS026;DS028,MIXED_ACCESS;OPEN;PRIMARY_RESEARCH;PUBLIC_API_LIMITED;RESTRICTED_RESEARCH_API,LOWER_SENSITIVITY_OR_AGGREGATE,YES_IF_PRIMARY_PARTICIPANT_DATA,Exact field/instrument verified; definition versioned; time coverage confirmed; missingness quantified; construct validity assessed,Do not code unavailable as absent; preserve UNKNOWN/NOT_MEASURED; predefine imputation/sensitivity in SAP,Use approved pseudonymous keys in TRE where applicable; never use direct identifiers in analysis layer,source_id; dataset/version; field name; collection date; transformation; codebook citation; hash/query,Exposure is probabilistic and cannot determine individual identity/outcome,UNVERIFIED_FIELD_AVAILABILITY
PER-038,Persuasion / marketing / exposure dynamics,Conformity orientation,Exposure/Moderator/Mediator,TEMPORAL_NUMERIC,structured/validated measure where available,Time-varying,Consented digital trace / surveys / content corpus,DS065;DS023,DS025;DS026;DS028,MIXED_ACCESS;OPEN;PRIMARY_RESEARCH;PUBLIC_API_LIMITED;RESTRICTED_RESEARCH_API,LOWER_SENSITIVITY_OR_AGGREGATE,YES_IF_PRIMARY_PARTICIPANT_DATA,Exact field/instrument verified; definition versioned; time coverage confirmed; missingness quantified; construct validity assessed,Do not code unavailable as absent; preserve UNKNOWN/NOT_MEASURED; predefine imputation/sensitivity in SAP,Use approved pseudonymous keys in TRE where applicable; never use direct identifiers in analysis layer,source_id; dataset/version; field name; collection date; transformation; codebook citation; hash/query,Exposure is probabilistic and cannot determine individual identity/outcome,UNVERIFIED_FIELD_AVAILABILITY
PER-039,Persuasion / marketing / exposure dynamics,Psychological reactance,Exposure/Moderator/Mediator,TEMPORAL_NUMERIC,structured/validated measure where available,Time-varying,Consented digital trace / surveys / content corpus,DS065;DS023,DS025;DS026;DS028,MIXED_ACCESS;OPEN;PRIMARY_RESEARCH;PUBLIC_API_LIMITED;RESTRICTED_RESEARCH_API,LOWER_SENSITIVITY_OR_AGGREGATE,YES_IF_PRIMARY_PARTICIPANT_DATA,Exact field/instrument verified; definition versioned; time coverage confirmed; missingness quantified; construct validity assessed,Do not code unavailable as absent; preserve UNKNOWN/NOT_MEASURED; predefine imputation/sensitivity in SAP,Use approved pseudonymous keys in TRE where applicable; never use direct identifiers in analysis layer,source_id; dataset/version; field name; collection date; transformation; codebook citation; hash/query,Exposure is probabilistic and cannot determine individual identity/outcome,UNVERIFIED_FIELD_AVAILABILITY
PER-040,Persuasion / marketing / exposure dynamics,Source trust before exposure,Exposure/Moderator/Mediator,TEMPORAL_NUMERIC,structured/validated measure where available,Time-varying,Consented digital trace / surveys / content corpus,DS065;DS023,DS025;DS026;DS028,MIXED_ACCESS;OPEN;PRIMARY_RESEARCH;PUBLIC_API_LIMITED;RESTRICTED_RESEARCH_API,LOWER_SENSITIVITY_OR_AGGREGATE,YES_IF_PRIMARY_PARTICIPANT_DATA,Exact field/instrument verified; definition versioned; time coverage confirmed; missingness quantified; construct validity assessed,Do not code unavailable as absent; preserve UNKNOWN/NOT_MEASURED; predefine imputation/sensitivity in SAP,Use approved pseudonymous keys in TRE where applicable; never use direct identifiers in analysis layer,source_id; dataset/version; field name; collection date; transformation; codebook citation; hash/query,Exposure is probabilistic and cannot determine individual identity/outcome,UNVERIFIED_FIELD_AVAILABILITY
PER-041,Persuasion / marketing / exposure dynamics,Source trust after exposure,Exposure/Moderator/Mediator,TEMPORAL_NUMERIC,structured/validated measure where available,Time-varying,Consented digital trace / surveys / content corpus,DS065;DS023,DS025;DS026;DS028,MIXED_ACCESS;OPEN;PRIMARY_RESEARCH;PUBLIC_API_LIMITED;RESTRICTED_RESEARCH_API,LOWER_SENSITIVITY_OR_AGGREGATE,YES_IF_PRIMARY_PARTICIPANT_DATA,Exact field/instrument verified; definition versioned; time coverage confirmed; missingness quantified; construct validity assessed,Do not code unavailable as absent; preserve UNKNOWN/NOT_MEASURED; predefine imputation/sensitivity in SAP,Use approved pseudonymous keys in TRE where applicable; never use direct identifiers in analysis layer,source_id; dataset/version; field name; collection date; transformation; codebook citation; hash/query,Exposure is probabilistic and cannot determine individual identity/outcome,UNVERIFIED_FIELD_AVAILABILITY
PER-042,Persuasion / marketing / exposure dynamics,Recall of key messages,Exposure/Moderator/Mediator,TEMPORAL_NUMERIC,structured/validated measure where available,Time-varying,Consented digital trace / surveys / content corpus,DS065;DS023,DS025;DS026;DS028,MIXED_ACCESS;OPEN;PRIMARY_RESEARCH;PUBLIC_API_LIMITED;RESTRICTED_RESEARCH_API,LOWER_SENSITIVITY_OR_AGGREGATE,YES_IF_PRIMARY_PARTICIPANT_DATA,Exact field/instrument verified; definition versioned; time coverage confirmed; missingness quantified; construct validity assessed,Do not code unavailable as absent; preserve UNKNOWN/NOT_MEASURED; predefine imputation/sensitivity in SAP,Use approved pseudonymous keys in TRE where applicable; never use direct identifiers in analysis layer,source_id; dataset/version; field name; collection date; transformation; codebook citation; hash/query,Exposure is probabilistic and cannot determine individual identity/outcome,UNVERIFIED_FIELD_AVAILABILITY
PER-043,Persuasion / marketing / exposure dynamics,Belief-change after exposure,Exposure/Moderator/Mediator,TEMPORAL_NUMERIC,structured/validated measure where available,Time-varying,Consented digital trace / surveys / content corpus,DS065;DS023,DS025;DS026;DS028,MIXED_ACCESS;OPEN;PRIMARY_RESEARCH;PUBLIC_API_LIMITED;RESTRICTED_RESEARCH_API,LOWER_SENSITIVITY_OR_AGGREGATE,YES_IF_PRIMARY_PARTICIPANT_DATA,Exact field/instrument verified; definition versioned; time coverage confirmed; missingness quantified; construct validity assessed,Do not code unavailable as absent; preserve UNKNOWN/NOT_MEASURED; predefine imputation/sensitivity in SAP,Use approved pseudonymous keys in TRE where applicable; never use direct identifiers in analysis layer,source_id; dataset/version; field name; collection date; transformation; codebook citation; hash/query,Exposure is probabilistic and cannot determine individual identity/outcome,UNVERIFIED_FIELD_AVAILABILITY
PER-044,Persuasion / marketing / exposure dynamics,Behavioural intention after exposure,Exposure/Moderator/Mediator,TEMPORAL_NUMERIC,structured/validated measure where available,Time-varying,Consented digital trace / surveys / content corpus,DS065;DS023,DS025;DS026;DS028,MIXED_ACCESS;OPEN;PRIMARY_RESEARCH;PUBLIC_API_LIMITED;RESTRICTED_RESEARCH_API,LOWER_SENSITIVITY_OR_AGGREGATE,YES_IF_PRIMARY_PARTICIPANT_DATA,Exact field/instrument verified; definition versioned; time coverage confirmed; missingness quantified; construct validity assessed,Do not code unavailable as absent; preserve UNKNOWN/NOT_MEASURED; predefine imputation/sensitivity in SAP,Use approved pseudonymous keys in TRE where applicable; never use direct identifiers in analysis layer,source_id; dataset/version; field name; collection date; transformation; codebook citation; hash/query,Exposure is probabilistic and cannot determine individual identity/outcome,UNVERIFIED_FIELD_AVAILABILITY
PER-045,Persuasion / marketing / exposure dynamics,Actual help-seeking after exposure,Exposure/Moderator/Mediator,TEMPORAL_NUMERIC,structured/validated measure where available,Time-varying,Consented digital trace / surveys / content corpus,DS065;DS023,DS025;DS026;DS028,MIXED_ACCESS;OPEN;PRIMARY_RESEARCH;PUBLIC_API_LIMITED;RESTRICTED_RESEARCH_API,LOWER_SENSITIVITY_OR_AGGREGATE,YES_IF_PRIMARY_PARTICIPANT_DATA,Exact field/instrument verified; definition versioned; time coverage confirmed; missingness quantified; construct validity assessed,Do not code unavailable as absent; preserve UNKNOWN/NOT_MEASURED; predefine imputation/sensitivity in SAP,Use approved pseudonymous keys in TRE where applicable; never use direct identifiers in analysis layer,source_id; dataset/version; field name; collection date; transformation; codebook citation; hash/query,Exposure is probabilistic and cannot determine individual identity/outcome,UNVERIFIED_FIELD_AVAILABILITY
PER-046,Persuasion / marketing / exposure dynamics,Exposure-to-help-seeking lag,Exposure/Moderator/Mediator,TEMPORAL_NUMERIC,structured/validated measure where available,Time-varying,Consented digital trace / surveys / content corpus,DS065;DS023,DS025;DS026;DS028,MIXED_ACCESS;OPEN;PRIMARY_RESEARCH;PUBLIC_API_LIMITED;RESTRICTED_RESEARCH_API,LOWER_SENSITIVITY_OR_AGGREGATE,YES_IF_PRIMARY_PARTICIPANT_DATA,Exact field/instrument verified; definition versioned; time coverage confirmed; missingness quantified; construct validity assessed,Do not code unavailable as absent; preserve UNKNOWN/NOT_MEASURED; predefine imputation/sensitivity in SAP,Use approved pseudonymous keys in TRE where applicable; never use direct identifiers in analysis layer,source_id; dataset/version; field name; collection date; transformation; codebook citation; hash/query,Exposure is probabilistic and cannot determine individual identity/outcome,UNVERIFIED_FIELD_AVAILABILITY
PER-047,Persuasion / marketing / exposure dynamics,Exposure-to-label-adoption lag,Exposure/Moderator/Mediator,TEMPORAL_NUMERIC,structured/validated measure where available,Time-varying,Consented digital trace / surveys / content corpus,DS065;DS023,DS025;DS026;DS028,MIXED_ACCESS;OPEN;PRIMARY_RESEARCH;PUBLIC_API_LIMITED;RESTRICTED_RESEARCH_API,LOWER_SENSITIVITY_OR_AGGREGATE,YES_IF_PRIMARY_PARTICIPANT_DATA,Exact field/instrument verified; definition versioned; time coverage confirmed; missingness quantified; construct validity assessed,Do not code unavailable as absent; preserve UNKNOWN/NOT_MEASURED; predefine imputation/sensitivity in SAP,Use approved pseudonymous keys in TRE where applicable; never use direct identifiers in analysis layer,source_id; dataset/version; field name; collection date; transformation; codebook citation; hash/query,Exposure is probabilistic and cannot determine individual identity/outcome,UNVERIFIED_FIELD_AVAILABILITY
PER-048,Persuasion / marketing / exposure dynamics,Marketing/persuasion effect estimate with causal-grade metadata,Exposure/Moderator/Mediator,TEMPORAL_NUMERIC,structured/validated measure where available,Time-varying,Consented digital trace / surveys / content corpus,DS065;DS023,DS025;DS026;DS028,MIXED_ACCESS;OPEN;PRIMARY_RESEARCH;PUBLIC_API_LIMITED;RESTRICTED_RESEARCH_API,LOWER_SENSITIVITY_OR_AGGREGATE,YES_IF_PRIMARY_PARTICIPANT_DATA,Exact field/instrument verified; definition versioned; time coverage confirmed; missingness quantified; construct validity assessed,Do not code unavailable as absent; preserve UNKNOWN/NOT_MEASURED; predefine imputation/sensitivity in SAP,Use approved pseudonymous keys in TRE where applicable; never use direct identifiers in analysis layer,source_id; dataset/version; field name; collection date; transformation; codebook citation; hash/query,Exposure is probabilistic and cannot determine individual identity/outcome,UNVERIFIED_FIELD_AVAILABILITY
HIST-001,Historical psychiatric / policy corpus,DSM edition/version in force,Contextual exposure/Instrument/Moderator,TEMPORAL_NUMERIC,structured/validated measure where available,Historical time series,DSM/ICD/NHS/policy/professional/public corpus,DS029;DS049;DS050;DS051,DS046;DS052;DS060,ARCHIVE_MIXED;LICENSED_ARCHIVE;LICENSED_CORPUS;MIXED_ACCESS;OPEN_ARCHIVE;OPEN_CORPUS,PUBLIC_OR_INSTITUTIONAL,NO_IF_VALID_SECONDARY_LEGAL_GATEWAY,Exact field/instrument verified; definition versioned; time coverage confirmed; missingness quantified; construct validity assessed,Do not code unavailable as absent; preserve UNKNOWN/NOT_MEASURED; predefine imputation/sensitivity in SAP,Use approved pseudonymous keys in TRE where applicable; never use direct identifiers in analysis layer,source_id; dataset/version; field name; collection date; transformation; codebook citation; hash/query,Semantic or policy change does not by itself prove patient-level causal effect,UNVERIFIED_FIELD_AVAILABILITY
HIST-002,Historical psychiatric / policy corpus,ICD edition/version in force,Contextual exposure/Instrument/Moderator,TEMPORAL_NUMERIC,structured/validated measure where available,Historical time series,DSM/ICD/NHS/policy/professional/public corpus,DS029;DS049;DS050;DS051,DS046;DS052;DS060,ARCHIVE_MIXED;LICENSED_ARCHIVE;LICENSED_CORPUS;MIXED_ACCESS;OPEN_ARCHIVE;OPEN_CORPUS,PUBLIC_OR_INSTITUTIONAL,NO_IF_VALID_SECONDARY_LEGAL_GATEWAY,Exact field/instrument verified; definition versioned; time coverage confirmed; missingness quantified; construct validity assessed,Do not code unavailable as absent; preserve UNKNOWN/NOT_MEASURED; predefine imputation/sensitivity in SAP,Use approved pseudonymous keys in TRE where applicable; never use direct identifiers in analysis layer,source_id; dataset/version; field name; collection date; transformation; codebook citation; hash/query,Semantic or policy change does not by itself prove patient-level causal effect,UNVERIFIED_FIELD_AVAILABILITY
HIST-003,Historical psychiatric / policy corpus,Historical diagnostic label in force,Contextual exposure/Instrument/Moderator,TEMPORAL_NUMERIC,structured/validated measure where available,Historical time series,DSM/ICD/NHS/policy/professional/public corpus,DS029;DS049;DS050;DS051,DS046;DS052;DS060,ARCHIVE_MIXED;LICENSED_ARCHIVE;LICENSED_CORPUS;MIXED_ACCESS;OPEN_ARCHIVE;OPEN_CORPUS,PUBLIC_OR_INSTITUTIONAL,NO_IF_VALID_SECONDARY_LEGAL_GATEWAY,Exact field/instrument verified; definition versioned; time coverage confirmed; missingness quantified; construct validity assessed,Do not code unavailable as absent; preserve UNKNOWN/NOT_MEASURED; predefine imputation/sensitivity in SAP,Use approved pseudonymous keys in TRE where applicable; never use direct identifiers in analysis layer,source_id; dataset/version; field name; collection date; transformation; codebook citation; hash/query,Semantic or policy change does not by itself prove patient-level causal effect,UNVERIFIED_FIELD_AVAILABILITY
HIST-004,Historical psychiatric / policy corpus,Diagnostic inclusion criteria text,Contextual exposure/Instrument/Moderator,TEMPORAL_NUMERIC,structured/validated measure where available,Historical time series,DSM/ICD/NHS/policy/professional/public corpus,DS029;DS049;DS050;DS051,DS046;DS052;DS060,ARCHIVE_MIXED;LICENSED_ARCHIVE;LICENSED_CORPUS;MIXED_ACCESS;OPEN_ARCHIVE;OPEN_CORPUS,PUBLIC_OR_INSTITUTIONAL,NO_IF_VALID_SECONDARY_LEGAL_GATEWAY,Exact field/instrument verified; definition versioned; time coverage confirmed; missingness quantified; construct validity assessed,Do not code unavailable as absent; preserve UNKNOWN/NOT_MEASURED; predefine imputation/sensitivity in SAP,Use approved pseudonymous keys in TRE where applicable; never use direct identifiers in analysis layer,source_id; dataset/version; field name; collection date; transformation; codebook citation; hash/query,Semantic or policy change does not by itself prove patient-level causal effect,UNVERIFIED_FIELD_AVAILABILITY
HIST-005,Historical psychiatric / policy corpus,Diagnostic exclusion criteria text,Contextual exposure/Instrument/Moderator,TEMPORAL_NUMERIC,structured/validated measure where available,Historical time series,DSM/ICD/NHS/policy/professional/public corpus,DS029;DS049;DS050;DS051,DS046;DS052;DS060,ARCHIVE_MIXED;LICENSED_ARCHIVE;LICENSED_CORPUS;MIXED_ACCESS;OPEN_ARCHIVE;OPEN_CORPUS,PUBLIC_OR_INSTITUTIONAL,NO_IF_VALID_SECONDARY_LEGAL_GATEWAY,Exact field/instrument verified; definition versioned; time coverage confirmed; missingness quantified; construct validity assessed,Do not code unavailable as absent; preserve UNKNOWN/NOT_MEASURED; predefine imputation/sensitivity in SAP,Use approved pseudonymous keys in TRE where applicable; never use direct identifiers in analysis layer,source_id; dataset/version; field name; collection date; transformation; codebook citation; hash/query,Semantic or policy change does not by itself prove patient-level causal effect,UNVERIFIED_FIELD_AVAILABILITY
HIST-006,Historical psychiatric / policy corpus,Distress/impairment requirement over time,Contextual exposure/Instrument/Moderator,TEMPORAL_NUMERIC,structured/validated measure where available,Historical time series,DSM/ICD/NHS/policy/professional/public corpus,DS029;DS049;DS050;DS051,DS046;DS052;DS060,ARCHIVE_MIXED;LICENSED_ARCHIVE;LICENSED_CORPUS;MIXED_ACCESS;OPEN_ARCHIVE;OPEN_CORPUS,PUBLIC_OR_INSTITUTIONAL,NO_IF_VALID_SECONDARY_LEGAL_GATEWAY,Exact field/instrument verified; definition versioned; time coverage confirmed; missingness quantified; construct validity assessed,Do not code unavailable as absent; preserve UNKNOWN/NOT_MEASURED; predefine imputation/sensitivity in SAP,Use approved pseudonymous keys in TRE where applicable; never use direct identifiers in analysis layer,source_id; dataset/version; field name; collection date; transformation; codebook citation; hash/query,Semantic or policy change does not by itself prove patient-level causal effect,UNVERIFIED_FIELD_AVAILABILITY
HIST-007,Historical psychiatric / policy corpus,Minimum duration requirement over time,Contextual exposure/Instrument/Moderator,TEMPORAL_NUMERIC,structured/validated measure where available,Historical time series,DSM/ICD/NHS/policy/professional/public corpus,DS029;DS049;DS050;DS051,DS046;DS052;DS060,ARCHIVE_MIXED;LICENSED_ARCHIVE;LICENSED_CORPUS;MIXED_ACCESS;OPEN_ARCHIVE;OPEN_CORPUS,PUBLIC_OR_INSTITUTIONAL,NO_IF_VALID_SECONDARY_LEGAL_GATEWAY,Exact field/instrument verified; definition versioned; time coverage confirmed; missingness quantified; construct validity assessed,Do not code unavailable as absent; preserve UNKNOWN/NOT_MEASURED; predefine imputation/sensitivity in SAP,Use approved pseudonymous keys in TRE where applicable; never use direct identifiers in analysis layer,source_id; dataset/version; field name; collection date; transformation; codebook citation; hash/query,Semantic or policy change does not by itself prove patient-level causal effect,UNVERIFIED_FIELD_AVAILABILITY
HIST-008,Historical psychiatric / policy corpus,Age/developmental criteria over time,Contextual exposure/Instrument/Moderator,TEMPORAL_NUMERIC,structured/validated measure where available,Historical time series,DSM/ICD/NHS/policy/professional/public corpus,DS029;DS049;DS050;DS051,DS046;DS052;DS060,ARCHIVE_MIXED;LICENSED_ARCHIVE;LICENSED_CORPUS;MIXED_ACCESS;OPEN_ARCHIVE;OPEN_CORPUS,PUBLIC_OR_INSTITUTIONAL,NO_IF_VALID_SECONDARY_LEGAL_GATEWAY,Exact field/instrument verified; definition versioned; time coverage confirmed; missingness quantified; construct validity assessed,Do not code unavailable as absent; preserve UNKNOWN/NOT_MEASURED; predefine imputation/sensitivity in SAP,Use approved pseudonymous keys in TRE where applicable; never use direct identifiers in analysis layer,source_id; dataset/version; field name; collection date; transformation; codebook citation; hash/query,Semantic or policy change does not by itself prove patient-level causal effect,UNVERIFIED_FIELD_AVAILABILITY
HIST-009,Historical psychiatric / policy corpus,Pathologisation/depathologisation language score,Contextual exposure/Instrument/Moderator,TEMPORAL_NUMERIC,structured/validated measure where available,Historical time series,DSM/ICD/NHS/policy/professional/public corpus,DS029;DS049;DS050;DS051,DS046;DS052;DS060,ARCHIVE_MIXED;LICENSED_ARCHIVE;LICENSED_CORPUS;MIXED_ACCESS;OPEN_ARCHIVE;OPEN_CORPUS,PUBLIC_OR_INSTITUTIONAL,NO_IF_VALID_SECONDARY_LEGAL_GATEWAY,Exact field/instrument verified; definition versioned; time coverage confirmed; missingness quantified; construct validity assessed,Do not code unavailable as absent; preserve UNKNOWN/NOT_MEASURED; predefine imputation/sensitivity in SAP,Use approved pseudonymous keys in TRE where applicable; never use direct identifiers in analysis layer,source_id; dataset/version; field name; collection date; transformation; codebook citation; hash/query,Semantic or policy change does not by itself prove patient-level causal effect,UNVERIFIED_FIELD_AVAILABILITY
HIST-010,Historical psychiatric / policy corpus,Aetiological language score,Contextual exposure/Instrument/Moderator,TEMPORAL_NUMERIC,structured/validated measure where available,Historical time series,DSM/ICD/NHS/policy/professional/public corpus,DS029;DS049;DS050;DS051,DS046;DS052;DS060,ARCHIVE_MIXED;LICENSED_ARCHIVE;LICENSED_CORPUS;MIXED_ACCESS;OPEN_ARCHIVE;OPEN_CORPUS,PUBLIC_OR_INSTITUTIONAL,NO_IF_VALID_SECONDARY_LEGAL_GATEWAY,Exact field/instrument verified; definition versioned; time coverage confirmed; missingness quantified; construct validity assessed,Do not code unavailable as absent; preserve UNKNOWN/NOT_MEASURED; predefine imputation/sensitivity in SAP,Use approved pseudonymous keys in TRE where applicable; never use direct identifiers in analysis layer,source_id; dataset/version; field name; collection date; transformation; codebook citation; hash/query,Semantic or policy change does not by itself prove patient-level causal effect,UNVERIFIED_FIELD_AVAILABILITY
HIST-011,Historical psychiatric / policy corpus,Biological explanation prevalence in corpus,Contextual exposure/Instrument/Moderator,TEMPORAL_NUMERIC,structured/validated measure where available,Historical time series,DSM/ICD/NHS/policy/professional/public corpus,DS029;DS049;DS050;DS051,DS046;DS052;DS060,ARCHIVE_MIXED;LICENSED_ARCHIVE;LICENSED_CORPUS;MIXED_ACCESS;OPEN_ARCHIVE;OPEN_CORPUS,PUBLIC_OR_INSTITUTIONAL,NO_IF_VALID_SECONDARY_LEGAL_GATEWAY,Exact field/instrument verified; definition versioned; time coverage confirmed; missingness quantified; construct validity assessed,Do not code unavailable as absent; preserve UNKNOWN/NOT_MEASURED; predefine imputation/sensitivity in SAP,Use approved pseudonymous keys in TRE where applicable; never use direct identifiers in analysis layer,source_id; dataset/version; field name; collection date; transformation; codebook citation; hash/query,Semantic or policy change does not by itself prove patient-level causal effect,UNVERIFIED_FIELD_AVAILABILITY
HIST-012,Historical psychiatric / policy corpus,Psychosocial explanation prevalence in corpus,Contextual exposure/Instrument/Moderator,TEMPORAL_NUMERIC,structured/validated measure where available,Historical time series,DSM/ICD/NHS/policy/professional/public corpus,DS029;DS049;DS050;DS051,DS046;DS052;DS060,ARCHIVE_MIXED;LICENSED_ARCHIVE;LICENSED_CORPUS;MIXED_ACCESS;OPEN_ARCHIVE;OPEN_CORPUS,PUBLIC_OR_INSTITUTIONAL,NO_IF_VALID_SECONDARY_LEGAL_GATEWAY,Exact field/instrument verified; definition versioned; time coverage confirmed; missingness quantified; construct validity assessed,Do not code unavailable as absent; preserve UNKNOWN/NOT_MEASURED; predefine imputation/sensitivity in SAP,Use approved pseudonymous keys in TRE where applicable; never use direct identifiers in analysis layer,source_id; dataset/version; field name; collection date; transformation; codebook citation; hash/query,Semantic or policy change does not by itself prove patient-level causal effect,UNVERIFIED_FIELD_AVAILABILITY
HIST-013,Historical psychiatric / policy corpus,Social-influence explanation prevalence in corpus,Contextual exposure/Instrument/Moderator,TEMPORAL_NUMERIC,structured/validated measure where available,Historical time series,DSM/ICD/NHS/policy/professional/public corpus,DS029;DS049;DS050;DS051,DS046;DS052;DS060,ARCHIVE_MIXED;LICENSED_ARCHIVE;LICENSED_CORPUS;MIXED_ACCESS;OPEN_ARCHIVE;OPEN_CORPUS,PUBLIC_OR_INSTITUTIONAL,NO_IF_VALID_SECONDARY_LEGAL_GATEWAY,Exact field/instrument verified; definition versioned; time coverage confirmed; missingness quantified; construct validity assessed,Do not code unavailable as absent; preserve UNKNOWN/NOT_MEASURED; predefine imputation/sensitivity in SAP,Use approved pseudonymous keys in TRE where applicable; never use direct identifiers in analysis layer,source_id; dataset/version; field name; collection date; transformation; codebook citation; hash/query,Semantic or policy change does not by itself prove patient-level causal effect,UNVERIFIED_FIELD_AVAILABILITY
HIST-014,Historical psychiatric / policy corpus,Minority-stress explanation prevalence in corpus,Contextual exposure/Instrument/Moderator,TEMPORAL_NUMERIC,structured/validated measure where available,Historical time series,DSM/ICD/NHS/policy/professional/public corpus,DS029;DS049;DS050;DS051,DS046;DS052;DS060,ARCHIVE_MIXED;LICENSED_ARCHIVE;LICENSED_CORPUS;MIXED_ACCESS;OPEN_ARCHIVE;OPEN_CORPUS,PUBLIC_OR_INSTITUTIONAL,NO_IF_VALID_SECONDARY_LEGAL_GATEWAY,Exact field/instrument verified; definition versioned; time coverage confirmed; missingness quantified; construct validity assessed,Do not code unavailable as absent; preserve UNKNOWN/NOT_MEASURED; predefine imputation/sensitivity in SAP,Use approved pseudonymous keys in TRE where applicable; never use direct identifiers in analysis layer,source_id; dataset/version; field name; collection date; transformation; codebook citation; hash/query,Semantic or policy change does not by itself prove patient-level causal effect,UNVERIFIED_FIELD_AVAILABILITY
HIST-015,Historical psychiatric / policy corpus,Treatment recommendation language over time,Contextual exposure/Instrument/Moderator,TEMPORAL_NUMERIC,structured/validated measure where available,Historical time series,DSM/ICD/NHS/policy/professional/public corpus,DS029;DS049;DS050;DS051,DS046;DS052;DS060,ARCHIVE_MIXED;LICENSED_ARCHIVE;LICENSED_CORPUS;MIXED_ACCESS;OPEN_ARCHIVE;OPEN_CORPUS,PUBLIC_OR_INSTITUTIONAL,NO_IF_VALID_SECONDARY_LEGAL_GATEWAY,Exact field/instrument verified; definition versioned; time coverage confirmed; missingness quantified; construct validity assessed,Do not code unavailable as absent; preserve UNKNOWN/NOT_MEASURED; predefine imputation/sensitivity in SAP,Use approved pseudonymous keys in TRE where applicable; never use direct identifiers in analysis layer,source_id; dataset/version; field name; collection date; transformation; codebook citation; hash/query,Semantic or policy change does not by itself prove patient-level causal effect,UNVERIFIED_FIELD_AVAILABILITY
HIST-016,Historical psychiatric / policy corpus,Watchful-waiting/exploratory language prevalence,Contextual exposure/Instrument/Moderator,TEMPORAL_NUMERIC,structured/validated measure where available,Historical time series,DSM/ICD/NHS/policy/professional/public corpus,DS029;DS049;DS050;DS051,DS046;DS052;DS060,ARCHIVE_MIXED;LICENSED_ARCHIVE;LICENSED_CORPUS;MIXED_ACCESS;OPEN_ARCHIVE;OPEN_CORPUS,PUBLIC_OR_INSTITUTIONAL,NO_IF_VALID_SECONDARY_LEGAL_GATEWAY,Exact field/instrument verified; definition versioned; time coverage confirmed; missingness quantified; construct validity assessed,Do not code unavailable as absent; preserve UNKNOWN/NOT_MEASURED; predefine imputation/sensitivity in SAP,Use approved pseudonymous keys in TRE where applicable; never use direct identifiers in analysis layer,source_id; dataset/version; field name; collection date; transformation; codebook citation; hash/query,Semantic or policy change does not by itself prove patient-level causal effect,UNVERIFIED_FIELD_AVAILABILITY
HIST-017,Historical psychiatric / policy corpus,Certainty/uncertainty language over time,Contextual exposure/Instrument/Moderator,TEMPORAL_NUMERIC,structured/validated measure where available,Historical time series,DSM/ICD/NHS/policy/professional/public corpus,DS029;DS049;DS050;DS051,DS046;DS052;DS060,ARCHIVE_MIXED;LICENSED_ARCHIVE;LICENSED_CORPUS;MIXED_ACCESS;OPEN_ARCHIVE;OPEN_CORPUS,PUBLIC_OR_INSTITUTIONAL,NO_IF_VALID_SECONDARY_LEGAL_GATEWAY,Exact field/instrument verified; definition versioned; time coverage confirmed; missingness quantified; construct validity assessed,Do not code unavailable as absent; preserve UNKNOWN/NOT_MEASURED; predefine imputation/sensitivity in SAP,Use approved pseudonymous keys in TRE where applicable; never use direct identifiers in analysis layer,source_id; dataset/version; field name; collection date; transformation; codebook citation; hash/query,Semantic or policy change does not by itself prove patient-level causal effect,UNVERIFIED_FIELD_AVAILABILITY
HIST-018,Historical psychiatric / policy corpus,Differential-diagnosis emphasis over time,Contextual exposure/Instrument/Moderator,TEMPORAL_NUMERIC,structured/validated measure where available,Historical time series,DSM/ICD/NHS/policy/professional/public corpus,DS029;DS049;DS050;DS051,DS046;DS052;DS060,ARCHIVE_MIXED;LICENSED_ARCHIVE;LICENSED_CORPUS;MIXED_ACCESS;OPEN_ARCHIVE;OPEN_CORPUS,PUBLIC_OR_INSTITUTIONAL,NO_IF_VALID_SECONDARY_LEGAL_GATEWAY,Exact field/instrument verified; definition versioned; time coverage confirmed; missingness quantified; construct validity assessed,Do not code unavailable as absent; preserve UNKNOWN/NOT_MEASURED; predefine imputation/sensitivity in SAP,Use approved pseudonymous keys in TRE where applicable; never use direct identifiers in analysis layer,source_id; dataset/version; field name; collection date; transformation; codebook citation; hash/query,Semantic or policy change does not by itself prove patient-level causal effect,UNVERIFIED_FIELD_AVAILABILITY
HIST-019,Historical psychiatric / policy corpus,Autism/neurodevelopment mention prevalence,Contextual exposure/Instrument/Moderator,TEMPORAL_NUMERIC,structured/validated measure where available,Historical time series,DSM/ICD/NHS/policy/professional/public corpus,DS029;DS049;DS050;DS051,DS046;DS052;DS060,ARCHIVE_MIXED;LICENSED_ARCHIVE;LICENSED_CORPUS;MIXED_ACCESS;OPEN_ARCHIVE;OPEN_CORPUS,PUBLIC_OR_INSTITUTIONAL,NO_IF_VALID_SECONDARY_LEGAL_GATEWAY,Exact field/instrument verified; definition versioned; time coverage confirmed; missingness quantified; construct validity assessed,Do not code unavailable as absent; preserve UNKNOWN/NOT_MEASURED; predefine imputation/sensitivity in SAP,Use approved pseudonymous keys in TRE where applicable; never use direct identifiers in analysis layer,source_id; dataset/version; field name; collection date; transformation; codebook citation; hash/query,Semantic or policy change does not by itself prove patient-level causal effect,UNVERIFIED_FIELD_AVAILABILITY
HIST-020,Historical psychiatric / policy corpus,Trauma/psychiatric-comorbidity mention prevalence,Contextual exposure/Instrument/Moderator,TEMPORAL_NUMERIC,structured/validated measure where available,Historical time series,DSM/ICD/NHS/policy/professional/public corpus,DS029;DS049;DS050;DS051,DS046;DS052;DS060,ARCHIVE_MIXED;LICENSED_ARCHIVE;LICENSED_CORPUS;MIXED_ACCESS;OPEN_ARCHIVE;OPEN_CORPUS,PUBLIC_OR_INSTITUTIONAL,NO_IF_VALID_SECONDARY_LEGAL_GATEWAY,Exact field/instrument verified; definition versioned; time coverage confirmed; missingness quantified; construct validity assessed,Do not code unavailable as absent; preserve UNKNOWN/NOT_MEASURED; predefine imputation/sensitivity in SAP,Use approved pseudonymous keys in TRE where applicable; never use direct identifiers in analysis layer,source_id; dataset/version; field name; collection date; transformation; codebook citation; hash/query,Semantic or policy change does not by itself prove patient-level causal effect,UNVERIFIED_FIELD_AVAILABILITY
HIST-021,Historical psychiatric / policy corpus,Family/social-context mention prevalence,Contextual exposure/Instrument/Moderator,TEMPORAL_NUMERIC,structured/validated measure where available,Historical time series,DSM/ICD/NHS/policy/professional/public corpus,DS029;DS049;DS050;DS051,DS046;DS052;DS060,ARCHIVE_MIXED;LICENSED_ARCHIVE;LICENSED_CORPUS;MIXED_ACCESS;OPEN_ARCHIVE;OPEN_CORPUS,PUBLIC_OR_INSTITUTIONAL,NO_IF_VALID_SECONDARY_LEGAL_GATEWAY,Exact field/instrument verified; definition versioned; time coverage confirmed; missingness quantified; construct validity assessed,Do not code unavailable as absent; preserve UNKNOWN/NOT_MEASURED; predefine imputation/sensitivity in SAP,Use approved pseudonymous keys in TRE where applicable; never use direct identifiers in analysis layer,source_id; dataset/version; field name; collection date; transformation; codebook citation; hash/query,Semantic or policy change does not by itself prove patient-level causal effect,UNVERIFIED_FIELD_AVAILABILITY
HIST-022,Historical psychiatric / policy corpus,Shared-decision-making language prevalence,Contextual exposure/Instrument/Moderator,TEMPORAL_NUMERIC,structured/validated measure where available,Historical time series,DSM/ICD/NHS/policy/professional/public corpus,DS029;DS049;DS050;DS051,DS046;DS052;DS060,ARCHIVE_MIXED;LICENSED_ARCHIVE;LICENSED_CORPUS;MIXED_ACCESS;OPEN_ARCHIVE;OPEN_CORPUS,PUBLIC_OR_INSTITUTIONAL,NO_IF_VALID_SECONDARY_LEGAL_GATEWAY,Exact field/instrument verified; definition versioned; time coverage confirmed; missingness quantified; construct validity assessed,Do not code unavailable as absent; preserve UNKNOWN/NOT_MEASURED; predefine imputation/sensitivity in SAP,Use approved pseudonymous keys in TRE where applicable; never use direct identifiers in analysis layer,source_id; dataset/version; field name; collection date; transformation; codebook citation; hash/query,Semantic or policy change does not by itself prove patient-level causal effect,UNVERIFIED_FIELD_AVAILABILITY
HIST-023,Historical psychiatric / policy corpus,Guideline evidence-grading standard in force,Contextual exposure/Instrument/Moderator,TEMPORAL_NUMERIC,structured/validated measure where available,Historical time series,DSM/ICD/NHS/policy/professional/public corpus,DS029;DS049;DS050;DS051,DS046;DS052;DS060,ARCHIVE_MIXED;LICENSED_ARCHIVE;LICENSED_CORPUS;MIXED_ACCESS;OPEN_ARCHIVE;OPEN_CORPUS,PUBLIC_OR_INSTITUTIONAL,NO_IF_VALID_SECONDARY_LEGAL_GATEWAY,Exact field/instrument verified; definition versioned; time coverage confirmed; missingness quantified; construct validity assessed,Do not code unavailable as absent; preserve UNKNOWN/NOT_MEASURED; predefine imputation/sensitivity in SAP,Use approved pseudonymous keys in TRE where applicable; never use direct identifiers in analysis layer,source_id; dataset/version; field name; collection date; transformation; codebook citation; hash/query,Semantic or policy change does not by itself prove patient-level causal effect,UNVERIFIED_FIELD_AVAILABILITY
HIST-024,Historical psychiatric / policy corpus,Guideline conflict-of-interest standard in force,Contextual exposure/Instrument/Moderator,TEMPORAL_NUMERIC,structured/validated measure where available,Historical time series,DSM/ICD/NHS/policy/professional/public corpus,DS029;DS049;DS050;DS051,DS046;DS052;DS060,ARCHIVE_MIXED;LICENSED_ARCHIVE;LICENSED_CORPUS;MIXED_ACCESS;OPEN_ARCHIVE;OPEN_CORPUS,PUBLIC_OR_INSTITUTIONAL,NO_IF_VALID_SECONDARY_LEGAL_GATEWAY,Exact field/instrument verified; definition versioned; time coverage confirmed; missingness quantified; construct validity assessed,Do not code unavailable as absent; preserve UNKNOWN/NOT_MEASURED; predefine imputation/sensitivity in SAP,Use approved pseudonymous keys in TRE where applicable; never use direct identifiers in analysis layer,source_id; dataset/version; field name; collection date; transformation; codebook citation; hash/query,Semantic or policy change does not by itself prove patient-level causal effect,UNVERIFIED_FIELD_AVAILABILITY
HIST-025,Historical psychiatric / policy corpus,Medical-school/training curriculum exposure where obtainable,Contextual exposure/Instrument/Moderator,TEMPORAL_NUMERIC,structured/validated measure where available,Historical time series,DSM/ICD/NHS/policy/professional/public corpus,DS029;DS049;DS050;DS051,DS046;DS052;DS060,ARCHIVE_MIXED;LICENSED_ARCHIVE;LICENSED_CORPUS;MIXED_ACCESS;OPEN_ARCHIVE;OPEN_CORPUS,PUBLIC_OR_INSTITUTIONAL,NO_IF_VALID_SECONDARY_LEGAL_GATEWAY,Exact field/instrument verified; definition versioned; time coverage confirmed; missingness quantified; construct validity assessed,Do not code unavailable as absent; preserve UNKNOWN/NOT_MEASURED; predefine imputation/sensitivity in SAP,Use approved pseudonymous keys in TRE where applicable; never use direct identifiers in analysis layer,source_id; dataset/version; field name; collection date; transformation; codebook citation; hash/query,Semantic or policy change does not by itself prove patient-level causal effect,UNVERIFIED_FIELD_AVAILABILITY
HIST-026,Historical psychiatric / policy corpus,Professional training-module language over time,Contextual exposure/Instrument/Moderator,TEMPORAL_NUMERIC,structured/validated measure where available,Historical time series,DSM/ICD/NHS/policy/professional/public corpus,DS029;DS049;DS050;DS051,DS046;DS052;DS060,ARCHIVE_MIXED;LICENSED_ARCHIVE;LICENSED_CORPUS;MIXED_ACCESS;OPEN_ARCHIVE;OPEN_CORPUS,PUBLIC_OR_INSTITUTIONAL,NO_IF_VALID_SECONDARY_LEGAL_GATEWAY,Exact field/instrument verified; definition versioned; time coverage confirmed; missingness quantified; construct validity assessed,Do not code unavailable as absent; preserve UNKNOWN/NOT_MEASURED; predefine imputation/sensitivity in SAP,Use approved pseudonymous keys in TRE where applicable; never use direct identifiers in analysis layer,source_id; dataset/version; field name; collection date; transformation; codebook citation; hash/query,Semantic or policy change does not by itself prove patient-level causal effect,UNVERIFIED_FIELD_AVAILABILITY
HIST-027,Historical psychiatric / policy corpus,NHS service-specification version,Contextual exposure/Instrument/Moderator,TEMPORAL_NUMERIC,structured/validated measure where available,Historical time series,DSM/ICD/NHS/policy/professional/public corpus,DS029;DS049;DS050;DS051,DS046;DS052;DS060,ARCHIVE_MIXED;LICENSED_ARCHIVE;LICENSED_CORPUS;MIXED_ACCESS;OPEN_ARCHIVE;OPEN_CORPUS,PUBLIC_OR_INSTITUTIONAL,NO_IF_VALID_SECONDARY_LEGAL_GATEWAY,Exact field/instrument verified; definition versioned; time coverage confirmed; missingness quantified; construct validity assessed,Do not code unavailable as absent; preserve UNKNOWN/NOT_MEASURED; predefine imputation/sensitivity in SAP,Use approved pseudonymous keys in TRE where applicable; never use direct identifiers in analysis layer,source_id; dataset/version; field name; collection date; transformation; codebook citation; hash/query,Semantic or policy change does not by itself prove patient-level causal effect,UNVERIFIED_FIELD_AVAILABILITY
HIST-028,Historical psychiatric / policy corpus,Government policy version,Contextual exposure/Instrument/Moderator,TEMPORAL_NUMERIC,structured/validated measure where available,Historical time series,DSM/ICD/NHS/policy/professional/public corpus,DS029;DS049;DS050;DS051,DS046;DS052;DS060,ARCHIVE_MIXED;LICENSED_ARCHIVE;LICENSED_CORPUS;MIXED_ACCESS;OPEN_ARCHIVE;OPEN_CORPUS,PUBLIC_OR_INSTITUTIONAL,NO_IF_VALID_SECONDARY_LEGAL_GATEWAY,Exact field/instrument verified; definition versioned; time coverage confirmed; missingness quantified; construct validity assessed,Do not code unavailable as absent; preserve UNKNOWN/NOT_MEASURED; predefine imputation/sensitivity in SAP,Use approved pseudonymous keys in TRE where applicable; never use direct identifiers in analysis layer,source_id; dataset/version; field name; collection date; transformation; codebook citation; hash/query,Semantic or policy change does not by itself prove patient-level causal effect,UNVERIFIED_FIELD_AVAILABILITY
HIST-029,Historical psychiatric / policy corpus,Commissioning-policy version,Contextual exposure/Instrument/Moderator,TEMPORAL_NUMERIC,structured/validated measure where available,Historical time series,DSM/ICD/NHS/policy/professional/public corpus,DS029;DS049;DS050;DS051,DS046;DS052;DS060,ARCHIVE_MIXED;LICENSED_ARCHIVE;LICENSED_CORPUS;MIXED_ACCESS;OPEN_ARCHIVE;OPEN_CORPUS,PUBLIC_OR_INSTITUTIONAL,NO_IF_VALID_SECONDARY_LEGAL_GATEWAY,Exact field/instrument verified; definition versioned; time coverage confirmed; missingness quantified; construct validity assessed,Do not code unavailable as absent; preserve UNKNOWN/NOT_MEASURED; predefine imputation/sensitivity in SAP,Use approved pseudonymous keys in TRE where applicable; never use direct identifiers in analysis layer,source_id; dataset/version; field name; collection date; transformation; codebook citation; hash/query,Semantic or policy change does not by itself prove patient-level causal effect,UNVERIFIED_FIELD_AVAILABILITY
HIST-030,Historical psychiatric / policy corpus,Legal/judicial policy environment,Contextual exposure/Instrument/Moderator,TEMPORAL_NUMERIC,structured/validated measure where available,Historical time series,DSM/ICD/NHS/policy/professional/public corpus,DS029;DS049;DS050;DS051,DS046;DS052;DS060,ARCHIVE_MIXED;LICENSED_ARCHIVE;LICENSED_CORPUS;MIXED_ACCESS;OPEN_ARCHIVE;OPEN_CORPUS,PUBLIC_OR_INSTITUTIONAL,NO_IF_VALID_SECONDARY_LEGAL_GATEWAY,Exact field/instrument verified; definition versioned; time coverage confirmed; missingness quantified; construct validity assessed,Do not code unavailable as absent; preserve UNKNOWN/NOT_MEASURED; predefine imputation/sensitivity in SAP,Use approved pseudonymous keys in TRE where applicable; never use direct identifiers in analysis layer,source_id; dataset/version; field name; collection date; transformation; codebook citation; hash/query,Semantic or policy change does not by itself prove patient-level causal effect,UNVERIFIED_FIELD_AVAILABILITY
HIST-031,Historical psychiatric / policy corpus,Media salience index by month/year,Contextual exposure/Instrument/Moderator,TEMPORAL_NUMERIC,structured/validated measure where available,Historical time series,DSM/ICD/NHS/policy/professional/public corpus,DS029;DS049;DS050;DS051,DS046;DS052;DS060,ARCHIVE_MIXED;LICENSED_ARCHIVE;LICENSED_CORPUS;MIXED_ACCESS;OPEN_ARCHIVE;OPEN_CORPUS,PUBLIC_OR_INSTITUTIONAL,NO_IF_VALID_SECONDARY_LEGAL_GATEWAY,Exact field/instrument verified; definition versioned; time coverage confirmed; missingness quantified; construct validity assessed,Do not code unavailable as absent; preserve UNKNOWN/NOT_MEASURED; predefine imputation/sensitivity in SAP,Use approved pseudonymous keys in TRE where applicable; never use direct identifiers in analysis layer,source_id; dataset/version; field name; collection date; transformation; codebook citation; hash/query,Semantic or policy change does not by itself prove patient-level causal effect,UNVERIFIED_FIELD_AVAILABILITY
HIST-032,Historical psychiatric / policy corpus,Professional-body statement volume,Contextual exposure/Instrument/Moderator,TEMPORAL_NUMERIC,structured/validated measure where available,Historical time series,DSM/ICD/NHS/policy/professional/public corpus,DS029;DS049;DS050;DS051,DS046;DS052;DS060,ARCHIVE_MIXED;LICENSED_ARCHIVE;LICENSED_CORPUS;MIXED_ACCESS;OPEN_ARCHIVE;OPEN_CORPUS,PUBLIC_OR_INSTITUTIONAL,NO_IF_VALID_SECONDARY_LEGAL_GATEWAY,Exact field/instrument verified; definition versioned; time coverage confirmed; missingness quantified; construct validity assessed,Do not code unavailable as absent; preserve UNKNOWN/NOT_MEASURED; predefine imputation/sensitivity in SAP,Use approved pseudonymous keys in TRE where applicable; never use direct identifiers in analysis layer,source_id; dataset/version; field name; collection date; transformation; codebook citation; hash/query,Semantic or policy change does not by itself prove patient-level causal effect,UNVERIFIED_FIELD_AVAILABILITY
HIST-033,Historical psychiatric / policy corpus,Terminology semantic-shift embedding distance,Contextual exposure/Instrument/Moderator,TEMPORAL_NUMERIC,structured/validated measure where available,Historical time series,DSM/ICD/NHS/policy/professional/public corpus,DS029;DS049;DS050;DS051,DS046;DS052;DS060,ARCHIVE_MIXED;LICENSED_ARCHIVE;LICENSED_CORPUS;MIXED_ACCESS;OPEN_ARCHIVE;OPEN_CORPUS,PUBLIC_OR_INSTITUTIONAL,NO_IF_VALID_SECONDARY_LEGAL_GATEWAY,Exact field/instrument verified; definition versioned; time coverage confirmed; missingness quantified; construct validity assessed,Do not code unavailable as absent; preserve UNKNOWN/NOT_MEASURED; predefine imputation/sensitivity in SAP,Use approved pseudonymous keys in TRE where applicable; never use direct identifiers in analysis layer,source_id; dataset/version; field name; collection date; transformation; codebook citation; hash/query,Semantic or policy change does not by itself prove patient-level causal effect,UNVERIFIED_FIELD_AVAILABILITY
HIST-034,Historical psychiatric / policy corpus,Guideline semantic-shift embedding distance,Contextual exposure/Instrument/Moderator,TEMPORAL_NUMERIC,structured/validated measure where available,Historical time series,DSM/ICD/NHS/policy/professional/public corpus,DS029;DS049;DS050;DS051,DS046;DS052;DS060,ARCHIVE_MIXED;LICENSED_ARCHIVE;LICENSED_CORPUS;MIXED_ACCESS;OPEN_ARCHIVE;OPEN_CORPUS,PUBLIC_OR_INSTITUTIONAL,NO_IF_VALID_SECONDARY_LEGAL_GATEWAY,Exact field/instrument verified; definition versioned; time coverage confirmed; missingness quantified; construct validity assessed,Do not code unavailable as absent; preserve UNKNOWN/NOT_MEASURED; predefine imputation/sensitivity in SAP,Use approved pseudonymous keys in TRE where applicable; never use direct identifiers in analysis layer,source_id; dataset/version; field name; collection date; transformation; codebook citation; hash/query,Semantic or policy change does not by itself prove patient-level causal effect,UNVERIFIED_FIELD_AVAILABILITY
HIST-035,Historical psychiatric / policy corpus,Policy-to-clinical-documentation terminology lag,Contextual exposure/Instrument/Moderator,TEMPORAL_NUMERIC,structured/validated measure where available,Historical time series,DSM/ICD/NHS/policy/professional/public corpus,DS029;DS049;DS050;DS051,DS046;DS052;DS060,ARCHIVE_MIXED;LICENSED_ARCHIVE;LICENSED_CORPUS;MIXED_ACCESS;OPEN_ARCHIVE;OPEN_CORPUS,PUBLIC_OR_INSTITUTIONAL,NO_IF_VALID_SECONDARY_LEGAL_GATEWAY,Exact field/instrument verified; definition versioned; time coverage confirmed; missingness quantified; construct validity assessed,Do not code unavailable as absent; preserve UNKNOWN/NOT_MEASURED; predefine imputation/sensitivity in SAP,Use approved pseudonymous keys in TRE where applicable; never use direct identifiers in analysis layer,source_id; dataset/version; field name; collection date; transformation; codebook citation; hash/query,Semantic or policy change does not by itself prove patient-level causal effect,UNVERIFIED_FIELD_AVAILABILITY
HIST-036,Historical psychiatric / policy corpus,Policy-to-referral-rate lag,Contextual exposure/Instrument/Moderator,TEMPORAL_NUMERIC,structured/validated measure where available,Historical time series,DSM/ICD/NHS/policy/professional/public corpus,DS029;DS049;DS050;DS051,DS046;DS052;DS060,ARCHIVE_MIXED;LICENSED_ARCHIVE;LICENSED_CORPUS;MIXED_ACCESS;OPEN_ARCHIVE;OPEN_CORPUS,PUBLIC_OR_INSTITUTIONAL,NO_IF_VALID_SECONDARY_LEGAL_GATEWAY,Exact field/instrument verified; definition versioned; time coverage confirmed; missingness quantified; construct validity assessed,Do not code unavailable as absent; preserve UNKNOWN/NOT_MEASURED; predefine imputation/sensitivity in SAP,Use approved pseudonymous keys in TRE where applicable; never use direct identifiers in analysis layer,source_id; dataset/version; field name; collection date; transformation; codebook citation; hash/query,Semantic or policy change does not by itself prove patient-level causal effect,UNVERIFIED_FIELD_AVAILABILITY
HIST-037,Historical psychiatric / policy corpus,Policy-to-treatment-initiation lag,Contextual exposure/Instrument/Moderator,TEMPORAL_NUMERIC,structured/validated measure where available,Historical time series,DSM/ICD/NHS/policy/professional/public corpus,DS029;DS049;DS050;DS051,DS046;DS052;DS060,ARCHIVE_MIXED;LICENSED_ARCHIVE;LICENSED_CORPUS;MIXED_ACCESS;OPEN_ARCHIVE;OPEN_CORPUS,PUBLIC_OR_INSTITUTIONAL,NO_IF_VALID_SECONDARY_LEGAL_GATEWAY,Exact field/instrument verified; definition versioned; time coverage confirmed; missingness quantified; construct validity assessed,Do not code unavailable as absent; preserve UNKNOWN/NOT_MEASURED; predefine imputation/sensitivity in SAP,Use approved pseudonymous keys in TRE where applicable; never use direct identifiers in analysis layer,source_id; dataset/version; field name; collection date; transformation; codebook citation; hash/query,Semantic or policy change does not by itself prove patient-level causal effect,UNVERIFIED_FIELD_AVAILABILITY
HIST-038,Historical psychiatric / policy corpus,Policy-to-outcome lag,Contextual exposure/Instrument/Moderator,TEMPORAL_NUMERIC,structured/validated measure where available,Historical time series,DSM/ICD/NHS/policy/professional/public corpus,DS029;DS049;DS050;DS051,DS046;DS052;DS060,ARCHIVE_MIXED;LICENSED_ARCHIVE;LICENSED_CORPUS;MIXED_ACCESS;OPEN_ARCHIVE;OPEN_CORPUS,PUBLIC_OR_INSTITUTIONAL,NO_IF_VALID_SECONDARY_LEGAL_GATEWAY,Exact field/instrument verified; definition versioned; time coverage confirmed; missingness quantified; construct validity assessed,Do not code unavailable as absent; preserve UNKNOWN/NOT_MEASURED; predefine imputation/sensitivity in SAP,Use approved pseudonymous keys in TRE where applicable; never use direct identifiers in analysis layer,source_id; dataset/version; field name; collection date; transformation; codebook citation; hash/query,Semantic or policy change does not by itself prove patient-level causal effect,UNVERIFIED_FIELD_AVAILABILITY
HIST-039,Historical psychiatric / policy corpus,Cross-country policy timing difference,Contextual exposure/Instrument/Moderator,TEMPORAL_NUMERIC,structured/validated measure where available,Historical time series,DSM/ICD/NHS/policy/professional/public corpus,DS029;DS049;DS050;DS051,DS046;DS052;DS060,ARCHIVE_MIXED;LICENSED_ARCHIVE;LICENSED_CORPUS;MIXED_ACCESS;OPEN_ARCHIVE;OPEN_CORPUS,PUBLIC_OR_INSTITUTIONAL,NO_IF_VALID_SECONDARY_LEGAL_GATEWAY,Exact field/instrument verified; definition versioned; time coverage confirmed; missingness quantified; construct validity assessed,Do not code unavailable as absent; preserve UNKNOWN/NOT_MEASURED; predefine imputation/sensitivity in SAP,Use approved pseudonymous keys in TRE where applicable; never use direct identifiers in analysis layer,source_id; dataset/version; field name; collection date; transformation; codebook citation; hash/query,Semantic or policy change does not by itself prove patient-level causal effect,UNVERIFIED_FIELD_AVAILABILITY
HIST-040,Historical psychiatric / policy corpus,Historical corpus change-point date,Contextual exposure/Instrument/Moderator,TEMPORAL_NUMERIC,structured/validated measure where available,Historical time series,DSM/ICD/NHS/policy/professional/public corpus,DS029;DS049;DS050;DS051,DS046;DS052;DS060,ARCHIVE_MIXED;LICENSED_ARCHIVE;LICENSED_CORPUS;MIXED_ACCESS;OPEN_ARCHIVE;OPEN_CORPUS,PUBLIC_OR_INSTITUTIONAL,NO_IF_VALID_SECONDARY_LEGAL_GATEWAY,Exact field/instrument verified; definition versioned; time coverage confirmed; missingness quantified; construct validity assessed,Do not code unavailable as absent; preserve UNKNOWN/NOT_MEASURED; predefine imputation/sensitivity in SAP,Use approved pseudonymous keys in TRE where applicable; never use direct identifiers in analysis layer,source_id; dataset/version; field name; collection date; transformation; codebook citation; hash/query,Semantic or policy change does not by itself prove patient-level causal effect,UNVERIFIED_FIELD_AVAILABILITY
MET-001,Methodological / statistical integrity,Primary estimand definition,Design/Quality control,TEMPORAL_NUMERIC,structured/validated measure where available,Study-level,Protocol / statistical analysis plan / OSL trace,DS033;DS034;DS037;DS040;DS041,DS043;DS044,LICENSED;MIXED_ACCESS;OPEN;OPEN_API;PUBLIC_WEB,LOWER_SENSITIVITY_OR_AGGREGATE,NO_IF_VALID_SECONDARY_LEGAL_GATEWAY,Exact field/instrument verified; definition versioned; time coverage confirmed; missingness quantified; construct validity assessed,Do not code unavailable as absent; preserve UNKNOWN/NOT_MEASURED; predefine imputation/sensitivity in SAP,Use approved pseudonymous keys in TRE where applicable; never use direct identifiers in analysis layer,source_id; dataset/version; field name; collection date; transformation; codebook citation; hash/query,Statistical significance or model fit cannot substitute for causal identification,UNVERIFIED_FIELD_AVAILABILITY
MET-002,Methodological / statistical integrity,Time-zero definition,Design/Quality control,TEMPORAL_NUMERIC,structured/validated measure where available,Study-level,Protocol / statistical analysis plan / OSL trace,DS033;DS034;DS037;DS040;DS041,DS043;DS044,LICENSED;MIXED_ACCESS;OPEN;OPEN_API;PUBLIC_WEB,LOWER_SENSITIVITY_OR_AGGREGATE,NO_IF_VALID_SECONDARY_LEGAL_GATEWAY,Exact field/instrument verified; definition versioned; time coverage confirmed; missingness quantified; construct validity assessed,Do not code unavailable as absent; preserve UNKNOWN/NOT_MEASURED; predefine imputation/sensitivity in SAP,Use approved pseudonymous keys in TRE where applicable; never use direct identifiers in analysis layer,source_id; dataset/version; field name; collection date; transformation; codebook citation; hash/query,Statistical significance or model fit cannot substitute for causal identification,UNVERIFIED_FIELD_AVAILABILITY
MET-003,Methodological / statistical integrity,Exposure window definition,Design/Quality control,TEMPORAL_NUMERIC,structured/validated measure where available,Study-level,Protocol / statistical analysis plan / OSL trace,DS033;DS034;DS037;DS040;DS041,DS043;DS044,LICENSED;MIXED_ACCESS;OPEN;OPEN_API;PUBLIC_WEB,LOWER_SENSITIVITY_OR_AGGREGATE,NO_IF_VALID_SECONDARY_LEGAL_GATEWAY,Exact field/instrument verified; definition versioned; time coverage confirmed; missingness quantified; construct validity assessed,Do not code unavailable as absent; preserve UNKNOWN/NOT_MEASURED; predefine imputation/sensitivity in SAP,Use approved pseudonymous keys in TRE where applicable; never use direct identifiers in analysis layer,source_id; dataset/version; field name; collection date; transformation; codebook citation; hash/query,Statistical significance or model fit cannot substitute for causal identification,UNVERIFIED_FIELD_AVAILABILITY
MET-004,Methodological / statistical integrity,Outcome window definition,Design/Quality control,TEMPORAL_NUMERIC,structured/validated measure where available,Study-level,Protocol / statistical analysis plan / OSL trace,DS033;DS034;DS037;DS040;DS041,DS043;DS044,LICENSED;MIXED_ACCESS;OPEN;OPEN_API;PUBLIC_WEB,LOWER_SENSITIVITY_OR_AGGREGATE,NO_IF_VALID_SECONDARY_LEGAL_GATEWAY,Exact field/instrument verified; definition versioned; time coverage confirmed; missingness quantified; construct validity assessed,Do not code unavailable as absent; preserve UNKNOWN/NOT_MEASURED; predefine imputation/sensitivity in SAP,Use approved pseudonymous keys in TRE where applicable; never use direct identifiers in analysis layer,source_id; dataset/version; field name; collection date; transformation; codebook citation; hash/query,Statistical significance or model fit cannot substitute for causal identification,UNVERIFIED_FIELD_AVAILABILITY
MET-005,Methodological / statistical integrity,Confounder set provenance,Design/Quality control,TEMPORAL_NUMERIC,structured/validated measure where available,Study-level,Protocol / statistical analysis plan / OSL trace,DS033;DS034;DS037;DS040;DS041,DS043;DS044,LICENSED;MIXED_ACCESS;OPEN;OPEN_API;PUBLIC_WEB,LOWER_SENSITIVITY_OR_AGGREGATE,NO_IF_VALID_SECONDARY_LEGAL_GATEWAY,Exact field/instrument verified; definition versioned; time coverage confirmed; missingness quantified; construct validity assessed,Do not code unavailable as absent; preserve UNKNOWN/NOT_MEASURED; predefine imputation/sensitivity in SAP,Use approved pseudonymous keys in TRE where applicable; never use direct identifiers in analysis layer,source_id; dataset/version; field name; collection date; transformation; codebook citation; hash/query,Statistical significance or model fit cannot substitute for causal identification,UNVERIFIED_FIELD_AVAILABILITY
MET-006,Methodological / statistical integrity,Mediator set provenance,Design/Quality control,TEMPORAL_NUMERIC,structured/validated measure where available,Study-level,Protocol / statistical analysis plan / OSL trace,DS033;DS034;DS037;DS040;DS041,DS043;DS044,LICENSED;MIXED_ACCESS;OPEN;OPEN_API;PUBLIC_WEB,LOWER_SENSITIVITY_OR_AGGREGATE,NO_IF_VALID_SECONDARY_LEGAL_GATEWAY,Exact field/instrument verified; definition versioned; time coverage confirmed; missingness quantified; construct validity assessed,Do not code unavailable as absent; preserve UNKNOWN/NOT_MEASURED; predefine imputation/sensitivity in SAP,Use approved pseudonymous keys in TRE where applicable; never use direct identifiers in analysis layer,source_id; dataset/version; field name; collection date; transformation; codebook citation; hash/query,Statistical significance or model fit cannot substitute for causal identification,UNVERIFIED_FIELD_AVAILABILITY
MET-007,Methodological / statistical integrity,Collider exclusion check,Design/Quality control,TEMPORAL_NUMERIC,structured/validated measure where available,Study-level,Protocol / statistical analysis plan / OSL trace,DS033;DS034;DS037;DS040;DS041,DS043;DS044,LICENSED;MIXED_ACCESS;OPEN;OPEN_API;PUBLIC_WEB,LOWER_SENSITIVITY_OR_AGGREGATE,NO_IF_VALID_SECONDARY_LEGAL_GATEWAY,Exact field/instrument verified; definition versioned; time coverage confirmed; missingness quantified; construct validity assessed,Do not code unavailable as absent; preserve UNKNOWN/NOT_MEASURED; predefine imputation/sensitivity in SAP,Use approved pseudonymous keys in TRE where applicable; never use direct identifiers in analysis layer,source_id; dataset/version; field name; collection date; transformation; codebook citation; hash/query,Statistical significance or model fit cannot substitute for causal identification,UNVERIFIED_FIELD_AVAILABILITY
MET-008,Methodological / statistical integrity,Selection mechanism model,Design/Quality control,TEMPORAL_NUMERIC,structured/validated measure where available,Study-level,Protocol / statistical analysis plan / OSL trace,DS033;DS034;DS037;DS040;DS041,DS043;DS044,LICENSED;MIXED_ACCESS;OPEN;OPEN_API;PUBLIC_WEB,LOWER_SENSITIVITY_OR_AGGREGATE,NO_IF_VALID_SECONDARY_LEGAL_GATEWAY,Exact field/instrument verified; definition versioned; time coverage confirmed; missingness quantified; construct validity assessed,Do not code unavailable as absent; preserve UNKNOWN/NOT_MEASURED; predefine imputation/sensitivity in SAP,Use approved pseudonymous keys in TRE where applicable; never use direct identifiers in analysis layer,source_id; dataset/version; field name; collection date; transformation; codebook citation; hash/query,Statistical significance or model fit cannot substitute for causal identification,UNVERIFIED_FIELD_AVAILABILITY
MET-009,Methodological / statistical integrity,Missing-data mechanism assumption,Design/Quality control,TEMPORAL_NUMERIC,structured/validated measure where available,Study-level,Protocol / statistical analysis plan / OSL trace,DS033;DS034;DS037;DS040;DS041,DS043;DS044,LICENSED;MIXED_ACCESS;OPEN;OPEN_API;PUBLIC_WEB,LOWER_SENSITIVITY_OR_AGGREGATE,NO_IF_VALID_SECONDARY_LEGAL_GATEWAY,Exact field/instrument verified; definition versioned; time coverage confirmed; missingness quantified; construct validity assessed,Do not code unavailable as absent; preserve UNKNOWN/NOT_MEASURED; predefine imputation/sensitivity in SAP,Use approved pseudonymous keys in TRE where applicable; never use direct identifiers in analysis layer,source_id; dataset/version; field name; collection date; transformation; codebook citation; hash/query,Statistical significance or model fit cannot substitute for causal identification,UNVERIFIED_FIELD_AVAILABILITY
MET-010,Methodological / statistical integrity,Multiple-imputation diagnostics,Design/Quality control,TEMPORAL_NUMERIC,structured/validated measure where available,Study-level,Protocol / statistical analysis plan / OSL trace,DS033;DS034;DS037;DS040;DS041,DS043;DS044,LICENSED;MIXED_ACCESS;OPEN;OPEN_API;PUBLIC_WEB,LOWER_SENSITIVITY_OR_AGGREGATE,NO_IF_VALID_SECONDARY_LEGAL_GATEWAY,Exact field/instrument verified; definition versioned; time coverage confirmed; missingness quantified; construct validity assessed,Do not code unavailable as absent; preserve UNKNOWN/NOT_MEASURED; predefine imputation/sensitivity in SAP,Use approved pseudonymous keys in TRE where applicable; never use direct identifiers in analysis layer,source_id; dataset/version; field name; collection date; transformation; codebook citation; hash/query,Statistical significance or model fit cannot substitute for causal identification,UNVERIFIED_FIELD_AVAILABILITY
MET-011,Methodological / statistical integrity,Attrition rate,Design/Quality control,TEMPORAL_NUMERIC,structured/validated measure where available,Study-level,Protocol / statistical analysis plan / OSL trace,DS033;DS034;DS037;DS040;DS041,DS043;DS044,LICENSED;MIXED_ACCESS;OPEN;OPEN_API;PUBLIC_WEB,LOWER_SENSITIVITY_OR_AGGREGATE,NO_IF_VALID_SECONDARY_LEGAL_GATEWAY,Exact field/instrument verified; definition versioned; time coverage confirmed; missingness quantified; construct validity assessed,Do not code unavailable as absent; preserve UNKNOWN/NOT_MEASURED; predefine imputation/sensitivity in SAP,Use approved pseudonymous keys in TRE where applicable; never use direct identifiers in analysis layer,source_id; dataset/version; field name; collection date; transformation; codebook citation; hash/query,Statistical significance or model fit cannot substitute for causal identification,UNVERIFIED_FIELD_AVAILABILITY
MET-012,Methodological / statistical integrity,Inverse-probability weighting diagnostics,Design/Quality control,TEMPORAL_NUMERIC,structured/validated measure where available,Study-level,Protocol / statistical analysis plan / OSL trace,DS033;DS034;DS037;DS040;DS041,DS043;DS044,LICENSED;MIXED_ACCESS;OPEN;OPEN_API;PUBLIC_WEB,LOWER_SENSITIVITY_OR_AGGREGATE,NO_IF_VALID_SECONDARY_LEGAL_GATEWAY,Exact field/instrument verified; definition versioned; time coverage confirmed; missingness quantified; construct validity assessed,Do not code unavailable as absent; preserve UNKNOWN/NOT_MEASURED; predefine imputation/sensitivity in SAP,Use approved pseudonymous keys in TRE where applicable; never use direct identifiers in analysis layer,source_id; dataset/version; field name; collection date; transformation; codebook citation; hash/query,Statistical significance or model fit cannot substitute for causal identification,UNVERIFIED_FIELD_AVAILABILITY
MET-013,Methodological / statistical integrity,Cluster/site intraclass correlation,Design/Quality control,TEMPORAL_NUMERIC,structured/validated measure where available,Study-level,Protocol / statistical analysis plan / OSL trace,DS033;DS034;DS037;DS040;DS041,DS043;DS044,LICENSED;MIXED_ACCESS;OPEN;OPEN_API;PUBLIC_WEB,LOWER_SENSITIVITY_OR_AGGREGATE,NO_IF_VALID_SECONDARY_LEGAL_GATEWAY,Exact field/instrument verified; definition versioned; time coverage confirmed; missingness quantified; construct validity assessed,Do not code unavailable as absent; preserve UNKNOWN/NOT_MEASURED; predefine imputation/sensitivity in SAP,Use approved pseudonymous keys in TRE where applicable; never use direct identifiers in analysis layer,source_id; dataset/version; field name; collection date; transformation; codebook citation; hash/query,Statistical significance or model fit cannot substitute for causal identification,UNVERIFIED_FIELD_AVAILABILITY
MET-014,Methodological / statistical integrity,Site-level random effect,Design/Quality control,TEMPORAL_NUMERIC,structured/validated measure where available,Study-level,Protocol / statistical analysis plan / OSL trace,DS033;DS034;DS037;DS040;DS041,DS043;DS044,LICENSED;MIXED_ACCESS;OPEN;OPEN_API;PUBLIC_WEB,LOWER_SENSITIVITY_OR_AGGREGATE,NO_IF_VALID_SECONDARY_LEGAL_GATEWAY,Exact field/instrument verified; definition versioned; time coverage confirmed; missingness quantified; construct validity assessed,Do not code unavailable as absent; preserve UNKNOWN/NOT_MEASURED; predefine imputation/sensitivity in SAP,Use approved pseudonymous keys in TRE where applicable; never use direct identifiers in analysis layer,source_id; dataset/version; field name; collection date; transformation; codebook citation; hash/query,Statistical significance or model fit cannot substitute for causal identification,UNVERIFIED_FIELD_AVAILABILITY
MET-015,Methodological / statistical integrity,Clinician-level random effect,Design/Quality control,TEMPORAL_NUMERIC,structured/validated measure where available,Study-level,Protocol / statistical analysis plan / OSL trace,DS033;DS034;DS037;DS040;DS041,DS043;DS044,LICENSED;MIXED_ACCESS;OPEN;OPEN_API;PUBLIC_WEB,LOWER_SENSITIVITY_OR_AGGREGATE,NO_IF_VALID_SECONDARY_LEGAL_GATEWAY,Exact field/instrument verified; definition versioned; time coverage confirmed; missingness quantified; construct validity assessed,Do not code unavailable as absent; preserve UNKNOWN/NOT_MEASURED; predefine imputation/sensitivity in SAP,Use approved pseudonymous keys in TRE where applicable; never use direct identifiers in analysis layer,source_id; dataset/version; field name; collection date; transformation; codebook citation; hash/query,Statistical significance or model fit cannot substitute for causal identification,UNVERIFIED_FIELD_AVAILABILITY
MET-016,Methodological / statistical integrity,Family-level random effect,Design/Quality control,TEMPORAL_NUMERIC,structured/validated measure where available,Study-level,Protocol / statistical analysis plan / OSL trace,DS033;DS034;DS037;DS040;DS041,DS043;DS044,LICENSED;MIXED_ACCESS;OPEN;OPEN_API;PUBLIC_WEB,LOWER_SENSITIVITY_OR_AGGREGATE,NO_IF_VALID_SECONDARY_LEGAL_GATEWAY,Exact field/instrument verified; definition versioned; time coverage confirmed; missingness quantified; construct validity assessed,Do not code unavailable as absent; preserve UNKNOWN/NOT_MEASURED; predefine imputation/sensitivity in SAP,Use approved pseudonymous keys in TRE where applicable; never use direct identifiers in analysis layer,source_id; dataset/version; field name; collection date; transformation; codebook citation; hash/query,Statistical significance or model fit cannot substitute for causal identification,UNVERIFIED_FIELD_AVAILABILITY
MET-017,Methodological / statistical integrity,Repeated-measures correlation,Design/Quality control,TEMPORAL_NUMERIC,structured/validated measure where available,Study-level,Protocol / statistical analysis plan / OSL trace,DS033;DS034;DS037;DS040;DS041,DS043;DS044,LICENSED;MIXED_ACCESS;OPEN;OPEN_API;PUBLIC_WEB,LOWER_SENSITIVITY_OR_AGGREGATE,NO_IF_VALID_SECONDARY_LEGAL_GATEWAY,Exact field/instrument verified; definition versioned; time coverage confirmed; missingness quantified; construct validity assessed,Do not code unavailable as absent; preserve UNKNOWN/NOT_MEASURED; predefine imputation/sensitivity in SAP,Use approved pseudonymous keys in TRE where applicable; never use direct identifiers in analysis layer,source_id; dataset/version; field name; collection date; transformation; codebook citation; hash/query,Statistical significance or model fit cannot substitute for causal identification,UNVERIFIED_FIELD_AVAILABILITY
MET-018,Methodological / statistical integrity,Measurement invariance by autism status,Design/Quality control,TEMPORAL_NUMERIC,structured/validated measure where available,Study-level,Protocol / statistical analysis plan / OSL trace,DS033;DS034;DS037;DS040;DS041,DS043;DS044,LICENSED;MIXED_ACCESS;OPEN;OPEN_API;PUBLIC_WEB,LOWER_SENSITIVITY_OR_AGGREGATE,NO_IF_VALID_SECONDARY_LEGAL_GATEWAY,Exact field/instrument verified; definition versioned; time coverage confirmed; missingness quantified; construct validity assessed,Do not code unavailable as absent; preserve UNKNOWN/NOT_MEASURED; predefine imputation/sensitivity in SAP,Use approved pseudonymous keys in TRE where applicable; never use direct identifiers in analysis layer,source_id; dataset/version; field name; collection date; transformation; codebook citation; hash/query,Statistical significance or model fit cannot substitute for causal identification,UNVERIFIED_FIELD_AVAILABILITY
MET-019,Methodological / statistical integrity,Measurement invariance by age,Design/Quality control,TEMPORAL_NUMERIC,structured/validated measure where available,Study-level,Protocol / statistical analysis plan / OSL trace,DS033;DS034;DS037;DS040;DS041,DS043;DS044,LICENSED;MIXED_ACCESS;OPEN;OPEN_API;PUBLIC_WEB,LOWER_SENSITIVITY_OR_AGGREGATE,NO_IF_VALID_SECONDARY_LEGAL_GATEWAY,Exact field/instrument verified; definition versioned; time coverage confirmed; missingness quantified; construct validity assessed,Do not code unavailable as absent; preserve UNKNOWN/NOT_MEASURED; predefine imputation/sensitivity in SAP,Use approved pseudonymous keys in TRE where applicable; never use direct identifiers in analysis layer,source_id; dataset/version; field name; collection date; transformation; codebook citation; hash/query,Statistical significance or model fit cannot substitute for causal identification,UNVERIFIED_FIELD_AVAILABILITY
MET-020,Methodological / statistical integrity,Measurement invariance by sex recorded at birth,Design/Quality control,TEMPORAL_NUMERIC,structured/validated measure where available,Study-level,Protocol / statistical analysis plan / OSL trace,DS033;DS034;DS037;DS040;DS041,DS043;DS044,LICENSED;MIXED_ACCESS;OPEN;OPEN_API;PUBLIC_WEB,LOWER_SENSITIVITY_OR_AGGREGATE,NO_IF_VALID_SECONDARY_LEGAL_GATEWAY,Exact field/instrument verified; definition versioned; time coverage confirmed; missingness quantified; construct validity assessed,Do not code unavailable as absent; preserve UNKNOWN/NOT_MEASURED; predefine imputation/sensitivity in SAP,Use approved pseudonymous keys in TRE where applicable; never use direct identifiers in analysis layer,source_id; dataset/version; field name; collection date; transformation; codebook citation; hash/query,Statistical significance or model fit cannot substitute for causal identification,UNVERIFIED_FIELD_AVAILABILITY
MET-021,Methodological / statistical integrity,Measurement invariance by language/culture,Design/Quality control,TEMPORAL_NUMERIC,structured/validated measure where available,Study-level,Protocol / statistical analysis plan / OSL trace,DS033;DS034;DS037;DS040;DS041,DS043;DS044,LICENSED;MIXED_ACCESS;OPEN;OPEN_API;PUBLIC_WEB,LOWER_SENSITIVITY_OR_AGGREGATE,NO_IF_VALID_SECONDARY_LEGAL_GATEWAY,Exact field/instrument verified; definition versioned; time coverage confirmed; missingness quantified; construct validity assessed,Do not code unavailable as absent; preserve UNKNOWN/NOT_MEASURED; predefine imputation/sensitivity in SAP,Use approved pseudonymous keys in TRE where applicable; never use direct identifiers in analysis layer,source_id; dataset/version; field name; collection date; transformation; codebook citation; hash/query,Statistical significance or model fit cannot substitute for causal identification,UNVERIFIED_FIELD_AVAILABILITY
MET-022,Methodological / statistical integrity,Negative-control exposure result,Design/Quality control,TEMPORAL_NUMERIC,structured/validated measure where available,Study-level,Protocol / statistical analysis plan / OSL trace,DS033;DS034;DS037;DS040;DS041,DS043;DS044,LICENSED;MIXED_ACCESS;OPEN;OPEN_API;PUBLIC_WEB,LOWER_SENSITIVITY_OR_AGGREGATE,NO_IF_VALID_SECONDARY_LEGAL_GATEWAY,Exact field/instrument verified; definition versioned; time coverage confirmed; missingness quantified; construct validity assessed,Do not code unavailable as absent; preserve UNKNOWN/NOT_MEASURED; predefine imputation/sensitivity in SAP,Use approved pseudonymous keys in TRE where applicable; never use direct identifiers in analysis layer,source_id; dataset/version; field name; collection date; transformation; codebook citation; hash/query,Statistical significance or model fit cannot substitute for causal identification,UNVERIFIED_FIELD_AVAILABILITY
MET-023,Methodological / statistical integrity,Negative-control outcome result,Design/Quality control,TEMPORAL_NUMERIC,structured/validated measure where available,Study-level,Protocol / statistical analysis plan / OSL trace,DS033;DS034;DS037;DS040;DS041,DS043;DS044,LICENSED;MIXED_ACCESS;OPEN;OPEN_API;PUBLIC_WEB,LOWER_SENSITIVITY_OR_AGGREGATE,NO_IF_VALID_SECONDARY_LEGAL_GATEWAY,Exact field/instrument verified; definition versioned; time coverage confirmed; missingness quantified; construct validity assessed,Do not code unavailable as absent; preserve UNKNOWN/NOT_MEASURED; predefine imputation/sensitivity in SAP,Use approved pseudonymous keys in TRE where applicable; never use direct identifiers in analysis layer,source_id; dataset/version; field name; collection date; transformation; codebook citation; hash/query,Statistical significance or model fit cannot substitute for causal identification,UNVERIFIED_FIELD_AVAILABILITY
MET-024,Methodological / statistical integrity,Placebo-time test result,Design/Quality control,TEMPORAL_NUMERIC,structured/validated measure where available,Study-level,Protocol / statistical analysis plan / OSL trace,DS033;DS034;DS037;DS040;DS041,DS043;DS044,LICENSED;MIXED_ACCESS;OPEN;OPEN_API;PUBLIC_WEB,LOWER_SENSITIVITY_OR_AGGREGATE,NO_IF_VALID_SECONDARY_LEGAL_GATEWAY,Exact field/instrument verified; definition versioned; time coverage confirmed; missingness quantified; construct validity assessed,Do not code unavailable as absent; preserve UNKNOWN/NOT_MEASURED; predefine imputation/sensitivity in SAP,Use approved pseudonymous keys in TRE where applicable; never use direct identifiers in analysis layer,source_id; dataset/version; field name; collection date; transformation; codebook citation; hash/query,Statistical significance or model fit cannot substitute for causal identification,UNVERIFIED_FIELD_AVAILABILITY
MET-025,Methodological / statistical integrity,Pretrend test result for difference-in-differences,Design/Quality control,TEMPORAL_NUMERIC,structured/validated measure where available,Study-level,Protocol / statistical analysis plan / OSL trace,DS033;DS034;DS037;DS040;DS041,DS043;DS044,LICENSED;MIXED_ACCESS;OPEN;OPEN_API;PUBLIC_WEB,LOWER_SENSITIVITY_OR_AGGREGATE,NO_IF_VALID_SECONDARY_LEGAL_GATEWAY,Exact field/instrument verified; definition versioned; time coverage confirmed; missingness quantified; construct validity assessed,Do not code unavailable as absent; preserve UNKNOWN/NOT_MEASURED; predefine imputation/sensitivity in SAP,Use approved pseudonymous keys in TRE where applicable; never use direct identifiers in analysis layer,source_id; dataset/version; field name; collection date; transformation; codebook citation; hash/query,Statistical significance or model fit cannot substitute for causal identification,UNVERIFIED_FIELD_AVAILABILITY
MET-026,Methodological / statistical integrity,Sensitivity to unmeasured confounding,Design/Quality control,TEMPORAL_NUMERIC,structured/validated measure where available,Study-level,Protocol / statistical analysis plan / OSL trace,DS033;DS034;DS037;DS040;DS041,DS043;DS044,LICENSED;MIXED_ACCESS;OPEN;OPEN_API;PUBLIC_WEB,LOWER_SENSITIVITY_OR_AGGREGATE,NO_IF_VALID_SECONDARY_LEGAL_GATEWAY,Exact field/instrument verified; definition versioned; time coverage confirmed; missingness quantified; construct validity assessed,Do not code unavailable as absent; preserve UNKNOWN/NOT_MEASURED; predefine imputation/sensitivity in SAP,Use approved pseudonymous keys in TRE where applicable; never use direct identifiers in analysis layer,source_id; dataset/version; field name; collection date; transformation; codebook citation; hash/query,Statistical significance or model fit cannot substitute for causal identification,UNVERIFIED_FIELD_AVAILABILITY
MET-027,Methodological / statistical integrity,E-value or equivalent sensitivity metric where appropriate,Design/Quality control,TEMPORAL_NUMERIC,structured/validated measure where available,Study-level,Protocol / statistical analysis plan / OSL trace,DS033;DS034;DS037;DS040;DS041,DS043;DS044,LICENSED;MIXED_ACCESS;OPEN;OPEN_API;PUBLIC_WEB,LOWER_SENSITIVITY_OR_AGGREGATE,NO_IF_VALID_SECONDARY_LEGAL_GATEWAY,Exact field/instrument verified; definition versioned; time coverage confirmed; missingness quantified; construct validity assessed,Do not code unavailable as absent; preserve UNKNOWN/NOT_MEASURED; predefine imputation/sensitivity in SAP,Use approved pseudonymous keys in TRE where applicable; never use direct identifiers in analysis layer,source_id; dataset/version; field name; collection date; transformation; codebook citation; hash/query,Statistical significance or model fit cannot substitute for causal identification,UNVERIFIED_FIELD_AVAILABILITY
MET-028,Methodological / statistical integrity,Specification-curve robustness,Design/Quality control,TEMPORAL_NUMERIC,structured/validated measure where available,Study-level,Protocol / statistical analysis plan / OSL trace,DS033;DS034;DS037;DS040;DS041,DS043;DS044,LICENSED;MIXED_ACCESS;OPEN;OPEN_API;PUBLIC_WEB,LOWER_SENSITIVITY_OR_AGGREGATE,NO_IF_VALID_SECONDARY_LEGAL_GATEWAY,Exact field/instrument verified; definition versioned; time coverage confirmed; missingness quantified; construct validity assessed,Do not code unavailable as absent; preserve UNKNOWN/NOT_MEASURED; predefine imputation/sensitivity in SAP,Use approved pseudonymous keys in TRE where applicable; never use direct identifiers in analysis layer,source_id; dataset/version; field name; collection date; transformation; codebook citation; hash/query,Statistical significance or model fit cannot substitute for causal identification,UNVERIFIED_FIELD_AVAILABILITY
MET-029,Methodological / statistical integrity,Multiverse-analysis robustness,Design/Quality control,TEMPORAL_NUMERIC,structured/validated measure where available,Study-level,Protocol / statistical analysis plan / OSL trace,DS033;DS034;DS037;DS040;DS041,DS043;DS044,LICENSED;MIXED_ACCESS;OPEN;OPEN_API;PUBLIC_WEB,LOWER_SENSITIVITY_OR_AGGREGATE,NO_IF_VALID_SECONDARY_LEGAL_GATEWAY,Exact field/instrument verified; definition versioned; time coverage confirmed; missingness quantified; construct validity assessed,Do not code unavailable as absent; preserve UNKNOWN/NOT_MEASURED; predefine imputation/sensitivity in SAP,Use approved pseudonymous keys in TRE where applicable; never use direct identifiers in analysis layer,source_id; dataset/version; field name; collection date; transformation; codebook citation; hash/query,Statistical significance or model fit cannot substitute for causal identification,UNVERIFIED_FIELD_AVAILABILITY
MET-030,Methodological / statistical integrity,Alternative DAG robustness,Design/Quality control,TEMPORAL_NUMERIC,structured/validated measure where available,Study-level,Protocol / statistical analysis plan / OSL trace,DS033;DS034;DS037;DS040;DS041,DS043;DS044,LICENSED;MIXED_ACCESS;OPEN;OPEN_API;PUBLIC_WEB,LOWER_SENSITIVITY_OR_AGGREGATE,NO_IF_VALID_SECONDARY_LEGAL_GATEWAY,Exact field/instrument verified; definition versioned; time coverage confirmed; missingness quantified; construct validity assessed,Do not code unavailable as absent; preserve UNKNOWN/NOT_MEASURED; predefine imputation/sensitivity in SAP,Use approved pseudonymous keys in TRE where applicable; never use direct identifiers in analysis layer,source_id; dataset/version; field name; collection date; transformation; codebook citation; hash/query,Statistical significance or model fit cannot substitute for causal identification,UNVERIFIED_FIELD_AVAILABILITY
MET-031,Methodological / statistical integrity,Propensity overlap/positivity diagnostics,Design/Quality control,TEMPORAL_NUMERIC,structured/validated measure where available,Study-level,Protocol / statistical analysis plan / OSL trace,DS033;DS034;DS037;DS040;DS041,DS043;DS044,LICENSED;MIXED_ACCESS;OPEN;OPEN_API;PUBLIC_WEB,LOWER_SENSITIVITY_OR_AGGREGATE,NO_IF_VALID_SECONDARY_LEGAL_GATEWAY,Exact field/instrument verified; definition versioned; time coverage confirmed; missingness quantified; construct validity assessed,Do not code unavailable as absent; preserve UNKNOWN/NOT_MEASURED; predefine imputation/sensitivity in SAP,Use approved pseudonymous keys in TRE where applicable; never use direct identifiers in analysis layer,source_id; dataset/version; field name; collection date; transformation; codebook citation; hash/query,Statistical significance or model fit cannot substitute for causal identification,UNVERIFIED_FIELD_AVAILABILITY
MET-032,Methodological / statistical integrity,Model calibration,Design/Quality control,TEMPORAL_NUMERIC,structured/validated measure where available,Study-level,Protocol / statistical analysis plan / OSL trace,DS033;DS034;DS037;DS040;DS041,DS043;DS044,LICENSED;MIXED_ACCESS;OPEN;OPEN_API;PUBLIC_WEB,LOWER_SENSITIVITY_OR_AGGREGATE,NO_IF_VALID_SECONDARY_LEGAL_GATEWAY,Exact field/instrument verified; definition versioned; time coverage confirmed; missingness quantified; construct validity assessed,Do not code unavailable as absent; preserve UNKNOWN/NOT_MEASURED; predefine imputation/sensitivity in SAP,Use approved pseudonymous keys in TRE where applicable; never use direct identifiers in analysis layer,source_id; dataset/version; field name; collection date; transformation; codebook citation; hash/query,Statistical significance or model fit cannot substitute for causal identification,UNVERIFIED_FIELD_AVAILABILITY
MET-033,Methodological / statistical integrity,Model discrimination,Design/Quality control,TEMPORAL_NUMERIC,structured/validated measure where available,Study-level,Protocol / statistical analysis plan / OSL trace,DS033;DS034;DS037;DS040;DS041,DS043;DS044,LICENSED;MIXED_ACCESS;OPEN;OPEN_API;PUBLIC_WEB,LOWER_SENSITIVITY_OR_AGGREGATE,NO_IF_VALID_SECONDARY_LEGAL_GATEWAY,Exact field/instrument verified; definition versioned; time coverage confirmed; missingness quantified; construct validity assessed,Do not code unavailable as absent; preserve UNKNOWN/NOT_MEASURED; predefine imputation/sensitivity in SAP,Use approved pseudonymous keys in TRE where applicable; never use direct identifiers in analysis layer,source_id; dataset/version; field name; collection date; transformation; codebook citation; hash/query,Statistical significance or model fit cannot substitute for causal identification,UNVERIFIED_FIELD_AVAILABILITY
MET-034,Methodological / statistical integrity,Out-of-sample validation,Design/Quality control,TEMPORAL_NUMERIC,structured/validated measure where available,Study-level,Protocol / statistical analysis plan / OSL trace,DS033;DS034;DS037;DS040;DS041,DS043;DS044,LICENSED;MIXED_ACCESS;OPEN;OPEN_API;PUBLIC_WEB,LOWER_SENSITIVITY_OR_AGGREGATE,NO_IF_VALID_SECONDARY_LEGAL_GATEWAY,Exact field/instrument verified; definition versioned; time coverage confirmed; missingness quantified; construct validity assessed,Do not code unavailable as absent; preserve UNKNOWN/NOT_MEASURED; predefine imputation/sensitivity in SAP,Use approved pseudonymous keys in TRE where applicable; never use direct identifiers in analysis layer,source_id; dataset/version; field name; collection date; transformation; codebook citation; hash/query,Statistical significance or model fit cannot substitute for causal identification,UNVERIFIED_FIELD_AVAILABILITY
MET-035,Methodological / statistical integrity,External replication status,Design/Quality control,TEMPORAL_NUMERIC,structured/validated measure where available,Study-level,Protocol / statistical analysis plan / OSL trace,DS033;DS034;DS037;DS040;DS041,DS043;DS044,LICENSED;MIXED_ACCESS;OPEN;OPEN_API;PUBLIC_WEB,LOWER_SENSITIVITY_OR_AGGREGATE,NO_IF_VALID_SECONDARY_LEGAL_GATEWAY,Exact field/instrument verified; definition versioned; time coverage confirmed; missingness quantified; construct validity assessed,Do not code unavailable as absent; preserve UNKNOWN/NOT_MEASURED; predefine imputation/sensitivity in SAP,Use approved pseudonymous keys in TRE where applicable; never use direct identifiers in analysis layer,source_id; dataset/version; field name; collection date; transformation; codebook citation; hash/query,Statistical significance or model fit cannot substitute for causal identification,UNVERIFIED_FIELD_AVAILABILITY
MET-036,Methodological / statistical integrity,Preregistration status,Design/Quality control,TEMPORAL_NUMERIC,structured/validated measure where available,Study-level,Protocol / statistical analysis plan / OSL trace,DS033;DS034;DS037;DS040;DS041,DS043;DS044,LICENSED;MIXED_ACCESS;OPEN;OPEN_API;PUBLIC_WEB,LOWER_SENSITIVITY_OR_AGGREGATE,NO_IF_VALID_SECONDARY_LEGAL_GATEWAY,Exact field/instrument verified; definition versioned; time coverage confirmed; missingness quantified; construct validity assessed,Do not code unavailable as absent; preserve UNKNOWN/NOT_MEASURED; predefine imputation/sensitivity in SAP,Use approved pseudonymous keys in TRE where applicable; never use direct identifiers in analysis layer,source_id; dataset/version; field name; collection date; transformation; codebook citation; hash/query,Statistical significance or model fit cannot substitute for causal identification,UNVERIFIED_FIELD_AVAILABILITY
MET-037,Methodological / statistical integrity,Protocol-deviation register,Design/Quality control,TEMPORAL_NUMERIC,structured/validated measure where available,Study-level,Protocol / statistical analysis plan / OSL trace,DS033;DS034;DS037;DS040;DS041,DS043;DS044,LICENSED;MIXED_ACCESS;OPEN;OPEN_API;PUBLIC_WEB,LOWER_SENSITIVITY_OR_AGGREGATE,NO_IF_VALID_SECONDARY_LEGAL_GATEWAY,Exact field/instrument verified; definition versioned; time coverage confirmed; missingness quantified; construct validity assessed,Do not code unavailable as absent; preserve UNKNOWN/NOT_MEASURED; predefine imputation/sensitivity in SAP,Use approved pseudonymous keys in TRE where applicable; never use direct identifiers in analysis layer,source_id; dataset/version; field name; collection date; transformation; codebook citation; hash/query,Statistical significance or model fit cannot substitute for causal identification,UNVERIFIED_FIELD_AVAILABILITY
MET-038,Methodological / statistical integrity,Multiplicity correction method,Design/Quality control,TEMPORAL_NUMERIC,structured/validated measure where available,Study-level,Protocol / statistical analysis plan / OSL trace,DS033;DS034;DS037;DS040;DS041,DS043;DS044,LICENSED;MIXED_ACCESS;OPEN;OPEN_API;PUBLIC_WEB,LOWER_SENSITIVITY_OR_AGGREGATE,NO_IF_VALID_SECONDARY_LEGAL_GATEWAY,Exact field/instrument verified; definition versioned; time coverage confirmed; missingness quantified; construct validity assessed,Do not code unavailable as absent; preserve UNKNOWN/NOT_MEASURED; predefine imputation/sensitivity in SAP,Use approved pseudonymous keys in TRE where applicable; never use direct identifiers in analysis layer,source_id; dataset/version; field name; collection date; transformation; codebook citation; hash/query,Statistical significance or model fit cannot substitute for causal identification,UNVERIFIED_FIELD_AVAILABILITY
MET-039,Methodological / statistical integrity,False-discovery rate,Design/Quality control,TEMPORAL_NUMERIC,structured/validated measure where available,Study-level,Protocol / statistical analysis plan / OSL trace,DS033;DS034;DS037;DS040;DS041,DS043;DS044,LICENSED;MIXED_ACCESS;OPEN;OPEN_API;PUBLIC_WEB,LOWER_SENSITIVITY_OR_AGGREGATE,NO_IF_VALID_SECONDARY_LEGAL_GATEWAY,Exact field/instrument verified; definition versioned; time coverage confirmed; missingness quantified; construct validity assessed,Do not code unavailable as absent; preserve UNKNOWN/NOT_MEASURED; predefine imputation/sensitivity in SAP,Use approved pseudonymous keys in TRE where applicable; never use direct identifiers in analysis layer,source_id; dataset/version; field name; collection date; transformation; codebook citation; hash/query,Statistical significance or model fit cannot substitute for causal identification,UNVERIFIED_FIELD_AVAILABILITY
MET-040,Methodological / statistical integrity,Primary alpha,Design/Quality control,TEMPORAL_NUMERIC,structured/validated measure where available,Study-level,Protocol / statistical analysis plan / OSL trace,DS033;DS034;DS037;DS040;DS041,DS043;DS044,LICENSED;MIXED_ACCESS;OPEN;OPEN_API;PUBLIC_WEB,LOWER_SENSITIVITY_OR_AGGREGATE,NO_IF_VALID_SECONDARY_LEGAL_GATEWAY,Exact field/instrument verified; definition versioned; time coverage confirmed; missingness quantified; construct validity assessed,Do not code unavailable as absent; preserve UNKNOWN/NOT_MEASURED; predefine imputation/sensitivity in SAP,Use approved pseudonymous keys in TRE where applicable; never use direct identifiers in analysis layer,source_id; dataset/version; field name; collection date; transformation; codebook citation; hash/query,Statistical significance or model fit cannot substitute for causal identification,UNVERIFIED_FIELD_AVAILABILITY
MET-041,Methodological / statistical integrity,Confidence interval level,Design/Quality control,TEMPORAL_NUMERIC,structured/validated measure where available,Study-level,Protocol / statistical analysis plan / OSL trace,DS033;DS034;DS037;DS040;DS041,DS043;DS044,LICENSED;MIXED_ACCESS;OPEN;OPEN_API;PUBLIC_WEB,LOWER_SENSITIVITY_OR_AGGREGATE,NO_IF_VALID_SECONDARY_LEGAL_GATEWAY,Exact field/instrument verified; definition versioned; time coverage confirmed; missingness quantified; construct validity assessed,Do not code unavailable as absent; preserve UNKNOWN/NOT_MEASURED; predefine imputation/sensitivity in SAP,Use approved pseudonymous keys in TRE where applicable; never use direct identifiers in analysis layer,source_id; dataset/version; field name; collection date; transformation; codebook citation; hash/query,Statistical significance or model fit cannot substitute for causal identification,UNVERIFIED_FIELD_AVAILABILITY
MET-042,Methodological / statistical integrity,Bayesian prior specification where used,Design/Quality control,TEMPORAL_NUMERIC,structured/validated measure where available,Study-level,Protocol / statistical analysis plan / OSL trace,DS033;DS034;DS037;DS040;DS041,DS043;DS044,LICENSED;MIXED_ACCESS;OPEN;OPEN_API;PUBLIC_WEB,LOWER_SENSITIVITY_OR_AGGREGATE,NO_IF_VALID_SECONDARY_LEGAL_GATEWAY,Exact field/instrument verified; definition versioned; time coverage confirmed; missingness quantified; construct validity assessed,Do not code unavailable as absent; preserve UNKNOWN/NOT_MEASURED; predefine imputation/sensitivity in SAP,Use approved pseudonymous keys in TRE where applicable; never use direct identifiers in analysis layer,source_id; dataset/version; field name; collection date; transformation; codebook citation; hash/query,Statistical significance or model fit cannot substitute for causal identification,UNVERIFIED_FIELD_AVAILABILITY
MET-043,Methodological / statistical integrity,Posterior sensitivity to prior,Design/Quality control,TEMPORAL_NUMERIC,structured/validated measure where available,Study-level,Protocol / statistical analysis plan / OSL trace,DS033;DS034;DS037;DS040;DS041,DS043;DS044,LICENSED;MIXED_ACCESS;OPEN;OPEN_API;PUBLIC_WEB,LOWER_SENSITIVITY_OR_AGGREGATE,NO_IF_VALID_SECONDARY_LEGAL_GATEWAY,Exact field/instrument verified; definition versioned; time coverage confirmed; missingness quantified; construct validity assessed,Do not code unavailable as absent; preserve UNKNOWN/NOT_MEASURED; predefine imputation/sensitivity in SAP,Use approved pseudonymous keys in TRE where applicable; never use direct identifiers in analysis layer,source_id; dataset/version; field name; collection date; transformation; codebook citation; hash/query,Statistical significance or model fit cannot substitute for causal identification,UNVERIFIED_FIELD_AVAILABILITY
MET-044,Methodological / statistical integrity,Bayes factor where used,Design/Quality control,TEMPORAL_NUMERIC,structured/validated measure where available,Study-level,Protocol / statistical analysis plan / OSL trace,DS033;DS034;DS037;DS040;DS041,DS043;DS044,LICENSED;MIXED_ACCESS;OPEN;OPEN_API;PUBLIC_WEB,LOWER_SENSITIVITY_OR_AGGREGATE,NO_IF_VALID_SECONDARY_LEGAL_GATEWAY,Exact field/instrument verified; definition versioned; time coverage confirmed; missingness quantified; construct validity assessed,Do not code unavailable as absent; preserve UNKNOWN/NOT_MEASURED; predefine imputation/sensitivity in SAP,Use approved pseudonymous keys in TRE where applicable; never use direct identifiers in analysis layer,source_id; dataset/version; field name; collection date; transformation; codebook citation; hash/query,Statistical significance or model fit cannot substitute for causal identification,UNVERIFIED_FIELD_AVAILABILITY
MET-045,Methodological / statistical integrity,Minimal clinically important effect,Design/Quality control,TEMPORAL_NUMERIC,structured/validated measure where available,Study-level,Protocol / statistical analysis plan / OSL trace,DS033;DS034;DS037;DS040;DS041,DS043;DS044,LICENSED;MIXED_ACCESS;OPEN;OPEN_API;PUBLIC_WEB,LOWER_SENSITIVITY_OR_AGGREGATE,NO_IF_VALID_SECONDARY_LEGAL_GATEWAY,Exact field/instrument verified; definition versioned; time coverage confirmed; missingness quantified; construct validity assessed,Do not code unavailable as absent; preserve UNKNOWN/NOT_MEASURED; predefine imputation/sensitivity in SAP,Use approved pseudonymous keys in TRE where applicable; never use direct identifiers in analysis layer,source_id; dataset/version; field name; collection date; transformation; codebook citation; hash/query,Statistical significance or model fit cannot substitute for causal identification,UNVERIFIED_FIELD_AVAILABILITY
MET-046,Methodological / statistical integrity,Statistical power target,Design/Quality control,TEMPORAL_NUMERIC,structured/validated measure where available,Study-level,Protocol / statistical analysis plan / OSL trace,DS033;DS034;DS037;DS040;DS041,DS043;DS044,LICENSED;MIXED_ACCESS;OPEN;OPEN_API;PUBLIC_WEB,LOWER_SENSITIVITY_OR_AGGREGATE,NO_IF_VALID_SECONDARY_LEGAL_GATEWAY,Exact field/instrument verified; definition versioned; time coverage confirmed; missingness quantified; construct validity assessed,Do not code unavailable as absent; preserve UNKNOWN/NOT_MEASURED; predefine imputation/sensitivity in SAP,Use approved pseudonymous keys in TRE where applicable; never use direct identifiers in analysis layer,source_id; dataset/version; field name; collection date; transformation; codebook citation; hash/query,Statistical significance or model fit cannot substitute for causal identification,UNVERIFIED_FIELD_AVAILABILITY
MET-047,Methodological / statistical integrity,Effective sample size,Design/Quality control,TEMPORAL_NUMERIC,structured/validated measure where available,Study-level,Protocol / statistical analysis plan / OSL trace,DS033;DS034;DS037;DS040;DS041,DS043;DS044,LICENSED;MIXED_ACCESS;OPEN;OPEN_API;PUBLIC_WEB,LOWER_SENSITIVITY_OR_AGGREGATE,NO_IF_VALID_SECONDARY_LEGAL_GATEWAY,Exact field/instrument verified; definition versioned; time coverage confirmed; missingness quantified; construct validity assessed,Do not code unavailable as absent; preserve UNKNOWN/NOT_MEASURED; predefine imputation/sensitivity in SAP,Use approved pseudonymous keys in TRE where applicable; never use direct identifiers in analysis layer,source_id; dataset/version; field name; collection date; transformation; codebook citation; hash/query,Statistical significance or model fit cannot substitute for causal identification,UNVERIFIED_FIELD_AVAILABILITY
MET-048,Methodological / statistical integrity,Design effect due to clustering,Design/Quality control,TEMPORAL_NUMERIC,structured/validated measure where available,Study-level,Protocol / statistical analysis plan / OSL trace,DS033;DS034;DS037;DS040;DS041,DS043;DS044,LICENSED;MIXED_ACCESS;OPEN;OPEN_API;PUBLIC_WEB,LOWER_SENSITIVITY_OR_AGGREGATE,NO_IF_VALID_SECONDARY_LEGAL_GATEWAY,Exact field/instrument verified; definition versioned; time coverage confirmed; missingness quantified; construct validity assessed,Do not code unavailable as absent; preserve UNKNOWN/NOT_MEASURED; predefine imputation/sensitivity in SAP,Use approved pseudonymous keys in TRE where applicable; never use direct identifiers in analysis layer,source_id; dataset/version; field name; collection date; transformation; codebook citation; hash/query,Statistical significance or model fit cannot substitute for causal identification,UNVERIFIED_FIELD_AVAILABILITY
MET-049,Methodological / statistical integrity,Attrition-inflated recruitment target,Design/Quality control,TEMPORAL_NUMERIC,structured/validated measure where available,Study-level,Protocol / statistical analysis plan / OSL trace,DS033;DS034;DS037;DS040;DS041,DS043;DS044,LICENSED;MIXED_ACCESS;OPEN;OPEN_API;PUBLIC_WEB,LOWER_SENSITIVITY_OR_AGGREGATE,NO_IF_VALID_SECONDARY_LEGAL_GATEWAY,Exact field/instrument verified; definition versioned; time coverage confirmed; missingness quantified; construct validity assessed,Do not code unavailable as absent; preserve UNKNOWN/NOT_MEASURED; predefine imputation/sensitivity in SAP,Use approved pseudonymous keys in TRE where applicable; never use direct identifiers in analysis layer,source_id; dataset/version; field name; collection date; transformation; codebook citation; hash/query,Statistical significance or model fit cannot substitute for causal identification,UNVERIFIED_FIELD_AVAILABILITY
MET-050,Methodological / statistical integrity,Subgroup interaction power,Design/Quality control,TEMPORAL_NUMERIC,structured/validated measure where available,Study-level,Protocol / statistical analysis plan / OSL trace,DS033;DS034;DS037;DS040;DS041,DS043;DS044,LICENSED;MIXED_ACCESS;OPEN;OPEN_API;PUBLIC_WEB,LOWER_SENSITIVITY_OR_AGGREGATE,NO_IF_VALID_SECONDARY_LEGAL_GATEWAY,Exact field/instrument verified; definition versioned; time coverage confirmed; missingness quantified; construct validity assessed,Do not code unavailable as absent; preserve UNKNOWN/NOT_MEASURED; predefine imputation/sensitivity in SAP,Use approved pseudonymous keys in TRE where applicable; never use direct identifiers in analysis layer,source_id; dataset/version; field name; collection date; transformation; codebook citation; hash/query,Statistical significance or model fit cannot substitute for causal identification,UNVERIFIED_FIELD_AVAILABILITY
MET-051,Methodological / statistical integrity,Rare-event count,Design/Quality control,TEMPORAL_NUMERIC,structured/validated measure where available,Study-level,Protocol / statistical analysis plan / OSL trace,DS033;DS034;DS037;DS040;DS041,DS043;DS044,LICENSED;MIXED_ACCESS;OPEN;OPEN_API;PUBLIC_WEB,LOWER_SENSITIVITY_OR_AGGREGATE,NO_IF_VALID_SECONDARY_LEGAL_GATEWAY,Exact field/instrument verified; definition versioned; time coverage confirmed; missingness quantified; construct validity assessed,Do not code unavailable as absent; preserve UNKNOWN/NOT_MEASURED; predefine imputation/sensitivity in SAP,Use approved pseudonymous keys in TRE where applicable; never use direct identifiers in analysis layer,source_id; dataset/version; field name; collection date; transformation; codebook citation; hash/query,Statistical significance or model fit cannot substitute for causal identification,UNVERIFIED_FIELD_AVAILABILITY
MET-052,Methodological / statistical integrity,Events-per-parameter/effective model complexity,Design/Quality control,TEMPORAL_NUMERIC,structured/validated measure where available,Study-level,Protocol / statistical analysis plan / OSL trace,DS033;DS034;DS037;DS040;DS041,DS043;DS044,LICENSED;MIXED_ACCESS;OPEN;OPEN_API;PUBLIC_WEB,LOWER_SENSITIVITY_OR_AGGREGATE,NO_IF_VALID_SECONDARY_LEGAL_GATEWAY,Exact field/instrument verified; definition versioned; time coverage confirmed; missingness quantified; construct validity assessed,Do not code unavailable as absent; preserve UNKNOWN/NOT_MEASURED; predefine imputation/sensitivity in SAP,Use approved pseudonymous keys in TRE where applicable; never use direct identifiers in analysis layer,source_id; dataset/version; field name; collection date; transformation; codebook citation; hash/query,Statistical significance or model fit cannot substitute for causal identification,UNVERIFIED_FIELD_AVAILABILITY
MET-053,Methodological / statistical integrity,Penalisation/shrinkage method,Design/Quality control,TEMPORAL_NUMERIC,structured/validated measure where available,Study-level,Protocol / statistical analysis plan / OSL trace,DS033;DS034;DS037;DS040;DS041,DS043;DS044,LICENSED;MIXED_ACCESS;OPEN;OPEN_API;PUBLIC_WEB,LOWER_SENSITIVITY_OR_AGGREGATE,NO_IF_VALID_SECONDARY_LEGAL_GATEWAY,Exact field/instrument verified; definition versioned; time coverage confirmed; missingness quantified; construct validity assessed,Do not code unavailable as absent; preserve UNKNOWN/NOT_MEASURED; predefine imputation/sensitivity in SAP,Use approved pseudonymous keys in TRE where applicable; never use direct identifiers in analysis layer,source_id; dataset/version; field name; collection date; transformation; codebook citation; hash/query,Statistical significance or model fit cannot substitute for causal identification,UNVERIFIED_FIELD_AVAILABILITY
MET-054,Methodological / statistical integrity,Held-out test set status,Design/Quality control,TEMPORAL_NUMERIC,structured/validated measure where available,Study-level,Protocol / statistical analysis plan / OSL trace,DS033;DS034;DS037;DS040;DS041,DS043;DS044,LICENSED;MIXED_ACCESS;OPEN;OPEN_API;PUBLIC_WEB,LOWER_SENSITIVITY_OR_AGGREGATE,NO_IF_VALID_SECONDARY_LEGAL_GATEWAY,Exact field/instrument verified; definition versioned; time coverage confirmed; missingness quantified; construct validity assessed,Do not code unavailable as absent; preserve UNKNOWN/NOT_MEASURED; predefine imputation/sensitivity in SAP,Use approved pseudonymous keys in TRE where applicable; never use direct identifiers in analysis layer,source_id; dataset/version; field name; collection date; transformation; codebook citation; hash/query,Statistical significance or model fit cannot substitute for causal identification,UNVERIFIED_FIELD_AVAILABILITY
MET-055,Methodological / statistical integrity,Data leakage audit,Design/Quality control,TEMPORAL_NUMERIC,structured/validated measure where available,Study-level,Protocol / statistical analysis plan / OSL trace,DS033;DS034;DS037;DS040;DS041,DS043;DS044,LICENSED;MIXED_ACCESS;OPEN;OPEN_API;PUBLIC_WEB,LOWER_SENSITIVITY_OR_AGGREGATE,NO_IF_VALID_SECONDARY_LEGAL_GATEWAY,Exact field/instrument verified; definition versioned; time coverage confirmed; missingness quantified; construct validity assessed,Do not code unavailable as absent; preserve UNKNOWN/NOT_MEASURED; predefine imputation/sensitivity in SAP,Use approved pseudonymous keys in TRE where applicable; never use direct identifiers in analysis layer,source_id; dataset/version; field name; collection date; transformation; codebook citation; hash/query,Statistical significance or model fit cannot substitute for causal identification,UNVERIFIED_FIELD_AVAILABILITY
MET-056,Methodological / statistical integrity,Algorithmic fairness subgroup calibration,Design/Quality control,TEMPORAL_NUMERIC,structured/validated measure where available,Study-level,Protocol / statistical analysis plan / OSL trace,DS033;DS034;DS037;DS040;DS041,DS043;DS044,LICENSED;MIXED_ACCESS;OPEN;OPEN_API;PUBLIC_WEB,LOWER_SENSITIVITY_OR_AGGREGATE,NO_IF_VALID_SECONDARY_LEGAL_GATEWAY,Exact field/instrument verified; definition versioned; time coverage confirmed; missingness quantified; construct validity assessed,Do not code unavailable as absent; preserve UNKNOWN/NOT_MEASURED; predefine imputation/sensitivity in SAP,Use approved pseudonymous keys in TRE where applicable; never use direct identifiers in analysis layer,source_id; dataset/version; field name; collection date; transformation; codebook citation; hash/query,Statistical significance or model fit cannot substitute for causal identification,UNVERIFIED_FIELD_AVAILABILITY
MET-057,Methodological / statistical integrity,Transportability assessment,Design/Quality control,TEMPORAL_NUMERIC,structured/validated measure where available,Study-level,Protocol / statistical analysis plan / OSL trace,DS033;DS034;DS037;DS040;DS041,DS043;DS044,LICENSED;MIXED_ACCESS;OPEN;OPEN_API;PUBLIC_WEB,LOWER_SENSITIVITY_OR_AGGREGATE,NO_IF_VALID_SECONDARY_LEGAL_GATEWAY,Exact field/instrument verified; definition versioned; time coverage confirmed; missingness quantified; construct validity assessed,Do not code unavailable as absent; preserve UNKNOWN/NOT_MEASURED; predefine imputation/sensitivity in SAP,Use approved pseudonymous keys in TRE where applicable; never use direct identifiers in analysis layer,source_id; dataset/version; field name; collection date; transformation; codebook citation; hash/query,Statistical significance or model fit cannot substitute for causal identification,UNVERIFIED_FIELD_AVAILABILITY
MET-058,Methodological / statistical integrity,Causal identification grade,Design/Quality control,TEMPORAL_NUMERIC,structured/validated measure where available,Study-level,Protocol / statistical analysis plan / OSL trace,DS033;DS034;DS037;DS040;DS041,DS043;DS044,LICENSED;MIXED_ACCESS;OPEN;OPEN_API;PUBLIC_WEB,LOWER_SENSITIVITY_OR_AGGREGATE,NO_IF_VALID_SECONDARY_LEGAL_GATEWAY,Exact field/instrument verified; definition versioned; time coverage confirmed; missingness quantified; construct validity assessed,Do not code unavailable as absent; preserve UNKNOWN/NOT_MEASURED; predefine imputation/sensitivity in SAP,Use approved pseudonymous keys in TRE where applicable; never use direct identifiers in analysis layer,source_id; dataset/version; field name; collection date; transformation; codebook citation; hash/query,Statistical significance or model fit cannot substitute for causal identification,UNVERIFIED_FIELD_AVAILABILITY
MET-059,Methodological / statistical integrity,Evidence-adjudication vector,Design/Quality control,TEMPORAL_NUMERIC,structured/validated measure where available,Study-level,Protocol / statistical analysis plan / OSL trace,DS033;DS034;DS037;DS040;DS041,DS043;DS044,LICENSED;MIXED_ACCESS;OPEN;OPEN_API;PUBLIC_WEB,LOWER_SENSITIVITY_OR_AGGREGATE,NO_IF_VALID_SECONDARY_LEGAL_GATEWAY,Exact field/instrument verified; definition versioned; time coverage confirmed; missingness quantified; construct validity assessed,Do not code unavailable as absent; preserve UNKNOWN/NOT_MEASURED; predefine imputation/sensitivity in SAP,Use approved pseudonymous keys in TRE where applicable; never use direct identifiers in analysis layer,source_id; dataset/version; field name; collection date; transformation; codebook citation; hash/query,Statistical significance or model fit cannot substitute for causal identification,UNVERIFIED_FIELD_AVAILABILITY
MET-060,Methodological / statistical integrity,Claim ceiling based on weakest evidence dimension,Design/Quality control,TEMPORAL_NUMERIC,structured/validated measure where available,Study-level,Protocol / statistical analysis plan / OSL trace,DS033;DS034;DS037;DS040;DS041,DS043;DS044,LICENSED;MIXED_ACCESS;OPEN;OPEN_API;PUBLIC_WEB,LOWER_SENSITIVITY_OR_AGGREGATE,NO_IF_VALID_SECONDARY_LEGAL_GATEWAY,Exact field/instrument verified; definition versioned; time coverage confirmed; missingness quantified; construct validity assessed,Do not code unavailable as absent; preserve UNKNOWN/NOT_MEASURED; predefine imputation/sensitivity in SAP,Use approved pseudonymous keys in TRE where applicable; never use direct identifiers in analysis layer,source_id; dataset/version; field name; collection date; transformation; codebook citation; hash/query,Statistical significance or model fit cannot substitute for causal identification,UNVERIFIED_FIELD_AVAILABILITY
PSYCHDYN-001,Psychodynamic / identity-process constructs,Attachment security/insecurity,Moderator/Mediator/Hypothesis-specific,TEMPORAL_NUMERIC,validated measure or blinded expert coding where available,Baseline and repeated,PRO / structured interview / consented transcript / clinical formulation,DS064,DS018;DS020,MIXED_ACCESS;PRIMARY_RESEARCH;RESTRICTED_COHORT,SPECIAL_CATEGORY_OR_HIGH_SENSITIVITY,YES_IF_PRIMARY_PARTICIPANT_DATA,Exact field/instrument verified; definition versioned; time coverage confirmed; missingness quantified; construct validity assessed,Do not code unavailable as absent; preserve UNKNOWN/NOT_MEASURED; predefine imputation/sensitivity in SAP,Use approved pseudonymous keys in TRE where applicable; never use direct identifiers in analysis layer,source_id; dataset/version; field name; collection date; transformation; codebook citation; hash/query,"Psychodynamic interpretation is hypothesis-level evidence, not diagnostic fact",UNVERIFIED_FIELD_AVAILABILITY
PSYCHDYN-002,Psychodynamic / identity-process constructs,Identity integration versus diffusion,Moderator/Mediator/Hypothesis-specific,TEMPORAL_NUMERIC,validated measure or blinded expert coding where available,Baseline and repeated,PRO / structured interview / consented transcript / clinical formulation,DS064,DS018;DS020,MIXED_ACCESS;PRIMARY_RESEARCH;RESTRICTED_COHORT,SPECIAL_CATEGORY_OR_HIGH_SENSITIVITY,YES_IF_PRIMARY_PARTICIPANT_DATA,Exact field/instrument verified; definition versioned; time coverage confirmed; missingness quantified; construct validity assessed,Do not code unavailable as absent; preserve UNKNOWN/NOT_MEASURED; predefine imputation/sensitivity in SAP,Use approved pseudonymous keys in TRE where applicable; never use direct identifiers in analysis layer,source_id; dataset/version; field name; collection date; transformation; codebook citation; hash/query,"Psychodynamic interpretation is hypothesis-level evidence, not diagnostic fact",UNVERIFIED_FIELD_AVAILABILITY
PSYCHDYN-003,Psychodynamic / identity-process constructs,Self-concept clarity,Moderator/Mediator/Hypothesis-specific,TEMPORAL_NUMERIC,validated measure or blinded expert coding where available,Baseline and repeated,PRO / structured interview / consented transcript / clinical formulation,DS064,DS018;DS020,MIXED_ACCESS;PRIMARY_RESEARCH;RESTRICTED_COHORT,SPECIAL_CATEGORY_OR_HIGH_SENSITIVITY,YES_IF_PRIMARY_PARTICIPANT_DATA,Exact field/instrument verified; definition versioned; time coverage confirmed; missingness quantified; construct validity assessed,Do not code unavailable as absent; preserve UNKNOWN/NOT_MEASURED; predefine imputation/sensitivity in SAP,Use approved pseudonymous keys in TRE where applicable; never use direct identifiers in analysis layer,source_id; dataset/version; field name; collection date; transformation; codebook citation; hash/query,"Psychodynamic interpretation is hypothesis-level evidence, not diagnostic fact",UNVERIFIED_FIELD_AVAILABILITY
PSYCHDYN-004,Psychodynamic / identity-process constructs,Mentalization/reflective-function capacity,Moderator/Mediator/Hypothesis-specific,TEMPORAL_NUMERIC,validated measure or blinded expert coding where available,Baseline and repeated,PRO / structured interview / consented transcript / clinical formulation,DS064,DS018;DS020,MIXED_ACCESS;PRIMARY_RESEARCH;RESTRICTED_COHORT,SPECIAL_CATEGORY_OR_HIGH_SENSITIVITY,YES_IF_PRIMARY_PARTICIPANT_DATA,Exact field/instrument verified; definition versioned; time coverage confirmed; missingness quantified; construct validity assessed,Do not code unavailable as absent; preserve UNKNOWN/NOT_MEASURED; predefine imputation/sensitivity in SAP,Use approved pseudonymous keys in TRE where applicable; never use direct identifiers in analysis layer,source_id; dataset/version; field name; collection date; transformation; codebook citation; hash/query,"Psychodynamic interpretation is hypothesis-level evidence, not diagnostic fact",UNVERIFIED_FIELD_AVAILABILITY
PSYCHDYN-005,Psychodynamic / identity-process constructs,Affect regulation style,Moderator/Mediator/Hypothesis-specific,TEMPORAL_NUMERIC,validated measure or blinded expert coding where available,Baseline and repeated,PRO / structured interview / consented transcript / clinical formulation,DS064,DS018;DS020,MIXED_ACCESS;PRIMARY_RESEARCH;RESTRICTED_COHORT,SPECIAL_CATEGORY_OR_HIGH_SENSITIVITY,YES_IF_PRIMARY_PARTICIPANT_DATA,Exact field/instrument verified; definition versioned; time coverage confirmed; missingness quantified; construct validity assessed,Do not code unavailable as absent; preserve UNKNOWN/NOT_MEASURED; predefine imputation/sensitivity in SAP,Use approved pseudonymous keys in TRE where applicable; never use direct identifiers in analysis layer,source_id; dataset/version; field name; collection date; transformation; codebook citation; hash/query,"Psychodynamic interpretation is hypothesis-level evidence, not diagnostic fact",UNVERIFIED_FIELD_AVAILABILITY
PSYCHDYN-006,Psychodynamic / identity-process constructs,Experiential avoidance,Moderator/Mediator/Hypothesis-specific,TEMPORAL_NUMERIC,validated measure or blinded expert coding where available,Baseline and repeated,PRO / structured interview / consented transcript / clinical formulation,DS064,DS018;DS020,MIXED_ACCESS;PRIMARY_RESEARCH;RESTRICTED_COHORT,SPECIAL_CATEGORY_OR_HIGH_SENSITIVITY,YES_IF_PRIMARY_PARTICIPANT_DATA,Exact field/instrument verified; definition versioned; time coverage confirmed; missingness quantified; construct validity assessed,Do not code unavailable as absent; preserve UNKNOWN/NOT_MEASURED; predefine imputation/sensitivity in SAP,Use approved pseudonymous keys in TRE where applicable; never use direct identifiers in analysis layer,source_id; dataset/version; field name; collection date; transformation; codebook citation; hash/query,"Psychodynamic interpretation is hypothesis-level evidence, not diagnostic fact",UNVERIFIED_FIELD_AVAILABILITY
PSYCHDYN-007,Psychodynamic / identity-process constructs,Dissociative symptoms,Moderator/Mediator/Hypothesis-specific,TEMPORAL_NUMERIC,validated measure or blinded expert coding where available,Baseline and repeated,PRO / structured interview / consented transcript / clinical formulation,DS064,DS018;DS020,MIXED_ACCESS;PRIMARY_RESEARCH;RESTRICTED_COHORT,SPECIAL_CATEGORY_OR_HIGH_SENSITIVITY,YES_IF_PRIMARY_PARTICIPANT_DATA,Exact field/instrument verified; definition versioned; time coverage confirmed; missingness quantified; construct validity assessed,Do not code unavailable as absent; preserve UNKNOWN/NOT_MEASURED; predefine imputation/sensitivity in SAP,Use approved pseudonymous keys in TRE where applicable; never use direct identifiers in analysis layer,source_id; dataset/version; field name; collection date; transformation; codebook citation; hash/query,"Psychodynamic interpretation is hypothesis-level evidence, not diagnostic fact",UNVERIFIED_FIELD_AVAILABILITY
PSYCHDYN-008,Psychodynamic / identity-process constructs,Depersonalisation/derealisation,Moderator/Mediator/Hypothesis-specific,TEMPORAL_NUMERIC,validated measure or blinded expert coding where available,Baseline and repeated,PRO / structured interview / consented transcript / clinical formulation,DS064,DS018;DS020,MIXED_ACCESS;PRIMARY_RESEARCH;RESTRICTED_COHORT,SPECIAL_CATEGORY_OR_HIGH_SENSITIVITY,YES_IF_PRIMARY_PARTICIPANT_DATA,Exact field/instrument verified; definition versioned; time coverage confirmed; missingness quantified; construct validity assessed,Do not code unavailable as absent; preserve UNKNOWN/NOT_MEASURED; predefine imputation/sensitivity in SAP,Use approved pseudonymous keys in TRE where applicable; never use direct identifiers in analysis layer,source_id; dataset/version; field name; collection date; transformation; codebook citation; hash/query,"Psychodynamic interpretation is hypothesis-level evidence, not diagnostic fact",UNVERIFIED_FIELD_AVAILABILITY
PSYCHDYN-009,Psychodynamic / identity-process constructs,Body-self integration,Moderator/Mediator/Hypothesis-specific,TEMPORAL_NUMERIC,validated measure or blinded expert coding where available,Baseline and repeated,PRO / structured interview / consented transcript / clinical formulation,DS064,DS018;DS020,MIXED_ACCESS;PRIMARY_RESEARCH;RESTRICTED_COHORT,SPECIAL_CATEGORY_OR_HIGH_SENSITIVITY,YES_IF_PRIMARY_PARTICIPANT_DATA,Exact field/instrument verified; definition versioned; time coverage confirmed; missingness quantified; construct validity assessed,Do not code unavailable as absent; preserve UNKNOWN/NOT_MEASURED; predefine imputation/sensitivity in SAP,Use approved pseudonymous keys in TRE where applicable; never use direct identifiers in analysis layer,source_id; dataset/version; field name; collection date; transformation; codebook citation; hash/query,"Psychodynamic interpretation is hypothesis-level evidence, not diagnostic fact",UNVERIFIED_FIELD_AVAILABILITY
PSYCHDYN-010,Psychodynamic / identity-process constructs,Shame proneness,Moderator/Mediator/Hypothesis-specific,TEMPORAL_NUMERIC,validated measure or blinded expert coding where available,Baseline and repeated,PRO / structured interview / consented transcript / clinical formulation,DS064,DS018;DS020,MIXED_ACCESS;PRIMARY_RESEARCH;RESTRICTED_COHORT,SPECIAL_CATEGORY_OR_HIGH_SENSITIVITY,YES_IF_PRIMARY_PARTICIPANT_DATA,Exact field/instrument verified; definition versioned; time coverage confirmed; missingness quantified; construct validity assessed,Do not code unavailable as absent; preserve UNKNOWN/NOT_MEASURED; predefine imputation/sensitivity in SAP,Use approved pseudonymous keys in TRE where applicable; never use direct identifiers in analysis layer,source_id; dataset/version; field name; collection date; transformation; codebook citation; hash/query,"Psychodynamic interpretation is hypothesis-level evidence, not diagnostic fact",UNVERIFIED_FIELD_AVAILABILITY
PSYCHDYN-011,Psychodynamic / identity-process constructs,Internalised stigma,Moderator/Mediator/Hypothesis-specific,TEMPORAL_NUMERIC,validated measure or blinded expert coding where available,Baseline and repeated,PRO / structured interview / consented transcript / clinical formulation,DS064,DS018;DS020,MIXED_ACCESS;PRIMARY_RESEARCH;RESTRICTED_COHORT,SPECIAL_CATEGORY_OR_HIGH_SENSITIVITY,YES_IF_PRIMARY_PARTICIPANT_DATA,Exact field/instrument verified; definition versioned; time coverage confirmed; missingness quantified; construct validity assessed,Do not code unavailable as absent; preserve UNKNOWN/NOT_MEASURED; predefine imputation/sensitivity in SAP,Use approved pseudonymous keys in TRE where applicable; never use direct identifiers in analysis layer,source_id; dataset/version; field name; collection date; transformation; codebook citation; hash/query,"Psychodynamic interpretation is hypothesis-level evidence, not diagnostic fact",UNVERIFIED_FIELD_AVAILABILITY
PSYCHDYN-012,Psychodynamic / identity-process constructs,Defence-style profile where validly measured,Moderator/Mediator/Hypothesis-specific,TEMPORAL_NUMERIC,validated measure or blinded expert coding where available,Baseline and repeated,PRO / structured interview / consented transcript / clinical formulation,DS064,DS018;DS020,MIXED_ACCESS;PRIMARY_RESEARCH;RESTRICTED_COHORT,SPECIAL_CATEGORY_OR_HIGH_SENSITIVITY,YES_IF_PRIMARY_PARTICIPANT_DATA,Exact field/instrument verified; definition versioned; time coverage confirmed; missingness quantified; construct validity assessed,Do not code unavailable as absent; preserve UNKNOWN/NOT_MEASURED; predefine imputation/sensitivity in SAP,Use approved pseudonymous keys in TRE where applicable; never use direct identifiers in analysis layer,source_id; dataset/version; field name; collection date; transformation; codebook citation; hash/query,"Psychodynamic interpretation is hypothesis-level evidence, not diagnostic fact",UNVERIFIED_FIELD_AVAILABILITY
PSYCHDYN-013,Psychodynamic / identity-process constructs,Interpersonal dependency,Moderator/Mediator/Hypothesis-specific,TEMPORAL_NUMERIC,validated measure or blinded expert coding where available,Baseline and repeated,PRO / structured interview / consented transcript / clinical formulation,DS064,DS018;DS020,MIXED_ACCESS;PRIMARY_RESEARCH;RESTRICTED_COHORT,SPECIAL_CATEGORY_OR_HIGH_SENSITIVITY,YES_IF_PRIMARY_PARTICIPANT_DATA,Exact field/instrument verified; definition versioned; time coverage confirmed; missingness quantified; construct validity assessed,Do not code unavailable as absent; preserve UNKNOWN/NOT_MEASURED; predefine imputation/sensitivity in SAP,Use approved pseudonymous keys in TRE where applicable; never use direct identifiers in analysis layer,source_id; dataset/version; field name; collection date; transformation; codebook citation; hash/query,"Psychodynamic interpretation is hypothesis-level evidence, not diagnostic fact",UNVERIFIED_FIELD_AVAILABILITY
PSYCHDYN-014,Psychodynamic / identity-process constructs,Fear of abandonment,Moderator/Mediator/Hypothesis-specific,TEMPORAL_NUMERIC,validated measure or blinded expert coding where available,Baseline and repeated,PRO / structured interview / consented transcript / clinical formulation,DS064,DS018;DS020,MIXED_ACCESS;PRIMARY_RESEARCH;RESTRICTED_COHORT,SPECIAL_CATEGORY_OR_HIGH_SENSITIVITY,YES_IF_PRIMARY_PARTICIPANT_DATA,Exact field/instrument verified; definition versioned; time coverage confirmed; missingness quantified; construct validity assessed,Do not code unavailable as absent; preserve UNKNOWN/NOT_MEASURED; predefine imputation/sensitivity in SAP,Use approved pseudonymous keys in TRE where applicable; never use direct identifiers in analysis layer,source_id; dataset/version; field name; collection date; transformation; codebook citation; hash/query,"Psychodynamic interpretation is hypothesis-level evidence, not diagnostic fact",UNVERIFIED_FIELD_AVAILABILITY
PSYCHDYN-015,Psychodynamic / identity-process constructs,Need for belonging,Moderator/Mediator/Hypothesis-specific,TEMPORAL_NUMERIC,validated measure or blinded expert coding where available,Baseline and repeated,PRO / structured interview / consented transcript / clinical formulation,DS064,DS018;DS020,MIXED_ACCESS;PRIMARY_RESEARCH;RESTRICTED_COHORT,SPECIAL_CATEGORY_OR_HIGH_SENSITIVITY,YES_IF_PRIMARY_PARTICIPANT_DATA,Exact field/instrument verified; definition versioned; time coverage confirmed; missingness quantified; construct validity assessed,Do not code unavailable as absent; preserve UNKNOWN/NOT_MEASURED; predefine imputation/sensitivity in SAP,Use approved pseudonymous keys in TRE where applicable; never use direct identifiers in analysis layer,source_id; dataset/version; field name; collection date; transformation; codebook citation; hash/query,"Psychodynamic interpretation is hypothesis-level evidence, not diagnostic fact",UNVERIFIED_FIELD_AVAILABILITY
PSYCHDYN-016,Psychodynamic / identity-process constructs,Idealisation/devaluation tendencies where clinically assessed,Moderator/Mediator/Hypothesis-specific,TEMPORAL_NUMERIC,validated measure or blinded expert coding where available,Baseline and repeated,PRO / structured interview / consented transcript / clinical formulation,DS064,DS018;DS020,MIXED_ACCESS;PRIMARY_RESEARCH;RESTRICTED_COHORT,SPECIAL_CATEGORY_OR_HIGH_SENSITIVITY,YES_IF_PRIMARY_PARTICIPANT_DATA,Exact field/instrument verified; definition versioned; time coverage confirmed; missingness quantified; construct validity assessed,Do not code unavailable as absent; preserve UNKNOWN/NOT_MEASURED; predefine imputation/sensitivity in SAP,Use approved pseudonymous keys in TRE where applicable; never use direct identifiers in analysis layer,source_id; dataset/version; field name; collection date; transformation; codebook citation; hash/query,"Psychodynamic interpretation is hypothesis-level evidence, not diagnostic fact",UNVERIFIED_FIELD_AVAILABILITY
PSYCHDYN-017,Psychodynamic / identity-process constructs,Parent-child enmeshment/autonomy balance,Moderator/Mediator/Hypothesis-specific,TEMPORAL_NUMERIC,validated measure or blinded expert coding where available,Baseline and repeated,PRO / structured interview / consented transcript / clinical formulation,DS064,DS018;DS020,MIXED_ACCESS;PRIMARY_RESEARCH;RESTRICTED_COHORT,SPECIAL_CATEGORY_OR_HIGH_SENSITIVITY,YES_IF_PRIMARY_PARTICIPANT_DATA,Exact field/instrument verified; definition versioned; time coverage confirmed; missingness quantified; construct validity assessed,Do not code unavailable as absent; preserve UNKNOWN/NOT_MEASURED; predefine imputation/sensitivity in SAP,Use approved pseudonymous keys in TRE where applicable; never use direct identifiers in analysis layer,source_id; dataset/version; field name; collection date; transformation; codebook citation; hash/query,"Psychodynamic interpretation is hypothesis-level evidence, not diagnostic fact",UNVERIFIED_FIELD_AVAILABILITY
PSYCHDYN-018,Psychodynamic / identity-process constructs,Separation-individuation difficulties,Moderator/Mediator/Hypothesis-specific,TEMPORAL_NUMERIC,validated measure or blinded expert coding where available,Baseline and repeated,PRO / structured interview / consented transcript / clinical formulation,DS064,DS018;DS020,MIXED_ACCESS;PRIMARY_RESEARCH;RESTRICTED_COHORT,SPECIAL_CATEGORY_OR_HIGH_SENSITIVITY,YES_IF_PRIMARY_PARTICIPANT_DATA,Exact field/instrument verified; definition versioned; time coverage confirmed; missingness quantified; construct validity assessed,Do not code unavailable as absent; preserve UNKNOWN/NOT_MEASURED; predefine imputation/sensitivity in SAP,Use approved pseudonymous keys in TRE where applicable; never use direct identifiers in analysis layer,source_id; dataset/version; field name; collection date; transformation; codebook citation; hash/query,"Psychodynamic interpretation is hypothesis-level evidence, not diagnostic fact",UNVERIFIED_FIELD_AVAILABILITY
PSYCHDYN-019,Psychodynamic / identity-process constructs,Family conflict around identity/autonomy,Moderator/Mediator/Hypothesis-specific,TEMPORAL_NUMERIC,validated measure or blinded expert coding where available,Baseline and repeated,PRO / structured interview / consented transcript / clinical formulation,DS064,DS018;DS020,MIXED_ACCESS;PRIMARY_RESEARCH;RESTRICTED_COHORT,SPECIAL_CATEGORY_OR_HIGH_SENSITIVITY,YES_IF_PRIMARY_PARTICIPANT_DATA,Exact field/instrument verified; definition versioned; time coverage confirmed; missingness quantified; construct validity assessed,Do not code unavailable as absent; preserve UNKNOWN/NOT_MEASURED; predefine imputation/sensitivity in SAP,Use approved pseudonymous keys in TRE where applicable; never use direct identifiers in analysis layer,source_id; dataset/version; field name; collection date; transformation; codebook citation; hash/query,"Psychodynamic interpretation is hypothesis-level evidence, not diagnostic fact",UNVERIFIED_FIELD_AVAILABILITY
PSYCHDYN-020,Psychodynamic / identity-process constructs,Clinician countertransference rating in research setting,Moderator/Mediator/Hypothesis-specific,TEMPORAL_NUMERIC,validated measure or blinded expert coding where available,Baseline and repeated,PRO / structured interview / consented transcript / clinical formulation,DS064,DS018;DS020,MIXED_ACCESS;PRIMARY_RESEARCH;RESTRICTED_COHORT,SPECIAL_CATEGORY_OR_HIGH_SENSITIVITY,YES_IF_PRIMARY_PARTICIPANT_DATA,Exact field/instrument verified; definition versioned; time coverage confirmed; missingness quantified; construct validity assessed,Do not code unavailable as absent; preserve UNKNOWN/NOT_MEASURED; predefine imputation/sensitivity in SAP,Use approved pseudonymous keys in TRE where applicable; never use direct identifiers in analysis layer,source_id; dataset/version; field name; collection date; transformation; codebook citation; hash/query,"Psychodynamic interpretation is hypothesis-level evidence, not diagnostic fact",UNVERIFIED_FIELD_AVAILABILITY
PSYCHDYN-021,Psychodynamic / identity-process constructs,Therapeutic alliance,Moderator/Mediator/Hypothesis-specific,TEMPORAL_NUMERIC,validated measure or blinded expert coding where available,Baseline and repeated,PRO / structured interview / consented transcript / clinical formulation,DS064,DS018;DS020,MIXED_ACCESS;PRIMARY_RESEARCH;RESTRICTED_COHORT,SPECIAL_CATEGORY_OR_HIGH_SENSITIVITY,YES_IF_PRIMARY_PARTICIPANT_DATA,Exact field/instrument verified; definition versioned; time coverage confirmed; missingness quantified; construct validity assessed,Do not code unavailable as absent; preserve UNKNOWN/NOT_MEASURED; predefine imputation/sensitivity in SAP,Use approved pseudonymous keys in TRE where applicable; never use direct identifiers in analysis layer,source_id; dataset/version; field name; collection date; transformation; codebook citation; hash/query,"Psychodynamic interpretation is hypothesis-level evidence, not diagnostic fact",UNVERIFIED_FIELD_AVAILABILITY
PSYCHDYN-022,Psychodynamic / identity-process constructs,Alliance rupture/repair events,Moderator/Mediator/Hypothesis-specific,TEMPORAL_NUMERIC,validated measure or blinded expert coding where available,Baseline and repeated,PRO / structured interview / consented transcript / clinical formulation,DS064,DS018;DS020,MIXED_ACCESS;PRIMARY_RESEARCH;RESTRICTED_COHORT,SPECIAL_CATEGORY_OR_HIGH_SENSITIVITY,YES_IF_PRIMARY_PARTICIPANT_DATA,Exact field/instrument verified; definition versioned; time coverage confirmed; missingness quantified; construct validity assessed,Do not code unavailable as absent; preserve UNKNOWN/NOT_MEASURED; predefine imputation/sensitivity in SAP,Use approved pseudonymous keys in TRE where applicable; never use direct identifiers in analysis layer,source_id; dataset/version; field name; collection date; transformation; codebook citation; hash/query,"Psychodynamic interpretation is hypothesis-level evidence, not diagnostic fact",UNVERIFIED_FIELD_AVAILABILITY
PSYCHDYN-023,Psychodynamic / identity-process constructs,Narrative identity coherence,Moderator/Mediator/Hypothesis-specific,TEMPORAL_NUMERIC,validated measure or blinded expert coding where available,Baseline and repeated,PRO / structured interview / consented transcript / clinical formulation,DS064,DS018;DS020,MIXED_ACCESS;PRIMARY_RESEARCH;RESTRICTED_COHORT,SPECIAL_CATEGORY_OR_HIGH_SENSITIVITY,YES_IF_PRIMARY_PARTICIPANT_DATA,Exact field/instrument verified; definition versioned; time coverage confirmed; missingness quantified; construct validity assessed,Do not code unavailable as absent; preserve UNKNOWN/NOT_MEASURED; predefine imputation/sensitivity in SAP,Use approved pseudonymous keys in TRE where applicable; never use direct identifiers in analysis layer,source_id; dataset/version; field name; collection date; transformation; codebook citation; hash/query,"Psychodynamic interpretation is hypothesis-level evidence, not diagnostic fact",UNVERIFIED_FIELD_AVAILABILITY
PSYCHDYN-024,Psychodynamic / identity-process constructs,Narrative discontinuity across developmental periods,Moderator/Mediator/Hypothesis-specific,TEMPORAL_NUMERIC,validated measure or blinded expert coding where available,Baseline and repeated,PRO / structured interview / consented transcript / clinical formulation,DS064,DS018;DS020,MIXED_ACCESS;PRIMARY_RESEARCH;RESTRICTED_COHORT,SPECIAL_CATEGORY_OR_HIGH_SENSITIVITY,YES_IF_PRIMARY_PARTICIPANT_DATA,Exact field/instrument verified; definition versioned; time coverage confirmed; missingness quantified; construct validity assessed,Do not code unavailable as absent; preserve UNKNOWN/NOT_MEASURED; predefine imputation/sensitivity in SAP,Use approved pseudonymous keys in TRE where applicable; never use direct identifiers in analysis layer,source_id; dataset/version; field name; collection date; transformation; codebook citation; hash/query,"Psychodynamic interpretation is hypothesis-level evidence, not diagnostic fact",UNVERIFIED_FIELD_AVAILABILITY
PSYCHDYN-025,Psychodynamic / identity-process constructs,Meaning attributed to bodily distress,Moderator/Mediator/Hypothesis-specific,TEMPORAL_NUMERIC,validated measure or blinded expert coding where available,Baseline and repeated,PRO / structured interview / consented transcript / clinical formulation,DS064,DS018;DS020,MIXED_ACCESS;PRIMARY_RESEARCH;RESTRICTED_COHORT,SPECIAL_CATEGORY_OR_HIGH_SENSITIVITY,YES_IF_PRIMARY_PARTICIPANT_DATA,Exact field/instrument verified; definition versioned; time coverage confirmed; missingness quantified; construct validity assessed,Do not code unavailable as absent; preserve UNKNOWN/NOT_MEASURED; predefine imputation/sensitivity in SAP,Use approved pseudonymous keys in TRE where applicable; never use direct identifiers in analysis layer,source_id; dataset/version; field name; collection date; transformation; codebook citation; hash/query,"Psychodynamic interpretation is hypothesis-level evidence, not diagnostic fact",UNVERIFIED_FIELD_AVAILABILITY
PSYCHDYN-026,Psychodynamic / identity-process constructs,Meaning attributed to puberty,Moderator/Mediator/Hypothesis-specific,TEMPORAL_NUMERIC,validated measure or blinded expert coding where available,Baseline and repeated,PRO / structured interview / consented transcript / clinical formulation,DS064,DS018;DS020,MIXED_ACCESS;PRIMARY_RESEARCH;RESTRICTED_COHORT,SPECIAL_CATEGORY_OR_HIGH_SENSITIVITY,YES_IF_PRIMARY_PARTICIPANT_DATA,Exact field/instrument verified; definition versioned; time coverage confirmed; missingness quantified; construct validity assessed,Do not code unavailable as absent; preserve UNKNOWN/NOT_MEASURED; predefine imputation/sensitivity in SAP,Use approved pseudonymous keys in TRE where applicable; never use direct identifiers in analysis layer,source_id; dataset/version; field name; collection date; transformation; codebook citation; hash/query,"Psychodynamic interpretation is hypothesis-level evidence, not diagnostic fact",UNVERIFIED_FIELD_AVAILABILITY
PSYCHDYN-027,Psychodynamic / identity-process constructs,Meaning attributed to gender labels,Moderator/Mediator/Hypothesis-specific,TEMPORAL_NUMERIC,validated measure or blinded expert coding where available,Baseline and repeated,PRO / structured interview / consented transcript / clinical formulation,DS064,DS018;DS020,MIXED_ACCESS;PRIMARY_RESEARCH;RESTRICTED_COHORT,SPECIAL_CATEGORY_OR_HIGH_SENSITIVITY,YES_IF_PRIMARY_PARTICIPANT_DATA,Exact field/instrument verified; definition versioned; time coverage confirmed; missingness quantified; construct validity assessed,Do not code unavailable as absent; preserve UNKNOWN/NOT_MEASURED; predefine imputation/sensitivity in SAP,Use approved pseudonymous keys in TRE where applicable; never use direct identifiers in analysis layer,source_id; dataset/version; field name; collection date; transformation; codebook citation; hash/query,"Psychodynamic interpretation is hypothesis-level evidence, not diagnostic fact",UNVERIFIED_FIELD_AVAILABILITY
PSYCHDYN-028,Psychodynamic / identity-process constructs,Meaning attributed to medical transition,Moderator/Mediator/Hypothesis-specific,TEMPORAL_NUMERIC,validated measure or blinded expert coding where available,Baseline and repeated,PRO / structured interview / consented transcript / clinical formulation,DS064,DS018;DS020,MIXED_ACCESS;PRIMARY_RESEARCH;RESTRICTED_COHORT,SPECIAL_CATEGORY_OR_HIGH_SENSITIVITY,YES_IF_PRIMARY_PARTICIPANT_DATA,Exact field/instrument verified; definition versioned; time coverage confirmed; missingness quantified; construct validity assessed,Do not code unavailable as absent; preserve UNKNOWN/NOT_MEASURED; predefine imputation/sensitivity in SAP,Use approved pseudonymous keys in TRE where applicable; never use direct identifiers in analysis layer,source_id; dataset/version; field name; collection date; transformation; codebook citation; hash/query,"Psychodynamic interpretation is hypothesis-level evidence, not diagnostic fact",UNVERIFIED_FIELD_AVAILABILITY
PSYCHDYN-029,Psychodynamic / identity-process constructs,Expectancy of psychological relief from intervention,Moderator/Mediator/Hypothesis-specific,TEMPORAL_NUMERIC,validated measure or blinded expert coding where available,Baseline and repeated,PRO / structured interview / consented transcript / clinical formulation,DS064,DS018;DS020,MIXED_ACCESS;PRIMARY_RESEARCH;RESTRICTED_COHORT,SPECIAL_CATEGORY_OR_HIGH_SENSITIVITY,YES_IF_PRIMARY_PARTICIPANT_DATA,Exact field/instrument verified; definition versioned; time coverage confirmed; missingness quantified; construct validity assessed,Do not code unavailable as absent; preserve UNKNOWN/NOT_MEASURED; predefine imputation/sensitivity in SAP,Use approved pseudonymous keys in TRE where applicable; never use direct identifiers in analysis layer,source_id; dataset/version; field name; collection date; transformation; codebook citation; hash/query,"Psychodynamic interpretation is hypothesis-level evidence, not diagnostic fact",UNVERIFIED_FIELD_AVAILABILITY
PSYCHDYN-030,Psychodynamic / identity-process constructs,Nocebo/negative expectancy about non-intervention,Moderator/Mediator/Hypothesis-specific,TEMPORAL_NUMERIC,validated measure or blinded expert coding where available,Baseline and repeated,PRO / structured interview / consented transcript / clinical formulation,DS064,DS018;DS020,MIXED_ACCESS;PRIMARY_RESEARCH;RESTRICTED_COHORT,SPECIAL_CATEGORY_OR_HIGH_SENSITIVITY,YES_IF_PRIMARY_PARTICIPANT_DATA,Exact field/instrument verified; definition versioned; time coverage confirmed; missingness quantified; construct validity assessed,Do not code unavailable as absent; preserve UNKNOWN/NOT_MEASURED; predefine imputation/sensitivity in SAP,Use approved pseudonymous keys in TRE where applicable; never use direct identifiers in analysis layer,source_id; dataset/version; field name; collection date; transformation; codebook citation; hash/query,"Psychodynamic interpretation is hypothesis-level evidence, not diagnostic fact",UNVERIFIED_FIELD_AVAILABILITY
PSYCHDYN-031,Psychodynamic / identity-process constructs,Placebo/context expectancy effects,Moderator/Mediator/Hypothesis-specific,TEMPORAL_NUMERIC,validated measure or blinded expert coding where available,Baseline and repeated,PRO / structured interview / consented transcript / clinical formulation,DS064,DS018;DS020,MIXED_ACCESS;PRIMARY_RESEARCH;RESTRICTED_COHORT,SPECIAL_CATEGORY_OR_HIGH_SENSITIVITY,YES_IF_PRIMARY_PARTICIPANT_DATA,Exact field/instrument verified; definition versioned; time coverage confirmed; missingness quantified; construct validity assessed,Do not code unavailable as absent; preserve UNKNOWN/NOT_MEASURED; predefine imputation/sensitivity in SAP,Use approved pseudonymous keys in TRE where applicable; never use direct identifiers in analysis layer,source_id; dataset/version; field name; collection date; transformation; codebook citation; hash/query,"Psychodynamic interpretation is hypothesis-level evidence, not diagnostic fact",UNVERIFIED_FIELD_AVAILABILITY
PSYCHDYN-032,Psychodynamic / identity-process constructs,Prior identity instability across non-gender domains,Moderator/Mediator/Hypothesis-specific,TEMPORAL_NUMERIC,validated measure or blinded expert coding where available,Baseline and repeated,PRO / structured interview / consented transcript / clinical formulation,DS064,DS018;DS020,MIXED_ACCESS;PRIMARY_RESEARCH;RESTRICTED_COHORT,SPECIAL_CATEGORY_OR_HIGH_SENSITIVITY,YES_IF_PRIMARY_PARTICIPANT_DATA,Exact field/instrument verified; definition versioned; time coverage confirmed; missingness quantified; construct validity assessed,Do not code unavailable as absent; preserve UNKNOWN/NOT_MEASURED; predefine imputation/sensitivity in SAP,Use approved pseudonymous keys in TRE where applicable; never use direct identifiers in analysis layer,source_id; dataset/version; field name; collection date; transformation; codebook citation; hash/query,"Psychodynamic interpretation is hypothesis-level evidence, not diagnostic fact",UNVERIFIED_FIELD_AVAILABILITY
PSYCHDYN-033,Psychodynamic / identity-process constructs,Trauma-related identity disruption hypothesis marker,Moderator/Mediator/Hypothesis-specific,TEMPORAL_NUMERIC,validated measure or blinded expert coding where available,Baseline and repeated,PRO / structured interview / consented transcript / clinical formulation,DS064,DS018;DS020,MIXED_ACCESS;PRIMARY_RESEARCH;RESTRICTED_COHORT,SPECIAL_CATEGORY_OR_HIGH_SENSITIVITY,YES_IF_PRIMARY_PARTICIPANT_DATA,Exact field/instrument verified; definition versioned; time coverage confirmed; missingness quantified; construct validity assessed,Do not code unavailable as absent; preserve UNKNOWN/NOT_MEASURED; predefine imputation/sensitivity in SAP,Use approved pseudonymous keys in TRE where applicable; never use direct identifiers in analysis layer,source_id; dataset/version; field name; collection date; transformation; codebook citation; hash/query,"Psychodynamic interpretation is hypothesis-level evidence, not diagnostic fact",UNVERIFIED_FIELD_AVAILABILITY
PSYCHDYN-034,Psychodynamic / identity-process constructs,Psychodynamic formulation present in clinical record,Moderator/Mediator/Hypothesis-specific,TEMPORAL_NUMERIC,validated measure or blinded expert coding where available,Baseline and repeated,PRO / structured interview / consented transcript / clinical formulation,DS064,DS018;DS020,MIXED_ACCESS;PRIMARY_RESEARCH;RESTRICTED_COHORT,SPECIAL_CATEGORY_OR_HIGH_SENSITIVITY,YES_IF_PRIMARY_PARTICIPANT_DATA,Exact field/instrument verified; definition versioned; time coverage confirmed; missingness quantified; construct validity assessed,Do not code unavailable as absent; preserve UNKNOWN/NOT_MEASURED; predefine imputation/sensitivity in SAP,Use approved pseudonymous keys in TRE where applicable; never use direct identifiers in analysis layer,source_id; dataset/version; field name; collection date; transformation; codebook citation; hash/query,"Psychodynamic interpretation is hypothesis-level evidence, not diagnostic fact",UNVERIFIED_FIELD_AVAILABILITY
PSYCHDYN-035,Psychodynamic / identity-process constructs,Competing psychodynamic formulation independently reviewed,Moderator/Mediator/Hypothesis-specific,TEMPORAL_NUMERIC,validated measure or blinded expert coding where available,Baseline and repeated,PRO / structured interview / consented transcript / clinical formulation,DS064,DS018;DS020,MIXED_ACCESS;PRIMARY_RESEARCH;RESTRICTED_COHORT,SPECIAL_CATEGORY_OR_HIGH_SENSITIVITY,YES_IF_PRIMARY_PARTICIPANT_DATA,Exact field/instrument verified; definition versioned; time coverage confirmed; missingness quantified; construct validity assessed,Do not code unavailable as absent; preserve UNKNOWN/NOT_MEASURED; predefine imputation/sensitivity in SAP,Use approved pseudonymous keys in TRE where applicable; never use direct identifiers in analysis layer,source_id; dataset/version; field name; collection date; transformation; codebook citation; hash/query,"Psychodynamic interpretation is hypothesis-level evidence, not diagnostic fact",UNVERIFIED_FIELD_AVAILABILITY
SEL-001,"Selection, disclosure and reverse-causation falsifiers",Baseline gender-related distress before measured social/digital exposure,Confounder/Temporal baseline,TEMPORAL_NUMERIC,validated scale,Pre-exposure,EHR / participant,DS001;DS003;DS004;DS014;DS015,DS018;DS019;DS020,MIXED_ACCESS;OPEN_AGGREGATE;RESTRICTED_COHORT;RESTRICTED_TRE,SPECIAL_CATEGORY_OR_HIGH_SENSITIVITY,YES_IF_PRIMARY_PARTICIPANT_DATA,Exact field/instrument verified; definition versioned; time coverage confirmed; missingness quantified; construct validity assessed,Do not code unavailable as absent; preserve UNKNOWN/NOT_MEASURED; predefine imputation/sensitivity in SAP,Use approved pseudonymous keys in TRE where applicable; never use direct identifiers in analysis layer,source_id; dataset/version; field name; collection date; transformation; codebook citation; hash/query,Temporal precedence or association alone does not establish causation,UNVERIFIED_FIELD_AVAILABILITY
SEL-002,"Selection, disclosure and reverse-causation falsifiers",Baseline gender-related questioning/exploration before measured exposure,Confounder/Temporal baseline,NUMERIC_OR_SCALE,categorical/scale,Pre-exposure,participant / historical record,DS001;DS003;DS004;DS014;DS015,DS018;DS019;DS020,MIXED_ACCESS;OPEN_AGGREGATE;RESTRICTED_COHORT;RESTRICTED_TRE,SPECIAL_CATEGORY_OR_HIGH_SENSITIVITY,YES_IF_PRIMARY_PARTICIPANT_DATA,Exact field/instrument verified; definition versioned; time coverage confirmed; missingness quantified; construct validity assessed,Do not code unavailable as absent; preserve UNKNOWN/NOT_MEASURED; predefine imputation/sensitivity in SAP,Use approved pseudonymous keys in TRE where applicable; never use direct identifiers in analysis layer,source_id; dataset/version; field name; collection date; transformation; codebook citation; hash/query,Temporal precedence or association alone does not establish causation,UNVERIFIED_FIELD_AVAILABILITY
SEL-003,"Selection, disclosure and reverse-causation falsifiers",Date/time of first active search for gender-related material,Selection factor/Exposure seeking,TEMPORAL_NUMERIC,timestamp,Historical/Prospective,consented search history / participant,DS001;DS003;DS004;DS014;DS015,DS018;DS019;DS020,MIXED_ACCESS;OPEN_AGGREGATE;RESTRICTED_COHORT;RESTRICTED_TRE,SPECIAL_CATEGORY_OR_HIGH_SENSITIVITY,YES_IF_PRIMARY_PARTICIPANT_DATA,Exact field/instrument verified; definition versioned; time coverage confirmed; missingness quantified; construct validity assessed,Do not code unavailable as absent; preserve UNKNOWN/NOT_MEASURED; predefine imputation/sensitivity in SAP,Use approved pseudonymous keys in TRE where applicable; never use direct identifiers in analysis layer,source_id; dataset/version; field name; collection date; transformation; codebook citation; hash/query,Temporal precedence or association alone does not establish causation,UNVERIFIED_FIELD_AVAILABILITY
SEL-004,"Selection, disclosure and reverse-causation falsifiers",Date/time of first algorithm-initiated recommendation exposure,Exposure,TEMPORAL_NUMERIC,timestamp,Prospective/Historical,consented platform export,DS001;DS003;DS004;DS014;DS015,DS018;DS019;DS020,MIXED_ACCESS;OPEN_AGGREGATE;RESTRICTED_COHORT;RESTRICTED_TRE,SPECIAL_CATEGORY_OR_HIGH_SENSITIVITY,NO_IF_VALID_SECONDARY_LEGAL_GATEWAY,Exact field/instrument verified; definition versioned; time coverage confirmed; missingness quantified; construct validity assessed,Do not code unavailable as absent; preserve UNKNOWN/NOT_MEASURED; predefine imputation/sensitivity in SAP,Use approved pseudonymous keys in TRE where applicable; never use direct identifiers in analysis layer,source_id; dataset/version; field name; collection date; transformation; codebook citation; hash/query,Temporal precedence or association alone does not establish causation,UNVERIFIED_FIELD_AVAILABILITY
SEL-005,"Selection, disclosure and reverse-causation falsifiers",Date/time of first peer-group contact relevant to gender-related discussion,Exposure/Selection factor,TEMPORAL_NUMERIC,timestamp,Repeated,participant/network diary,DS001;DS003;DS004;DS014;DS015,DS018;DS019;DS020,MIXED_ACCESS;OPEN_AGGREGATE;RESTRICTED_COHORT;RESTRICTED_TRE,SPECIAL_CATEGORY_OR_HIGH_SENSITIVITY,YES_IF_PRIMARY_PARTICIPANT_DATA,Exact field/instrument verified; definition versioned; time coverage confirmed; missingness quantified; construct validity assessed,Do not code unavailable as absent; preserve UNKNOWN/NOT_MEASURED; predefine imputation/sensitivity in SAP,Use approved pseudonymous keys in TRE where applicable; never use direct identifiers in analysis layer,source_id; dataset/version; field name; collection date; transformation; codebook citation; hash/query,Temporal precedence or association alone does not establish causation,UNVERIFIED_FIELD_AVAILABILITY
SEL-006,"Selection, disclosure and reverse-causation falsifiers",Peer tie formation relative to symptom/identity-exploration onset,Selection factor,CATEGORICAL_OR_CODED,categorical/lag,Repeated,network diary,DS001;DS003;DS004;DS014;DS015,DS018;DS019;DS020,MIXED_ACCESS;OPEN_AGGREGATE;RESTRICTED_COHORT;RESTRICTED_TRE,SPECIAL_CATEGORY_OR_HIGH_SENSITIVITY,NO_IF_VALID_SECONDARY_LEGAL_GATEWAY,Exact field/instrument verified; definition versioned; time coverage confirmed; missingness quantified; construct validity assessed,Do not code unavailable as absent; preserve UNKNOWN/NOT_MEASURED; predefine imputation/sensitivity in SAP,Use approved pseudonymous keys in TRE where applicable; never use direct identifiers in analysis layer,source_id; dataset/version; field name; collection date; transformation; codebook citation; hash/query,Temporal precedence or association alone does not establish causation,UNVERIFIED_FIELD_AVAILABILITY
SEL-007,"Selection, disclosure and reverse-causation falsifiers",Baseline peer-network composition,Confounder/Selection factor,MIXED_OR_SOURCE_SPECIFIC,network metrics,Baseline,network diary,DS001;DS003;DS004;DS014;DS015,DS018;DS019;DS020,MIXED_ACCESS;OPEN_AGGREGATE;RESTRICTED_COHORT;RESTRICTED_TRE,SPECIAL_CATEGORY_OR_HIGH_SENSITIVITY,NO_IF_VALID_SECONDARY_LEGAL_GATEWAY,Exact field/instrument verified; definition versioned; time coverage confirmed; missingness quantified; construct validity assessed,Do not code unavailable as absent; preserve UNKNOWN/NOT_MEASURED; predefine imputation/sensitivity in SAP,Use approved pseudonymous keys in TRE where applicable; never use direct identifiers in analysis layer,source_id; dataset/version; field name; collection date; transformation; codebook citation; hash/query,Temporal precedence or association alone does not establish causation,UNVERIFIED_FIELD_AVAILABILITY
SEL-008,"Selection, disclosure and reverse-causation falsifiers",Propensity to select peers with similar interests/experiences,Selection factor,MIXED_OR_SOURCE_SPECIFIC,modelled probability,Repeated,network model,DS001;DS003;DS004;DS014;DS015,DS018;DS019;DS020,MIXED_ACCESS;OPEN_AGGREGATE;RESTRICTED_COHORT;RESTRICTED_TRE,SPECIAL_CATEGORY_OR_HIGH_SENSITIVITY,NO_IF_VALID_SECONDARY_LEGAL_GATEWAY,Exact field/instrument verified; definition versioned; time coverage confirmed; missingness quantified; construct validity assessed,Do not code unavailable as absent; preserve UNKNOWN/NOT_MEASURED; predefine imputation/sensitivity in SAP,Use approved pseudonymous keys in TRE where applicable; never use direct identifiers in analysis layer,source_id; dataset/version; field name; collection date; transformation; codebook citation; hash/query,Temporal precedence or association alone does not establish causation,UNVERIFIED_FIELD_AVAILABILITY
SEL-009,"Selection, disclosure and reverse-causation falsifiers",Baseline social-media use intensity,Confounder,MIXED_OR_SOURCE_SPECIFIC,minutes/day,Baseline,device/platform data,DS001;DS003;DS004;DS014;DS015,DS018;DS019;DS020,MIXED_ACCESS;OPEN_AGGREGATE;RESTRICTED_COHORT;RESTRICTED_TRE,SPECIAL_CATEGORY_OR_HIGH_SENSITIVITY,NO_IF_VALID_SECONDARY_LEGAL_GATEWAY,Exact field/instrument verified; definition versioned; time coverage confirmed; missingness quantified; construct validity assessed,Do not code unavailable as absent; preserve UNKNOWN/NOT_MEASURED; predefine imputation/sensitivity in SAP,Use approved pseudonymous keys in TRE where applicable; never use direct identifiers in analysis layer,source_id; dataset/version; field name; collection date; transformation; codebook citation; hash/query,Temporal precedence or association alone does not establish causation,UNVERIFIED_FIELD_AVAILABILITY
SEL-010,"Selection, disclosure and reverse-causation falsifiers",Baseline search propensity / information-seeking style,Confounder/Moderator,TEMPORAL_NUMERIC,validated/derived feature,Baseline,participant/device data,DS001;DS003;DS004;DS014;DS015,DS018;DS019;DS020,MIXED_ACCESS;OPEN_AGGREGATE;RESTRICTED_COHORT;RESTRICTED_TRE,SPECIAL_CATEGORY_OR_HIGH_SENSITIVITY,YES_IF_PRIMARY_PARTICIPANT_DATA,Exact field/instrument verified; definition versioned; time coverage confirmed; missingness quantified; construct validity assessed,Do not code unavailable as absent; preserve UNKNOWN/NOT_MEASURED; predefine imputation/sensitivity in SAP,Use approved pseudonymous keys in TRE where applicable; never use direct identifiers in analysis layer,source_id; dataset/version; field name; collection date; transformation; codebook citation; hash/query,Temporal precedence or association alone does not establish causation,UNVERIFIED_FIELD_AVAILABILITY
SEL-011,"Selection, disclosure and reverse-causation falsifiers",Search-initiated versus recommendation-initiated exposure fraction,Exposure decomposition,MIXED_OR_SOURCE_SPECIFIC,proportion,Repeated,platform export,DS001;DS003;DS004;DS014;DS015,DS018;DS019;DS020,MIXED_ACCESS;OPEN_AGGREGATE;RESTRICTED_COHORT;RESTRICTED_TRE,SPECIAL_CATEGORY_OR_HIGH_SENSITIVITY,NO_IF_VALID_SECONDARY_LEGAL_GATEWAY,Exact field/instrument verified; definition versioned; time coverage confirmed; missingness quantified; construct validity assessed,Do not code unavailable as absent; preserve UNKNOWN/NOT_MEASURED; predefine imputation/sensitivity in SAP,Use approved pseudonymous keys in TRE where applicable; never use direct identifiers in analysis layer,source_id; dataset/version; field name; collection date; transformation; codebook citation; hash/query,Temporal precedence or association alone does not establish causation,UNVERIFIED_FIELD_AVAILABILITY
SEL-012,"Selection, disclosure and reverse-causation falsifiers",Motivation for accessing gender-related content,Selection factor,CATEGORICAL_OR_CODED,coded reason,Repeated,participant contemporaneous diary,DS001;DS003;DS004;DS014;DS015,DS018;DS019;DS020,MIXED_ACCESS;OPEN_AGGREGATE;RESTRICTED_COHORT;RESTRICTED_TRE,SPECIAL_CATEGORY_OR_HIGH_SENSITIVITY,YES_IF_PRIMARY_PARTICIPANT_DATA,Exact field/instrument verified; definition versioned; time coverage confirmed; missingness quantified; construct validity assessed,Do not code unavailable as absent; preserve UNKNOWN/NOT_MEASURED; predefine imputation/sensitivity in SAP,Use approved pseudonymous keys in TRE where applicable; never use direct identifiers in analysis layer,source_id; dataset/version; field name; collection date; transformation; codebook citation; hash/query,Temporal precedence or association alone does not establish causation,UNVERIFIED_FIELD_AVAILABILITY
SEL-013,"Selection, disclosure and reverse-causation falsifiers",First disclosure of gender-related distress or incongruence,Ascertainment factor,TEMPORAL_NUMERIC,timestamp,Historical/Prospective,EHR / participant,DS001;DS003;DS004;DS014;DS015,DS018;DS019;DS020,MIXED_ACCESS;OPEN_AGGREGATE;RESTRICTED_COHORT;RESTRICTED_TRE,SPECIAL_CATEGORY_OR_HIGH_SENSITIVITY,YES_IF_PRIMARY_PARTICIPANT_DATA,Exact field/instrument verified; definition versioned; time coverage confirmed; missingness quantified; construct validity assessed,Do not code unavailable as absent; preserve UNKNOWN/NOT_MEASURED; predefine imputation/sensitivity in SAP,Use approved pseudonymous keys in TRE where applicable; never use direct identifiers in analysis layer,source_id; dataset/version; field name; collection date; transformation; codebook citation; hash/query,Temporal precedence or association alone does not establish causation,UNVERIFIED_FIELD_AVAILABILITY
SEL-014,"Selection, disclosure and reverse-causation falsifiers",Delay from first internal experience to first disclosure,Ascertainment factor,MIXED_OR_SOURCE_SPECIFIC,days/months,Historical,participant/EHR,DS001;DS003;DS004;DS014;DS015,DS018;DS019;DS020,MIXED_ACCESS;OPEN_AGGREGATE;RESTRICTED_COHORT;RESTRICTED_TRE,SPECIAL_CATEGORY_OR_HIGH_SENSITIVITY,YES_IF_PRIMARY_PARTICIPANT_DATA,Exact field/instrument verified; definition versioned; time coverage confirmed; missingness quantified; construct validity assessed,Do not code unavailable as absent; preserve UNKNOWN/NOT_MEASURED; predefine imputation/sensitivity in SAP,Use approved pseudonymous keys in TRE where applicable; never use direct identifiers in analysis layer,source_id; dataset/version; field name; collection date; transformation; codebook citation; hash/query,Temporal precedence or association alone does not establish causation,UNVERIFIED_FIELD_AVAILABILITY
SEL-015,"Selection, disclosure and reverse-causation falsifiers",First help-seeking contact,Ascertainment factor,TEMPORAL_NUMERIC,timestamp,Historical/Prospective,EHR,DS001;DS003;DS004;DS014;DS015,DS018;DS019;DS020,MIXED_ACCESS;OPEN_AGGREGATE;RESTRICTED_COHORT;RESTRICTED_TRE,SPECIAL_CATEGORY_OR_HIGH_SENSITIVITY,NO_IF_VALID_SECONDARY_LEGAL_GATEWAY,Exact field/instrument verified; definition versioned; time coverage confirmed; missingness quantified; construct validity assessed,Do not code unavailable as absent; preserve UNKNOWN/NOT_MEASURED; predefine imputation/sensitivity in SAP,Use approved pseudonymous keys in TRE where applicable; never use direct identifiers in analysis layer,source_id; dataset/version; field name; collection date; transformation; codebook citation; hash/query,Temporal precedence or association alone does not establish causation,UNVERIFIED_FIELD_AVAILABILITY
SEL-016,"Selection, disclosure and reverse-causation falsifiers",Referral threshold / eligibility rule in force,Ascertainment factor,MIXED_OR_SOURCE_SPECIFIC,policy version,Time-varying,service record,DS001;DS003;DS004;DS014;DS015,DS018;DS019;DS020,MIXED_ACCESS;OPEN_AGGREGATE;RESTRICTED_COHORT;RESTRICTED_TRE,SPECIAL_CATEGORY_OR_HIGH_SENSITIVITY,NO_IF_VALID_SECONDARY_LEGAL_GATEWAY,Exact field/instrument verified; definition versioned; time coverage confirmed; missingness quantified; construct validity assessed,Do not code unavailable as absent; preserve UNKNOWN/NOT_MEASURED; predefine imputation/sensitivity in SAP,Use approved pseudonymous keys in TRE where applicable; never use direct identifiers in analysis layer,source_id; dataset/version; field name; collection date; transformation; codebook citation; hash/query,Temporal precedence or association alone does not establish causation,UNVERIFIED_FIELD_AVAILABILITY
SEL-017,"Selection, disclosure and reverse-causation falsifiers",Service availability / waiting-list capacity,Ascertainment factor,TEMPORAL_NUMERIC,capacity/waiting time,Time-varying,service data,DS001;DS003;DS004;DS014;DS015,DS018;DS019;DS020,MIXED_ACCESS;OPEN_AGGREGATE;RESTRICTED_COHORT;RESTRICTED_TRE,SPECIAL_CATEGORY_OR_HIGH_SENSITIVITY,NO_IF_VALID_SECONDARY_LEGAL_GATEWAY,Exact field/instrument verified; definition versioned; time coverage confirmed; missingness quantified; construct validity assessed,Do not code unavailable as absent; preserve UNKNOWN/NOT_MEASURED; predefine imputation/sensitivity in SAP,Use approved pseudonymous keys in TRE where applicable; never use direct identifiers in analysis layer,source_id; dataset/version; field name; collection date; transformation; codebook citation; hash/query,Temporal precedence or association alone does not establish causation,UNVERIFIED_FIELD_AVAILABILITY
SEL-018,"Selection, disclosure and reverse-causation falsifiers",Referral source,Selection factor,CATEGORICAL_OR_CODED,categorical,Index,EHR,DS001;DS003;DS004;DS014;DS015,DS018;DS019;DS020,MIXED_ACCESS;OPEN_AGGREGATE;RESTRICTED_COHORT;RESTRICTED_TRE,SPECIAL_CATEGORY_OR_HIGH_SENSITIVITY,NO_IF_VALID_SECONDARY_LEGAL_GATEWAY,Exact field/instrument verified; definition versioned; time coverage confirmed; missingness quantified; construct validity assessed,Do not code unavailable as absent; preserve UNKNOWN/NOT_MEASURED; predefine imputation/sensitivity in SAP,Use approved pseudonymous keys in TRE where applicable; never use direct identifiers in analysis layer,source_id; dataset/version; field name; collection date; transformation; codebook citation; hash/query,Temporal precedence or association alone does not establish causation,UNVERIFIED_FIELD_AVAILABILITY
SEL-019,"Selection, disclosure and reverse-causation falsifiers",Clinic catchment denominator,Selection factor,NUMERIC_OR_SCALE,population count,Time-varying,administrative data,DS001;DS003;DS004;DS014;DS015,DS018;DS019;DS020,MIXED_ACCESS;OPEN_AGGREGATE;RESTRICTED_COHORT;RESTRICTED_TRE,SPECIAL_CATEGORY_OR_HIGH_SENSITIVITY,NO_IF_VALID_SECONDARY_LEGAL_GATEWAY,Exact field/instrument verified; definition versioned; time coverage confirmed; missingness quantified; construct validity assessed,Do not code unavailable as absent; preserve UNKNOWN/NOT_MEASURED; predefine imputation/sensitivity in SAP,Use approved pseudonymous keys in TRE where applicable; never use direct identifiers in analysis layer,source_id; dataset/version; field name; collection date; transformation; codebook citation; hash/query,Temporal precedence or association alone does not establish causation,UNVERIFIED_FIELD_AVAILABILITY
SEL-020,"Selection, disclosure and reverse-causation falsifiers",Probability of inclusion in specialist-clinic cohort,Selection factor,MIXED_OR_SOURCE_SPECIFIC,modelled probability,Index,linked administrative data,DS001;DS003;DS004;DS014;DS015,DS018;DS019;DS020,MIXED_ACCESS;OPEN_AGGREGATE;RESTRICTED_COHORT;RESTRICTED_TRE,SPECIAL_CATEGORY_OR_HIGH_SENSITIVITY,NO_IF_VALID_SECONDARY_LEGAL_GATEWAY,Exact field/instrument verified; definition versioned; time coverage confirmed; missingness quantified; construct validity assessed,Do not code unavailable as absent; preserve UNKNOWN/NOT_MEASURED; predefine imputation/sensitivity in SAP,Use approved pseudonymous keys in TRE where applicable; never use direct identifiers in analysis layer,source_id; dataset/version; field name; collection date; transformation; codebook citation; hash/query,Temporal precedence or association alone does not establish causation,UNVERIFIED_FIELD_AVAILABILITY
SEL-021,"Selection, disclosure and reverse-causation falsifiers",Probability of consenting to digital-trace sub-study,Selection factor,MIXED_OR_SOURCE_SPECIFIC,modelled probability,Baseline,study recruitment data,DS001;DS003;DS004;DS014;DS015,DS018;DS019;DS020,MIXED_ACCESS;OPEN_AGGREGATE;RESTRICTED_COHORT;RESTRICTED_TRE,SPECIAL_CATEGORY_OR_HIGH_SENSITIVITY,NO_IF_VALID_SECONDARY_LEGAL_GATEWAY,Exact field/instrument verified; definition versioned; time coverage confirmed; missingness quantified; construct validity assessed,Do not code unavailable as absent; preserve UNKNOWN/NOT_MEASURED; predefine imputation/sensitivity in SAP,Use approved pseudonymous keys in TRE where applicable; never use direct identifiers in analysis layer,source_id; dataset/version; field name; collection date; transformation; codebook citation; hash/query,Temporal precedence or association alone does not establish causation,UNVERIFIED_FIELD_AVAILABILITY
SEL-022,"Selection, disclosure and reverse-causation falsifiers",Probability of remaining under follow-up,Selection factor,MIXED_OR_SOURCE_SPECIFIC,modelled probability,Repeated,study data,DS001;DS003;DS004;DS014;DS015,DS018;DS019;DS020,MIXED_ACCESS;OPEN_AGGREGATE;RESTRICTED_COHORT;RESTRICTED_TRE,SPECIAL_CATEGORY_OR_HIGH_SENSITIVITY,NO_IF_VALID_SECONDARY_LEGAL_GATEWAY,Exact field/instrument verified; definition versioned; time coverage confirmed; missingness quantified; construct validity assessed,Do not code unavailable as absent; preserve UNKNOWN/NOT_MEASURED; predefine imputation/sensitivity in SAP,Use approved pseudonymous keys in TRE where applicable; never use direct identifiers in analysis layer,source_id; dataset/version; field name; collection date; transformation; codebook citation; hash/query,Temporal precedence or association alone does not establish causation,UNVERIFIED_FIELD_AVAILABILITY
SEL-023,"Selection, disclosure and reverse-causation falsifiers",Reason for loss to follow-up,Selection factor,CATEGORICAL_OR_CODED,categorical,Repeated,study/EHR,DS001;DS003;DS004;DS014;DS015,DS018;DS019;DS020,MIXED_ACCESS;OPEN_AGGREGATE;RESTRICTED_COHORT;RESTRICTED_TRE,SPECIAL_CATEGORY_OR_HIGH_SENSITIVITY,NO_IF_VALID_SECONDARY_LEGAL_GATEWAY,Exact field/instrument verified; definition versioned; time coverage confirmed; missingness quantified; construct validity assessed,Do not code unavailable as absent; preserve UNKNOWN/NOT_MEASURED; predefine imputation/sensitivity in SAP,Use approved pseudonymous keys in TRE where applicable; never use direct identifiers in analysis layer,source_id; dataset/version; field name; collection date; transformation; codebook citation; hash/query,Temporal precedence or association alone does not establish causation,UNVERIFIED_FIELD_AVAILABILITY
SEL-024,"Selection, disclosure and reverse-causation falsifiers",Retrospective recall discrepancy for onset/exposure dates,Measurement artifact,TEMPORAL_NUMERIC,difference between contemporaneous and recalled dates,Historical,participant records,DS001;DS003;DS004;DS014;DS015,DS018;DS019;DS020,MIXED_ACCESS;OPEN_AGGREGATE;RESTRICTED_COHORT;RESTRICTED_TRE,SPECIAL_CATEGORY_OR_HIGH_SENSITIVITY,YES_IF_PRIMARY_PARTICIPANT_DATA,Exact field/instrument verified; definition versioned; time coverage confirmed; missingness quantified; construct validity assessed,Do not code unavailable as absent; preserve UNKNOWN/NOT_MEASURED; predefine imputation/sensitivity in SAP,Use approved pseudonymous keys in TRE where applicable; never use direct identifiers in analysis layer,source_id; dataset/version; field name; collection date; transformation; codebook citation; hash/query,Temporal precedence or association alone does not establish causation,UNVERIFIED_FIELD_AVAILABILITY
SEL-025,"Selection, disclosure and reverse-causation falsifiers",Calendar-time diagnostic terminology/coding availability,Ascertainment factor,TEMPORAL_NUMERIC,version/date,Time-varying,coding system,DS001;DS003;DS004;DS014;DS015,DS018;DS019;DS020,MIXED_ACCESS;OPEN_AGGREGATE;RESTRICTED_COHORT;RESTRICTED_TRE,SPECIAL_CATEGORY_OR_HIGH_SENSITIVITY,NO_IF_VALID_SECONDARY_LEGAL_GATEWAY,Exact field/instrument verified; definition versioned; time coverage confirmed; missingness quantified; construct validity assessed,Do not code unavailable as absent; preserve UNKNOWN/NOT_MEASURED; predefine imputation/sensitivity in SAP,Use approved pseudonymous keys in TRE where applicable; never use direct identifiers in analysis layer,source_id; dataset/version; field name; collection date; transformation; codebook citation; hash/query,Temporal precedence or association alone does not establish causation,UNVERIFIED_FIELD_AVAILABILITY
SEL-026,"Selection, disclosure and reverse-causation falsifiers",Clinician documentation propensity,Ascertainment factor,NUMERIC_OR_SCALE,rate/modelled propensity,Time-varying,EHR audit,DS001;DS003;DS004;DS014;DS015,DS018;DS019;DS020,MIXED_ACCESS;OPEN_AGGREGATE;RESTRICTED_COHORT;RESTRICTED_TRE,SPECIAL_CATEGORY_OR_HIGH_SENSITIVITY,NO_IF_VALID_SECONDARY_LEGAL_GATEWAY,Exact field/instrument verified; definition versioned; time coverage confirmed; missingness quantified; construct validity assessed,Do not code unavailable as absent; preserve UNKNOWN/NOT_MEASURED; predefine imputation/sensitivity in SAP,Use approved pseudonymous keys in TRE where applicable; never use direct identifiers in analysis layer,source_id; dataset/version; field name; collection date; transformation; codebook citation; hash/query,Temporal precedence or association alone does not establish causation,UNVERIFIED_FIELD_AVAILABILITY
SEL-027,"Selection, disclosure and reverse-causation falsifiers",School/family awareness before formal disclosure,Ascertainment factor/Confounder,TEMPORAL_NUMERIC,categorical/timestamp,Historical,participant/family with separate authority,DS001;DS003;DS004;DS014;DS015,DS018;DS019;DS020,MIXED_ACCESS;OPEN_AGGREGATE;RESTRICTED_COHORT;RESTRICTED_TRE,SPECIAL_CATEGORY_OR_HIGH_SENSITIVITY,YES_IF_PRIMARY_PARTICIPANT_DATA,Exact field/instrument verified; definition versioned; time coverage confirmed; missingness quantified; construct validity assessed,Do not code unavailable as absent; preserve UNKNOWN/NOT_MEASURED; predefine imputation/sensitivity in SAP,Use approved pseudonymous keys in TRE where applicable; never use direct identifiers in analysis layer,source_id; dataset/version; field name; collection date; transformation; codebook citation; hash/query,Temporal precedence or association alone does not establish causation,UNVERIFIED_FIELD_AVAILABILITY
SEL-028,"Selection, disclosure and reverse-causation falsifiers",Pre-existing psychiatric symptom onset relative to exposure,Confounder/Temporal baseline,TEMPORAL_NUMERIC,timestamp,Pre-exposure,EHR / validated assessment,DS001;DS003;DS004;DS014;DS015,DS018;DS019;DS020,MIXED_ACCESS;OPEN_AGGREGATE;RESTRICTED_COHORT;RESTRICTED_TRE,SPECIAL_CATEGORY_OR_HIGH_SENSITIVITY,NO_IF_VALID_SECONDARY_LEGAL_GATEWAY,Exact field/instrument verified; definition versioned; time coverage confirmed; missingness quantified; construct validity assessed,Do not code unavailable as absent; preserve UNKNOWN/NOT_MEASURED; predefine imputation/sensitivity in SAP,Use approved pseudonymous keys in TRE where applicable; never use direct identifiers in analysis layer,source_id; dataset/version; field name; collection date; transformation; codebook citation; hash/query,Temporal precedence or association alone does not establish causation,UNVERIFIED_FIELD_AVAILABILITY
SEL-029,"Selection, disclosure and reverse-causation falsifiers",Pre-existing body-image/puberty distress onset relative to exposure,Confounder/Temporal baseline,TEMPORAL_NUMERIC,timestamp,Pre-exposure,clinical/participant,DS001;DS003;DS004;DS014;DS015,DS018;DS019;DS020,MIXED_ACCESS;OPEN_AGGREGATE;RESTRICTED_COHORT;RESTRICTED_TRE,SPECIAL_CATEGORY_OR_HIGH_SENSITIVITY,YES_IF_PRIMARY_PARTICIPANT_DATA,Exact field/instrument verified; definition versioned; time coverage confirmed; missingness quantified; construct validity assessed,Do not code unavailable as absent; preserve UNKNOWN/NOT_MEASURED; predefine imputation/sensitivity in SAP,Use approved pseudonymous keys in TRE where applicable; never use direct identifiers in analysis layer,source_id; dataset/version; field name; collection date; transformation; codebook citation; hash/query,Temporal precedence or association alone does not establish causation,UNVERIFIED_FIELD_AVAILABILITY
SEL-030,"Selection, disclosure and reverse-causation falsifiers",Pre-existing trauma-related symptom onset relative to exposure,Confounder/Temporal baseline,TEMPORAL_NUMERIC,timestamp,Pre-exposure,clinical/participant,DS001;DS003;DS004;DS014;DS015,DS018;DS019;DS020,MIXED_ACCESS;OPEN_AGGREGATE;RESTRICTED_COHORT;RESTRICTED_TRE,SPECIAL_CATEGORY_OR_HIGH_SENSITIVITY,YES_IF_PRIMARY_PARTICIPANT_DATA,Exact field/instrument verified; definition versioned; time coverage confirmed; missingness quantified; construct validity assessed,Do not code unavailable as absent; preserve UNKNOWN/NOT_MEASURED; predefine imputation/sensitivity in SAP,Use approved pseudonymous keys in TRE where applicable; never use direct identifiers in analysis layer,source_id; dataset/version; field name; collection date; transformation; codebook citation; hash/query,Temporal precedence or association alone does not establish causation,UNVERIFIED_FIELD_AVAILABILITY
SEL-031,"Selection, disclosure and reverse-causation falsifiers",Relocation / school change / peer-network disruption,Confounder,TEMPORAL_NUMERIC,event/timestamp,Repeated,participant/EHR,DS001;DS003;DS004;DS014;DS015,DS018;DS019;DS020,MIXED_ACCESS;OPEN_AGGREGATE;RESTRICTED_COHORT;RESTRICTED_TRE,SPECIAL_CATEGORY_OR_HIGH_SENSITIVITY,YES_IF_PRIMARY_PARTICIPANT_DATA,Exact field/instrument verified; definition versioned; time coverage confirmed; missingness quantified; construct validity assessed,Do not code unavailable as absent; preserve UNKNOWN/NOT_MEASURED; predefine imputation/sensitivity in SAP,Use approved pseudonymous keys in TRE where applicable; never use direct identifiers in analysis layer,source_id; dataset/version; field name; collection date; transformation; codebook citation; hash/query,Temporal precedence or association alone does not establish causation,UNVERIFIED_FIELD_AVAILABILITY
SEL-032,"Selection, disclosure and reverse-causation falsifiers",Policy/media shock exposure date relative to individual trajectory,Exposure/Calendar-time confounder,TEMPORAL_NUMERIC,timestamp,Repeated,public corpus + participant,DS001;DS003;DS004;DS014;DS015,DS018;DS019;DS020,MIXED_ACCESS;OPEN_AGGREGATE;RESTRICTED_COHORT;RESTRICTED_TRE,SPECIAL_CATEGORY_OR_HIGH_SENSITIVITY,YES_IF_PRIMARY_PARTICIPANT_DATA,Exact field/instrument verified; definition versioned; time coverage confirmed; missingness quantified; construct validity assessed,Do not code unavailable as absent; preserve UNKNOWN/NOT_MEASURED; predefine imputation/sensitivity in SAP,Use approved pseudonymous keys in TRE where applicable; never use direct identifiers in analysis layer,source_id; dataset/version; field name; collection date; transformation; codebook citation; hash/query,Temporal precedence or association alone does not establish causation,UNVERIFIED_FIELD_AVAILABILITY
SEL-033,"Selection, disclosure and reverse-causation falsifiers",Negative-control content exposure,Negative control exposure,TEMPORAL_NUMERIC,dose/timestamp,Repeated,platform data,DS001;DS003;DS004;DS014;DS015,DS018;DS019;DS020,MIXED_ACCESS;OPEN_AGGREGATE;RESTRICTED_COHORT;RESTRICTED_TRE,SPECIAL_CATEGORY_OR_HIGH_SENSITIVITY,NO_IF_VALID_SECONDARY_LEGAL_GATEWAY,Exact field/instrument verified; definition versioned; time coverage confirmed; missingness quantified; construct validity assessed,Do not code unavailable as absent; preserve UNKNOWN/NOT_MEASURED; predefine imputation/sensitivity in SAP,Use approved pseudonymous keys in TRE where applicable; never use direct identifiers in analysis layer,source_id; dataset/version; field name; collection date; transformation; codebook citation; hash/query,Temporal precedence or association alone does not establish causation,UNVERIFIED_FIELD_AVAILABILITY
SEL-034,"Selection, disclosure and reverse-causation falsifiers",Negative-control outcome unrelated to hypothesised mechanism,Negative control outcome,MIXED_OR_SOURCE_SPECIFIC,outcome-specific,Follow-up,EHR/study,DS001;DS003;DS004;DS014;DS015,DS018;DS019;DS020,MIXED_ACCESS;OPEN_AGGREGATE;RESTRICTED_COHORT;RESTRICTED_TRE,SPECIAL_CATEGORY_OR_HIGH_SENSITIVITY,NO_IF_VALID_SECONDARY_LEGAL_GATEWAY,Exact field/instrument verified; definition versioned; time coverage confirmed; missingness quantified; construct validity assessed,Do not code unavailable as absent; preserve UNKNOWN/NOT_MEASURED; predefine imputation/sensitivity in SAP,Use approved pseudonymous keys in TRE where applicable; never use direct identifiers in analysis layer,source_id; dataset/version; field name; collection date; transformation; codebook citation; hash/query,Temporal precedence or association alone does not establish causation,UNVERIFIED_FIELD_AVAILABILITY
SEL-035,"Selection, disclosure and reverse-causation falsifiers",Pre-exposure preference for particular clinical interpretation or treatment,Confounder/Selection factor,NUMERIC_OR_SCALE,scale/categorical,Baseline,participant,DS001;DS003;DS004;DS014;DS015,DS018;DS019;DS020,MIXED_ACCESS;OPEN_AGGREGATE;RESTRICTED_COHORT;RESTRICTED_TRE,SPECIAL_CATEGORY_OR_HIGH_SENSITIVITY,YES_IF_PRIMARY_PARTICIPANT_DATA,Exact field/instrument verified; definition versioned; time coverage confirmed; missingness quantified; construct validity assessed,Do not code unavailable as absent; preserve UNKNOWN/NOT_MEASURED; predefine imputation/sensitivity in SAP,Use approved pseudonymous keys in TRE where applicable; never use direct identifiers in analysis layer,source_id; dataset/version; field name; collection date; transformation; codebook citation; hash/query,Temporal precedence or association alone does not establish causation,UNVERIFIED_FIELD_AVAILABILITY
SEL-036,"Selection, disclosure and reverse-causation falsifiers",Time-varying probability of algorithmic recommendation conditional on prior searches,Selection factor/Exposure model,TEMPORAL_NUMERIC,probability,Repeated,platform data,DS001;DS003;DS004;DS014;DS015,DS018;DS019;DS020,MIXED_ACCESS;OPEN_AGGREGATE;RESTRICTED_COHORT;RESTRICTED_TRE,SPECIAL_CATEGORY_OR_HIGH_SENSITIVITY,NO_IF_VALID_SECONDARY_LEGAL_GATEWAY,Exact field/instrument verified; definition versioned; time coverage confirmed; missingness quantified; construct validity assessed,Do not code unavailable as absent; preserve UNKNOWN/NOT_MEASURED; predefine imputation/sensitivity in SAP,Use approved pseudonymous keys in TRE where applicable; never use direct identifiers in analysis layer,source_id; dataset/version; field name; collection date; transformation; codebook citation; hash/query,Temporal precedence or association alone does not establish causation,UNVERIFIED_FIELD_AVAILABILITY
